"sf__Id","sf__Error","Id","Status"
"1pgVY000000003DYAQ","INVALID_OR_NULL_FOR_RESTRICTED_PICKLIST:Status: bad value for restricted picklist field: Cancelled:Status --","1pgVY000000003DYAQ","Cancelled"
"1pgVY000000003EYAQ","INVALID_OR_NULL_FOR_RESTRICTED_PICKLIST:Status: bad value for restricted picklist field: Cancelled:Status --","1pgVY000000003EYAQ","Cancelled"
"1pgVY000000003FYAQ","INVALID_OR_NULL_FOR_RESTRICTED_PICKLIST:Status: bad value for restricted picklist field: Cancelled:Status --","1pgVY000000003FYAQ","Cancelled"
"1pgVY000000003GYAQ","INVALID_OR_NULL_FOR_RESTRICTED_PICKLIST:Status: bad value for restricted picklist field: Cancelled:Status --","1pgVY000000003GYAQ","Cancelled"
"1pgVY000000003HYAQ","INVALID_OR_NULL_FOR_RESTRICTED_PICKLIST:Status: bad value for restricted picklist field: Cancelled:Status --","1pgVY000000003HYAQ","Cancelled"
"1pgVY000000003IYAQ","INVALID_OR_NULL_FOR_RESTRICTED_PICKLIST:Status: bad value for restricted picklist field: Cancelled:Status --","1pgVY000000003IYAQ","Cancelled"
"1pgVY000000003JYAQ","INVALID_OR_NULL_FOR_RESTRICTED_PICKLIST:Status: bad value for restricted picklist field: Cancelled:Status --","1pgVY000000003JYAQ","Cancelled"
"1pgVY000000003KYAQ","INVALID_OR_NULL_FOR_RESTRICTED_PICKLIST:Status: bad value for restricted picklist field: Cancelled:Status --","1pgVY000000003KYAQ","Cancelled"
"1pgVY000000003LYAQ","INVALID_OR_NULL_FOR_RESTRICTED_PICKLIST:Status: bad value for restricted picklist field: Cancelled:Status --","1pgVY000000003LYAQ","Cancelled"
"1pgVY000000003MYAQ","INVALID_OR_NULL_FOR_RESTRICTED_PICKLIST:Status: bad value for restricted picklist field: Cancelled:Status --","1pgVY000000003MYAQ","Cancelled"
"1pgVY000000003NYAQ","INVALID_OR_NULL_FOR_RESTRICTED_PICKLIST:Status: bad value for restricted picklist field: Cancelled:Status --","1pgVY000000003NYAQ","Cancelled"
"1pgVY000000003OYAQ","INVALID_OR_NULL_FOR_RESTRICTED_PICKLIST:Status: bad value for restricted picklist field: Cancelled:Status --","1pgVY000000003OYAQ","Cancelled"
"1pgVY000000003PYAQ","INVALID_OR_NULL_FOR_RESTRICTED_PICKLIST:Status: bad value for restricted picklist field: Cancelled:Status --","1pgVY000000003PYAQ","Cancelled"
"1pgVY000000003QYAQ","INVALID_OR_NULL_FOR_RESTRICTED_PICKLIST:Status: bad value for restricted picklist field: Cancelled:Status --","1pgVY000000003QYAQ","Cancelled"
"1pgVY000000003RYAQ","INVALID_OR_NULL_FOR_RESTRICTED_PICKLIST:Status: bad value for restricted picklist field: Cancelled:Status --","1pgVY000000003RYAQ","Cancelled"
"1pgVY000000003SYAQ","INVALID_OR_NULL_FOR_RESTRICTED_PICKLIST:Status: bad value for restricted picklist field: Cancelled:Status --","1pgVY000000003SYAQ","Cancelled"
"1pgVY000000003TYAQ","INVALID_OR_NULL_FOR_RESTRICTED_PICKLIST:Status: bad value for restricted picklist field: Cancelled:Status --","1pgVY000000003TYAQ","Cancelled"
"1pgVY000000003UYAQ","INVALID_OR_NULL_FOR_RESTRICTED_PICKLIST:Status: bad value for restricted picklist field: Cancelled:Status --","1pgVY000000003UYAQ","Cancelled"
"1pgVY000000003VYAQ","INVALID_OR_NULL_FOR_RESTRICTED_PICKLIST:Status: bad value for restricted picklist field: Cancelled:Status --","1pgVY000000003VYAQ","Cancelled"
"1pgVY000000003WYAQ","INVALID_OR_NULL_FOR_RESTRICTED_PICKLIST:Status: bad value for restricted picklist field: Cancelled:Status --","1pgVY000000003WYAQ","Cancelled"
"1pgVY000000003XYAQ","INVALID_OR_NULL_FOR_RESTRICTED_PICKLIST:Status: bad value for restricted picklist field: Cancelled:Status --","1pgVY000000003XYAQ","Cancelled"
"1pgVY000000003YYAQ","INVALID_OR_NULL_FOR_RESTRICTED_PICKLIST:Status: bad value for restricted picklist field: Cancelled:Status --","1pgVY000000003YYAQ","Cancelled"
"1pgVY000000003ZYAQ","INVALID_OR_NULL_FOR_RESTRICTED_PICKLIST:Status: bad value for restricted picklist field: Cancelled:Status --","1pgVY000000003ZYAQ","Cancelled"
"1pgVY000000003aYAA","INVALID_OR_NULL_FOR_RESTRICTED_PICKLIST:Status: bad value for restricted picklist field: Cancelled:Status --","1pgVY000000003aYAA","Cancelled"
"1pgVY000000003bYAA","INVALID_OR_NULL_FOR_RESTRICTED_PICKLIST:Status: bad value for restricted picklist field: Cancelled:Status --","1pgVY000000003bYAA","Cancelled"
"1pgVY000000003cYAA","INVALID_OR_NULL_FOR_RESTRICTED_PICKLIST:Status: bad value for restricted picklist field: Cancelled:Status --","1pgVY000000003cYAA","Cancelled"
"1pgVY000000003dYAA","INVALID_OR_NULL_FOR_RESTRICTED_PICKLIST:Status: bad value for restricted picklist field: Cancelled:Status --","1pgVY000000003dYAA","Cancelled"
"1pgVY000000003eYAA","INVALID_OR_NULL_FOR_RESTRICTED_PICKLIST:Status: bad value for restricted picklist field: Cancelled:Status --","1pgVY000000003eYAA","Cancelled"
"1pgVY000000003fYAA","INVALID_OR_NULL_FOR_RESTRICTED_PICKLIST:Status: bad value for restricted picklist field: Cancelled:Status --","1pgVY000000003fYAA","Cancelled"
"1pgVY000000003gYAA","INVALID_OR_NULL_FOR_RESTRICTED_PICKLIST:Status: bad value for restricted picklist field: Cancelled:Status --","1pgVY000000003gYAA","Cancelled"
"1pgVY000000003hYAA","INVALID_OR_NULL_FOR_RESTRICTED_PICKLIST:Status: bad value for restricted picklist field: Cancelled:Status --","1pgVY000000003hYAA","Cancelled"
"1pgVY000000003iYAA","INVALID_OR_NULL_FOR_RESTRICTED_PICKLIST:Status: bad value for restricted picklist field: Cancelled:Status --","1pgVY000000003iYAA","Cancelled"
"1pgVY000000003jYAA","INVALID_OR_NULL_FOR_RESTRICTED_PICKLIST:Status: bad value for restricted picklist field: Cancelled:Status --","1pgVY000000003jYAA","Cancelled"
"1pgVY000000003kYAA","INVALID_OR_NULL_FOR_RESTRICTED_PICKLIST:Status: bad value for restricted picklist field: Cancelled:Status --","1pgVY000000003kYAA","Cancelled"
"1pgVY000000003lYAA","INVALID_OR_NULL_FOR_RESTRICTED_PICKLIST:Status: bad value for restricted picklist field: Cancelled:Status --","1pgVY000000003lYAA","Cancelled"
"1pgVY000000003mYAA","INVALID_OR_NULL_FOR_RESTRICTED_PICKLIST:Status: bad value for restricted picklist field: Cancelled:Status --","1pgVY000000003mYAA","Cancelled"
"1pgVY000000003nYAA","INVALID_OR_NULL_FOR_RESTRICTED_PICKLIST:Status: bad value for restricted picklist field: Cancelled:Status --","1pgVY000000003nYAA","Cancelled"
"1pgVY000000003oYAA","INVALID_OR_NULL_FOR_RESTRICTED_PICKLIST:Status: bad value for restricted picklist field: Cancelled:Status --","1pgVY000000003oYAA","Cancelled"
"1pgVY000000003pYAA","INVALID_OR_NULL_FOR_RESTRICTED_PICKLIST:Status: bad value for restricted picklist field: Cancelled:Status --","1pgVY000000003pYAA","Cancelled"
"1pgVY000000003qYAA","INVALID_OR_NULL_FOR_RESTRICTED_PICKLIST:Status: bad value for restricted picklist field: Cancelled:Status --","1pgVY000000003qYAA","Cancelled"
"1pgVY000000003rYAA","INVALID_OR_NULL_FOR_RESTRICTED_PICKLIST:Status: bad value for restricted picklist field: Cancelled:Status --","1pgVY000000003rYAA","Cancelled"
"1pgVY000000003sYAA","INVALID_OR_NULL_FOR_RESTRICTED_PICKLIST:Status: bad value for restricted picklist field: Cancelled:Status --","1pgVY000000003sYAA","Cancelled"
"1pgVY000000003tYAA","INVALID_OR_NULL_FOR_RESTRICTED_PICKLIST:Status: bad value for restricted picklist field: Cancelled:Status --","1pgVY000000003tYAA","Cancelled"
"1pgVY000000003uYAA","INVALID_OR_NULL_FOR_RESTRICTED_PICKLIST:Status: bad value for restricted picklist field: Cancelled:Status --","1pgVY000000003uYAA","Cancelled"
"1pgVY000000003vYAA","INVALID_OR_NULL_FOR_RESTRICTED_PICKLIST:Status: bad value for restricted picklist field: Cancelled:Status --","1pgVY000000003vYAA","Cancelled"
"1pgVY000000003wYAA","INVALID_OR_NULL_FOR_RESTRICTED_PICKLIST:Status: bad value for restricted picklist field: Cancelled:Status --","1pgVY000000003wYAA","Cancelled"
"1pgVY000000003xYAA","INVALID_OR_NULL_FOR_RESTRICTED_PICKLIST:Status: bad value for restricted picklist field: Cancelled:Status --","1pgVY000000003xYAA","Cancelled"
"1pgVY000000003yYAA","INVALID_OR_NULL_FOR_RESTRICTED_PICKLIST:Status: bad value for restricted picklist field: Cancelled:Status --","1pgVY000000003yYAA","Cancelled"
"1pgVY000000003zYAA","INVALID_OR_NULL_FOR_RESTRICTED_PICKLIST:Status: bad value for restricted picklist field: Cancelled:Status --","1pgVY000000003zYAA","Cancelled"
"1pgVY0000000040YAA","INVALID_OR_NULL_FOR_RESTRICTED_PICKLIST:Status: bad value for restricted picklist field: Cancelled:Status --","1pgVY0000000040YAA","Cancelled"
"1pgVY0000000041YAA","INVALID_OR_NULL_FOR_RESTRICTED_PICKLIST:Status: bad value for restricted picklist field: Cancelled:Status --","1pgVY0000000041YAA","Cancelled"
"1pgVY0000000042YAA","INVALID_OR_NULL_FOR_RESTRICTED_PICKLIST:Status: bad value for restricted picklist field: Cancelled:Status --","1pgVY0000000042YAA","Cancelled"
"1pgVY0000000043YAA","INVALID_OR_NULL_FOR_RESTRICTED_PICKLIST:Status: bad value for restricted picklist field: Cancelled:Status --","1pgVY0000000043YAA","Cancelled"
"1pgVY0000000044YAA","INVALID_OR_NULL_FOR_RESTRICTED_PICKLIST:Status: bad value for restricted picklist field: Cancelled:Status --","1pgVY0000000044YAA","Cancelled"
"1pgVY0000000045YAA","INVALID_OR_NULL_FOR_RESTRICTED_PICKLIST:Status: bad value for restricted picklist field: Cancelled:Status --","1pgVY0000000045YAA","Cancelled"
"1pgVY0000000046YAA","INVALID_OR_NULL_FOR_RESTRICTED_PICKLIST:Status: bad value for restricted picklist field: Cancelled:Status --","1pgVY0000000046YAA","Cancelled"
"1pgVY0000000047YAA","INVALID_OR_NULL_FOR_RESTRICTED_PICKLIST:Status: bad value for restricted picklist field: Cancelled:Status --","1pgVY0000000047YAA","Cancelled"
"1pgVY0000000048YAA","INVALID_OR_NULL_FOR_RESTRICTED_PICKLIST:Status: bad value for restricted picklist field: Cancelled:Status --","1pgVY0000000048YAA","Cancelled"
"1pgVY0000000049YAA","INVALID_OR_NULL_FOR_RESTRICTED_PICKLIST:Status: bad value for restricted picklist field: Cancelled:Status --","1pgVY0000000049YAA","Cancelled"
"1pgVY000000004AYAQ","INVALID_OR_NULL_FOR_RESTRICTED_PICKLIST:Status: bad value for restricted picklist field: Cancelled:Status --","1pgVY000000004AYAQ","Cancelled"
"1pgVY000000004BYAQ","INVALID_OR_NULL_FOR_RESTRICTED_PICKLIST:Status: bad value for restricted picklist field: Cancelled:Status --","1pgVY000000004BYAQ","Cancelled"
"1pgVY000000004CYAQ","INVALID_OR_NULL_FOR_RESTRICTED_PICKLIST:Status: bad value for restricted picklist field: Cancelled:Status --","1pgVY000000004CYAQ","Cancelled"
"1pgVY000000004DYAQ","INVALID_OR_NULL_FOR_RESTRICTED_PICKLIST:Status: bad value for restricted picklist field: Cancelled:Status --","1pgVY000000004DYAQ","Cancelled"
"1pgVY000000004EYAQ","INVALID_OR_NULL_FOR_RESTRICTED_PICKLIST:Status: bad value for restricted picklist field: Cancelled:Status --","1pgVY000000004EYAQ","Cancelled"
"1pgVY000000004FYAQ","INVALID_OR_NULL_FOR_RESTRICTED_PICKLIST:Status: bad value for restricted picklist field: Cancelled:Status --","1pgVY000000004FYAQ","Cancelled"
"1pgVY000000004GYAQ","INVALID_OR_NULL_FOR_RESTRICTED_PICKLIST:Status: bad value for restricted picklist field: Cancelled:Status --","1pgVY000000004GYAQ","Cancelled"
"1pgVY000000004HYAQ","INVALID_OR_NULL_FOR_RESTRICTED_PICKLIST:Status: bad value for restricted picklist field: Cancelled:Status --","1pgVY000000004HYAQ","Cancelled"
"1pgVY000000004IYAQ","INVALID_OR_NULL_FOR_RESTRICTED_PICKLIST:Status: bad value for restricted picklist field: Cancelled:Status --","1pgVY000000004IYAQ","Cancelled"
"1pgVY000000004JYAQ","INVALID_OR_NULL_FOR_RESTRICTED_PICKLIST:Status: bad value for restricted picklist field: Cancelled:Status --","1pgVY000000004JYAQ","Cancelled"
"1pgVY000000004KYAQ","INVALID_OR_NULL_FOR_RESTRICTED_PICKLIST:Status: bad value for restricted picklist field: Cancelled:Status --","1pgVY000000004KYAQ","Cancelled"
"1pgVY000000004LYAQ","INVALID_OR_NULL_FOR_RESTRICTED_PICKLIST:Status: bad value for restricted picklist field: Cancelled:Status --","1pgVY000000004LYAQ","Cancelled"
"1pgVY000000004MYAQ","INVALID_OR_NULL_FOR_RESTRICTED_PICKLIST:Status: bad value for restricted picklist field: Cancelled:Status --","1pgVY000000004MYAQ","Cancelled"
"1pgVY000000004NYAQ","INVALID_OR_NULL_FOR_RESTRICTED_PICKLIST:Status: bad value for restricted picklist field: Cancelled:Status --","1pgVY000000004NYAQ","Cancelled"
"1pgVY000000004OYAQ","INVALID_OR_NULL_FOR_RESTRICTED_PICKLIST:Status: bad value for restricted picklist field: Cancelled:Status --","1pgVY000000004OYAQ","Cancelled"
"1pgVY000000004PYAQ","INVALID_OR_NULL_FOR_RESTRICTED_PICKLIST:Status: bad value for restricted picklist field: Cancelled:Status --","1pgVY000000004PYAQ","Cancelled"
"1pgVY000000004QYAQ","INVALID_OR_NULL_FOR_RESTRICTED_PICKLIST:Status: bad value for restricted picklist field: Cancelled:Status --","1pgVY000000004QYAQ","Cancelled"
"1pgVY000000004RYAQ","INVALID_OR_NULL_FOR_RESTRICTED_PICKLIST:Status: bad value for restricted picklist field: Cancelled:Status --","1pgVY000000004RYAQ","Cancelled"
"1pgVY000000004SYAQ","INVALID_OR_NULL_FOR_RESTRICTED_PICKLIST:Status: bad value for restricted picklist field: Cancelled:Status --","1pgVY000000004SYAQ","Cancelled"
"1pgVY000000004TYAQ","INVALID_OR_NULL_FOR_RESTRICTED_PICKLIST:Status: bad value for restricted picklist field: Cancelled:Status --","1pgVY000000004TYAQ","Cancelled"
"1pgVY000000004UYAQ","INVALID_OR_NULL_FOR_RESTRICTED_PICKLIST:Status: bad value for restricted picklist field: Cancelled:Status --","1pgVY000000004UYAQ","Cancelled"
"1pgVY000000004VYAQ","INVALID_OR_NULL_FOR_RESTRICTED_PICKLIST:Status: bad value for restricted picklist field: Cancelled:Status --","1pgVY000000004VYAQ","Cancelled"
"1pgVY000000004WYAQ","INVALID_OR_NULL_FOR_RESTRICTED_PICKLIST:Status: bad value for restricted picklist field: Cancelled:Status --","1pgVY000000004WYAQ","Cancelled"
"1pgVY000000004XYAQ","INVALID_OR_NULL_FOR_RESTRICTED_PICKLIST:Status: bad value for restricted picklist field: Cancelled:Status --","1pgVY000000004XYAQ","Cancelled"
"1pgVY000000004YYAQ","INVALID_OR_NULL_FOR_RESTRICTED_PICKLIST:Status: bad value for restricted picklist field: Cancelled:Status --","1pgVY000000004YYAQ","Cancelled"
"1pgVY000000004ZYAQ","INVALID_OR_NULL_FOR_RESTRICTED_PICKLIST:Status: bad value for restricted picklist field: Cancelled:Status --","1pgVY000000004ZYAQ","Cancelled"
"1pgVY000000004aYAA","INVALID_OR_NULL_FOR_RESTRICTED_PICKLIST:Status: bad value for restricted picklist field: Cancelled:Status --","1pgVY000000004aYAA","Cancelled"
"1pgVY000000004bYAA","INVALID_OR_NULL_FOR_RESTRICTED_PICKLIST:Status: bad value for restricted picklist field: Cancelled:Status --","1pgVY000000004bYAA","Cancelled"
"1pgVY000000004cYAA","INVALID_OR_NULL_FOR_RESTRICTED_PICKLIST:Status: bad value for restricted picklist field: Cancelled:Status --","1pgVY000000004cYAA","Cancelled"
"1pgVY000000004dYAA","INVALID_OR_NULL_FOR_RESTRICTED_PICKLIST:Status: bad value for restricted picklist field: Cancelled:Status --","1pgVY000000004dYAA","Cancelled"
"1pgVY000000004eYAA","INVALID_OR_NULL_FOR_RESTRICTED_PICKLIST:Status: bad value for restricted picklist field: Cancelled:Status --","1pgVY000000004eYAA","Cancelled"
"1pgVY000000004fYAA","INVALID_OR_NULL_FOR_RESTRICTED_PICKLIST:Status: bad value for restricted picklist field: Cancelled:Status --","1pgVY000000004fYAA","Cancelled"
"1pgVY000000004gYAA","INVALID_OR_NULL_FOR_RESTRICTED_PICKLIST:Status: bad value for restricted picklist field: Cancelled:Status --","1pgVY000000004gYAA","Cancelled"
"1pgVY000000004hYAA","INVALID_OR_NULL_FOR_RESTRICTED_PICKLIST:Status: bad value for restricted picklist field: Cancelled:Status --","1pgVY000000004hYAA","Cancelled"
"1pgVY000000004iYAA","INVALID_OR_NULL_FOR_RESTRICTED_PICKLIST:Status: bad value for restricted picklist field: Cancelled:Status --","1pgVY000000004iYAA","Cancelled"
"1pgVY000000004jYAA","INVALID_OR_NULL_FOR_RESTRICTED_PICKLIST:Status: bad value for restricted picklist field: Cancelled:Status --","1pgVY000000004jYAA","Cancelled"
"1pgVY000000004kYAA","INVALID_OR_NULL_FOR_RESTRICTED_PICKLIST:Status: bad value for restricted picklist field: Cancelled:Status --","1pgVY000000004kYAA","Cancelled"
"1pgVY000000004lYAA","INVALID_OR_NULL_FOR_RESTRICTED_PICKLIST:Status: bad value for restricted picklist field: Cancelled:Status --","1pgVY000000004lYAA","Cancelled"
"1pgVY000000004mYAA","INVALID_OR_NULL_FOR_RESTRICTED_PICKLIST:Status: bad value for restricted picklist field: Cancelled:Status --","1pgVY000000004mYAA","Cancelled"
"1pgVY000000004nYAA","INVALID_OR_NULL_FOR_RESTRICTED_PICKLIST:Status: bad value for restricted picklist field: Cancelled:Status --","1pgVY000000004nYAA","Cancelled"
"1pgVY000000004oYAA","INVALID_OR_NULL_FOR_RESTRICTED_PICKLIST:Status: bad value for restricted picklist field: Cancelled:Status --","1pgVY000000004oYAA","Cancelled"
"1pgVY000000004pYAA","INVALID_OR_NULL_FOR_RESTRICTED_PICKLIST:Status: bad value for restricted picklist field: Cancelled:Status --","1pgVY000000004pYAA","Cancelled"
"1pgVY000000004qYAA","INVALID_OR_NULL_FOR_RESTRICTED_PICKLIST:Status: bad value for restricted picklist field: Cancelled:Status --","1pgVY000000004qYAA","Cancelled"
"1pgVY000000004rYAA","INVALID_OR_NULL_FOR_RESTRICTED_PICKLIST:Status: bad value for restricted picklist field: Cancelled:Status --","1pgVY000000004rYAA","Cancelled"
"1pgVY000000004sYAA","INVALID_OR_NULL_FOR_RESTRICTED_PICKLIST:Status: bad value for restricted picklist field: Cancelled:Status --","1pgVY000000004sYAA","Cancelled"
"1pgVY000000004tYAA","INVALID_OR_NULL_FOR_RESTRICTED_PICKLIST:Status: bad value for restricted picklist field: Cancelled:Status --","1pgVY000000004tYAA","Cancelled"
"1pgVY000000004uYAA","INVALID_OR_NULL_FOR_RESTRICTED_PICKLIST:Status: bad value for restricted picklist field: Cancelled:Status --","1pgVY000000004uYAA","Cancelled"
"1pgVY000000004vYAA","INVALID_OR_NULL_FOR_RESTRICTED_PICKLIST:Status: bad value for restricted picklist field: Cancelled:Status --","1pgVY000000004vYAA","Cancelled"
"1pgVY000000004wYAA","INVALID_OR_NULL_FOR_RESTRICTED_PICKLIST:Status: bad value for restricted picklist field: Cancelled:Status --","1pgVY000000004wYAA","Cancelled"
"1pgVY000000004xYAA","INVALID_OR_NULL_FOR_RESTRICTED_PICKLIST:Status: bad value for restricted picklist field: Cancelled:Status --","1pgVY000000004xYAA","Cancelled"
"1pgVY000000004yYAA","INVALID_OR_NULL_FOR_RESTRICTED_PICKLIST:Status: bad value for restricted picklist field: Cancelled:Status --","1pgVY000000004yYAA","Cancelled"
"1pgVY000000004zYAA","INVALID_OR_NULL_FOR_RESTRICTED_PICKLIST:Status: bad value for restricted picklist field: Cancelled:Status --","1pgVY000000004zYAA","Cancelled"
"1pgVY0000000050YAA","INVALID_OR_NULL_FOR_RESTRICTED_PICKLIST:Status: bad value for restricted picklist field: Cancelled:Status --","1pgVY0000000050YAA","Cancelled"
"1pgVY0000000051YAA","INVALID_OR_NULL_FOR_RESTRICTED_PICKLIST:Status: bad value for restricted picklist field: Cancelled:Status --","1pgVY0000000051YAA","Cancelled"
"1pgVY0000000052YAA","INVALID_OR_NULL_FOR_RESTRICTED_PICKLIST:Status: bad value for restricted picklist field: Cancelled:Status --","1pgVY0000000052YAA","Cancelled"
"1pgVY0000000053YAA","INVALID_OR_NULL_FOR_RESTRICTED_PICKLIST:Status: bad value for restricted picklist field: Cancelled:Status --","1pgVY0000000053YAA","Cancelled"
"1pgVY0000000054YAA","INVALID_OR_NULL_FOR_RESTRICTED_PICKLIST:Status: bad value for restricted picklist field: Cancelled:Status --","1pgVY0000000054YAA","Cancelled"
"1pgVY0000000055YAA","INVALID_OR_NULL_FOR_RESTRICTED_PICKLIST:Status: bad value for restricted picklist field: Cancelled:Status --","1pgVY0000000055YAA","Cancelled"
"1pgVY0000000056YAA","INVALID_OR_NULL_FOR_RESTRICTED_PICKLIST:Status: bad value for restricted picklist field: Cancelled:Status --","1pgVY0000000056YAA","Cancelled"
"1pgVY0000000057YAA","INVALID_OR_NULL_FOR_RESTRICTED_PICKLIST:Status: bad value for restricted picklist field: Cancelled:Status --","1pgVY0000000057YAA","Cancelled"
"1pgVY0000000058YAA","INVALID_OR_NULL_FOR_RESTRICTED_PICKLIST:Status: bad value for restricted picklist field: Cancelled:Status --","1pgVY0000000058YAA","Cancelled"
"1pgVY0000000059YAA","INVALID_OR_NULL_FOR_RESTRICTED_PICKLIST:Status: bad value for restricted picklist field: Cancelled:Status --","1pgVY0000000059YAA","Cancelled"
"1pgVY000000005AYAQ","INVALID_OR_NULL_FOR_RESTRICTED_PICKLIST:Status: bad value for restricted picklist field: Cancelled:Status --","1pgVY000000005AYAQ","Cancelled"
"1pgVY000000005BYAQ","INVALID_OR_NULL_FOR_RESTRICTED_PICKLIST:Status: bad value for restricted picklist field: Cancelled:Status --","1pgVY000000005BYAQ","Cancelled"
"1pgVY000000005CYAQ","INVALID_OR_NULL_FOR_RESTRICTED_PICKLIST:Status: bad value for restricted picklist field: Cancelled:Status --","1pgVY000000005CYAQ","Cancelled"
"1pgVY000000005DYAQ","INVALID_OR_NULL_FOR_RESTRICTED_PICKLIST:Status: bad value for restricted picklist field: Cancelled:Status --","1pgVY000000005DYAQ","Cancelled"
"1pgVY000000005EYAQ","INVALID_OR_NULL_FOR_RESTRICTED_PICKLIST:Status: bad value for restricted picklist field: Cancelled:Status --","1pgVY000000005EYAQ","Cancelled"
"1pgVY000000005FYAQ","INVALID_OR_NULL_FOR_RESTRICTED_PICKLIST:Status: bad value for restricted picklist field: Cancelled:Status --","1pgVY000000005FYAQ","Cancelled"
"1pgVY000000005GYAQ","INVALID_OR_NULL_FOR_RESTRICTED_PICKLIST:Status: bad value for restricted picklist field: Cancelled:Status --","1pgVY000000005GYAQ","Cancelled"
"1pgVY000000005HYAQ","INVALID_OR_NULL_FOR_RESTRICTED_PICKLIST:Status: bad value for restricted picklist field: Cancelled:Status --","1pgVY000000005HYAQ","Cancelled"
"1pgVY000000005IYAQ","INVALID_OR_NULL_FOR_RESTRICTED_PICKLIST:Status: bad value for restricted picklist field: Cancelled:Status --","1pgVY000000005IYAQ","Cancelled"
"1pgVY000000005JYAQ","INVALID_OR_NULL_FOR_RESTRICTED_PICKLIST:Status: bad value for restricted picklist field: Cancelled:Status --","1pgVY000000005JYAQ","Cancelled"
"1pgVY000000005KYAQ","INVALID_OR_NULL_FOR_RESTRICTED_PICKLIST:Status: bad value for restricted picklist field: Cancelled:Status --","1pgVY000000005KYAQ","Cancelled"
"1pgVY000000005LYAQ","INVALID_OR_NULL_FOR_RESTRICTED_PICKLIST:Status: bad value for restricted picklist field: Cancelled:Status --","1pgVY000000005LYAQ","Cancelled"
"1pgVY000000005MYAQ","INVALID_OR_NULL_FOR_RESTRICTED_PICKLIST:Status: bad value for restricted picklist field: Cancelled:Status --","1pgVY000000005MYAQ","Cancelled"
"1pgVY000000005NYAQ","INVALID_OR_NULL_FOR_RESTRICTED_PICKLIST:Status: bad value for restricted picklist field: Cancelled:Status --","1pgVY000000005NYAQ","Cancelled"
"1pgVY000000005OYAQ","INVALID_OR_NULL_FOR_RESTRICTED_PICKLIST:Status: bad value for restricted picklist field: Cancelled:Status --","1pgVY000000005OYAQ","Cancelled"
"1pgVY000000005PYAQ","INVALID_OR_NULL_FOR_RESTRICTED_PICKLIST:Status: bad value for restricted picklist field: Cancelled:Status --","1pgVY000000005PYAQ","Cancelled"
"1pgVY000000005QYAQ","INVALID_OR_NULL_FOR_RESTRICTED_PICKLIST:Status: bad value for restricted picklist field: Cancelled:Status --","1pgVY000000005QYAQ","Cancelled"
"1pgVY000000005RYAQ","INVALID_OR_NULL_FOR_RESTRICTED_PICKLIST:Status: bad value for restricted picklist field: Cancelled:Status --","1pgVY000000005RYAQ","Cancelled"
"1pgVY000000005SYAQ","INVALID_OR_NULL_FOR_RESTRICTED_PICKLIST:Status: bad value for restricted picklist field: Cancelled:Status --","1pgVY000000005SYAQ","Cancelled"
"1pgVY000000005TYAQ","INVALID_OR_NULL_FOR_RESTRICTED_PICKLIST:Status: bad value for restricted picklist field: Cancelled:Status --","1pgVY000000005TYAQ","Cancelled"
"1pgVY000000005UYAQ","INVALID_OR_NULL_FOR_RESTRICTED_PICKLIST:Status: bad value for restricted picklist field: Cancelled:Status --","1pgVY000000005UYAQ","Cancelled"
"1pgVY000000005VYAQ","INVALID_OR_NULL_FOR_RESTRICTED_PICKLIST:Status: bad value for restricted picklist field: Cancelled:Status --","1pgVY000000005VYAQ","Cancelled"
"1pgVY000000005WYAQ","INVALID_OR_NULL_FOR_RESTRICTED_PICKLIST:Status: bad value for restricted picklist field: Cancelled:Status --","1pgVY000000005WYAQ","Cancelled"
"1pgVY000000005XYAQ","INVALID_OR_NULL_FOR_RESTRICTED_PICKLIST:Status: bad value for restricted picklist field: Cancelled:Status --","1pgVY000000005XYAQ","Cancelled"
"1pgVY000000005YYAQ","INVALID_OR_NULL_FOR_RESTRICTED_PICKLIST:Status: bad value for restricted picklist field: Cancelled:Status --","1pgVY000000005YYAQ","Cancelled"
"1pgVY000000005ZYAQ","INVALID_OR_NULL_FOR_RESTRICTED_PICKLIST:Status: bad value for restricted picklist field: Cancelled:Status --","1pgVY000000005ZYAQ","Cancelled"
"1pgVY000000005aYAA","INVALID_OR_NULL_FOR_RESTRICTED_PICKLIST:Status: bad value for restricted picklist field: Cancelled:Status --","1pgVY000000005aYAA","Cancelled"
"1pgVY000000005bYAA","INVALID_OR_NULL_FOR_RESTRICTED_PICKLIST:Status: bad value for restricted picklist field: Cancelled:Status --","1pgVY000000005bYAA","Cancelled"
"1pgVY000000005cYAA","INVALID_OR_NULL_FOR_RESTRICTED_PICKLIST:Status: bad value for restricted picklist field: Cancelled:Status --","1pgVY000000005cYAA","Cancelled"
"1pgVY000000005dYAA","INVALID_OR_NULL_FOR_RESTRICTED_PICKLIST:Status: bad value for restricted picklist field: Cancelled:Status --","1pgVY000000005dYAA","Cancelled"
"1pgVY000000005eYAA","INVALID_OR_NULL_FOR_RESTRICTED_PICKLIST:Status: bad value for restricted picklist field: Cancelled:Status --","1pgVY000000005eYAA","Cancelled"
"1pgVY000000005fYAA","INVALID_OR_NULL_FOR_RESTRICTED_PICKLIST:Status: bad value for restricted picklist field: Cancelled:Status --","1pgVY000000005fYAA","Cancelled"
"1pgVY000000005gYAA","INVALID_OR_NULL_FOR_RESTRICTED_PICKLIST:Status: bad value for restricted picklist field: Cancelled:Status --","1pgVY000000005gYAA","Cancelled"
"1pgVY000000005hYAA","INVALID_OR_NULL_FOR_RESTRICTED_PICKLIST:Status: bad value for restricted picklist field: Cancelled:Status --","1pgVY000000005hYAA","Cancelled"
"1pgVY000000005iYAA","INVALID_OR_NULL_FOR_RESTRICTED_PICKLIST:Status: bad value for restricted picklist field: Cancelled:Status --","1pgVY000000005iYAA","Cancelled"
"1pgVY000000005jYAA","INVALID_OR_NULL_FOR_RESTRICTED_PICKLIST:Status: bad value for restricted picklist field: Cancelled:Status --","1pgVY000000005jYAA","Cancelled"
"1pgVY000000005kYAA","INVALID_OR_NULL_FOR_RESTRICTED_PICKLIST:Status: bad value for restricted picklist field: Cancelled:Status --","1pgVY000000005kYAA","Cancelled"
"1pgVY000000005lYAA","INVALID_OR_NULL_FOR_RESTRICTED_PICKLIST:Status: bad value for restricted picklist field: Cancelled:Status --","1pgVY000000005lYAA","Cancelled"
"1pgVY000000005mYAA","INVALID_OR_NULL_FOR_RESTRICTED_PICKLIST:Status: bad value for restricted picklist field: Cancelled:Status --","1pgVY000000005mYAA","Cancelled"
"1pgVY000000005nYAA","INVALID_OR_NULL_FOR_RESTRICTED_PICKLIST:Status: bad value for restricted picklist field: Cancelled:Status --","1pgVY000000005nYAA","Cancelled"
"1pgVY000000005oYAA","INVALID_OR_NULL_FOR_RESTRICTED_PICKLIST:Status: bad value for restricted picklist field: Cancelled:Status --","1pgVY000000005oYAA","Cancelled"
"1pgVY000000005pYAA","INVALID_OR_NULL_FOR_RESTRICTED_PICKLIST:Status: bad value for restricted picklist field: Cancelled:Status --","1pgVY000000005pYAA","Cancelled"
"1pgVY000000005qYAA","INVALID_OR_NULL_FOR_RESTRICTED_PICKLIST:Status: bad value for restricted picklist field: Cancelled:Status --","1pgVY000000005qYAA","Cancelled"
"1pgVY000000005rYAA","INVALID_OR_NULL_FOR_RESTRICTED_PICKLIST:Status: bad value for restricted picklist field: Cancelled:Status --","1pgVY000000005rYAA","Cancelled"
"1pgVY000000005sYAA","INVALID_OR_NULL_FOR_RESTRICTED_PICKLIST:Status: bad value for restricted picklist field: Cancelled:Status --","1pgVY000000005sYAA","Cancelled"
"1pgVY000000005tYAA","INVALID_OR_NULL_FOR_RESTRICTED_PICKLIST:Status: bad value for restricted picklist field: Cancelled:Status --","1pgVY000000005tYAA","Cancelled"
"1pgVY000000005uYAA","INVALID_OR_NULL_FOR_RESTRICTED_PICKLIST:Status: bad value for restricted picklist field: Cancelled:Status --","1pgVY000000005uYAA","Cancelled"
"1pgVY000000005vYAA","INVALID_OR_NULL_FOR_RESTRICTED_PICKLIST:Status: bad value for restricted picklist field: Cancelled:Status --","1pgVY000000005vYAA","Cancelled"
"1pgVY000000005wYAA","INVALID_OR_NULL_FOR_RESTRICTED_PICKLIST:Status: bad value for restricted picklist field: Cancelled:Status --","1pgVY000000005wYAA","Cancelled"
"1pgVY000000005xYAA","INVALID_OR_NULL_FOR_RESTRICTED_PICKLIST:Status: bad value for restricted picklist field: Cancelled:Status --","1pgVY000000005xYAA","Cancelled"
"1pgVY000000005yYAA","INVALID_OR_NULL_FOR_RESTRICTED_PICKLIST:Status: bad value for restricted picklist field: Cancelled:Status --","1pgVY000000005yYAA","Cancelled"
"1pgVY000000005zYAA","INVALID_OR_NULL_FOR_RESTRICTED_PICKLIST:Status: bad value for restricted picklist field: Cancelled:Status --","1pgVY000000005zYAA","Cancelled"
"1pgVY0000000060YAA","INVALID_OR_NULL_FOR_RESTRICTED_PICKLIST:Status: bad value for restricted picklist field: Cancelled:Status --","1pgVY0000000060YAA","Cancelled"
"1pgVY0000000061YAA","INVALID_OR_NULL_FOR_RESTRICTED_PICKLIST:Status: bad value for restricted picklist field: Cancelled:Status --","1pgVY0000000061YAA","Cancelled"
"1pgVY0000000062YAA","INVALID_OR_NULL_FOR_RESTRICTED_PICKLIST:Status: bad value for restricted picklist field: Cancelled:Status --","1pgVY0000000062YAA","Cancelled"
"1pgVY0000000063YAA","INVALID_OR_NULL_FOR_RESTRICTED_PICKLIST:Status: bad value for restricted picklist field: Cancelled:Status --","1pgVY0000000063YAA","Cancelled"
"1pgVY0000000064YAA","INVALID_OR_NULL_FOR_RESTRICTED_PICKLIST:Status: bad value for restricted picklist field: Cancelled:Status --","1pgVY0000000064YAA","Cancelled"
"1pgVY0000000065YAA","INVALID_OR_NULL_FOR_RESTRICTED_PICKLIST:Status: bad value for restricted picklist field: Cancelled:Status --","1pgVY0000000065YAA","Cancelled"
"1pgVY0000000066YAA","INVALID_OR_NULL_FOR_RESTRICTED_PICKLIST:Status: bad value for restricted picklist field: Cancelled:Status --","1pgVY0000000066YAA","Cancelled"
"1pgVY0000000067YAA","INVALID_OR_NULL_FOR_RESTRICTED_PICKLIST:Status: bad value for restricted picklist field: Cancelled:Status --","1pgVY0000000067YAA","Cancelled"
"1pgVY0000000068YAA","INVALID_OR_NULL_FOR_RESTRICTED_PICKLIST:Status: bad value for restricted picklist field: Cancelled:Status --","1pgVY0000000068YAA","Cancelled"
"1pgVY0000000069YAA","INVALID_OR_NULL_FOR_RESTRICTED_PICKLIST:Status: bad value for restricted picklist field: Cancelled:Status --","1pgVY0000000069YAA","Cancelled"
"1pgVY000000006AYAQ","INVALID_OR_NULL_FOR_RESTRICTED_PICKLIST:Status: bad value for restricted picklist field: Cancelled:Status --","1pgVY000000006AYAQ","Cancelled"
"1pgVY000000006BYAQ","INVALID_OR_NULL_FOR_RESTRICTED_PICKLIST:Status: bad value for restricted picklist field: Cancelled:Status --","1pgVY000000006BYAQ","Cancelled"
"1pgVY000000006CYAQ","INVALID_OR_NULL_FOR_RESTRICTED_PICKLIST:Status: bad value for restricted picklist field: Cancelled:Status --","1pgVY000000006CYAQ","Cancelled"
"1pgVY000000006DYAQ","INVALID_OR_NULL_FOR_RESTRICTED_PICKLIST:Status: bad value for restricted picklist field: Cancelled:Status --","1pgVY000000006DYAQ","Cancelled"
"1pgVY000000006EYAQ","INVALID_OR_NULL_FOR_RESTRICTED_PICKLIST:Status: bad value for restricted picklist field: Cancelled:Status --","1pgVY000000006EYAQ","Cancelled"
"1pgVY000000006FYAQ","INVALID_OR_NULL_FOR_RESTRICTED_PICKLIST:Status: bad value for restricted picklist field: Cancelled:Status --","1pgVY000000006FYAQ","Cancelled"
"1pgVY000000006GYAQ","INVALID_OR_NULL_FOR_RESTRICTED_PICKLIST:Status: bad value for restricted picklist field: Cancelled:Status --","1pgVY000000006GYAQ","Cancelled"
"1pgVY000000006HYAQ","INVALID_OR_NULL_FOR_RESTRICTED_PICKLIST:Status: bad value for restricted picklist field: Cancelled:Status --","1pgVY000000006HYAQ","Cancelled"
"1pgVY000000006IYAQ","INVALID_OR_NULL_FOR_RESTRICTED_PICKLIST:Status: bad value for restricted picklist field: Cancelled:Status --","1pgVY000000006IYAQ","Cancelled"
"1pgVY000000006JYAQ","INVALID_OR_NULL_FOR_RESTRICTED_PICKLIST:Status: bad value for restricted picklist field: Cancelled:Status --","1pgVY000000006JYAQ","Cancelled"
"1pgVY000000006KYAQ","INVALID_OR_NULL_FOR_RESTRICTED_PICKLIST:Status: bad value for restricted picklist field: Cancelled:Status --","1pgVY000000006KYAQ","Cancelled"
"1pgVY000000006LYAQ","INVALID_OR_NULL_FOR_RESTRICTED_PICKLIST:Status: bad value for restricted picklist field: Cancelled:Status --","1pgVY000000006LYAQ","Cancelled"
"1pgVY000000006MYAQ","INVALID_OR_NULL_FOR_RESTRICTED_PICKLIST:Status: bad value for restricted picklist field: Cancelled:Status --","1pgVY000000006MYAQ","Cancelled"
"1pgVY000000006NYAQ","INVALID_OR_NULL_FOR_RESTRICTED_PICKLIST:Status: bad value for restricted picklist field: Cancelled:Status --","1pgVY000000006NYAQ","Cancelled"
"1pgVY000000006OYAQ","INVALID_OR_NULL_FOR_RESTRICTED_PICKLIST:Status: bad value for restricted picklist field: Cancelled:Status --","1pgVY000000006OYAQ","Cancelled"
"1pgVY000000009gYAA","INVALID_OR_NULL_FOR_RESTRICTED_PICKLIST:Status: bad value for restricted picklist field: Cancelled:Status --","1pgVY000000009gYAA","Cancelled"
"1pgVY000000009hYAA","INVALID_OR_NULL_FOR_RESTRICTED_PICKLIST:Status: bad value for restricted picklist field: Cancelled:Status --","1pgVY000000009hYAA","Cancelled"
"1pgVY000000009iYAA","INVALID_OR_NULL_FOR_RESTRICTED_PICKLIST:Status: bad value for restricted picklist field: Cancelled:Status --","1pgVY000000009iYAA","Cancelled"
"1pgVY000000009jYAA","INVALID_OR_NULL_FOR_RESTRICTED_PICKLIST:Status: bad value for restricted picklist field: Cancelled:Status --","1pgVY000000009jYAA","Cancelled"
"1pgVY000000009kYAA","INVALID_OR_NULL_FOR_RESTRICTED_PICKLIST:Status: bad value for restricted picklist field: Cancelled:Status --","1pgVY000000009kYAA","Cancelled"
"1pgVY000000009lYAA","INVALID_OR_NULL_FOR_RESTRICTED_PICKLIST:Status: bad value for restricted picklist field: Cancelled:Status --","1pgVY000000009lYAA","Cancelled"
"1pgVY000000009mYAA","INVALID_OR_NULL_FOR_RESTRICTED_PICKLIST:Status: bad value for restricted picklist field: Cancelled:Status --","1pgVY000000009mYAA","Cancelled"
"1pgVY000000009nYAA","INVALID_OR_NULL_FOR_RESTRICTED_PICKLIST:Status: bad value for restricted picklist field: Cancelled:Status --","1pgVY000000009nYAA","Cancelled"
"1pgVY000000009oYAA","INVALID_OR_NULL_FOR_RESTRICTED_PICKLIST:Status: bad value for restricted picklist field: Cancelled:Status --","1pgVY000000009oYAA","Cancelled"
"1pgVY000000009pYAA","INVALID_OR_NULL_FOR_RESTRICTED_PICKLIST:Status: bad value for restricted picklist field: Cancelled:Status --","1pgVY000000009pYAA","Cancelled"
"1pgVY000000009qYAA","INVALID_OR_NULL_FOR_RESTRICTED_PICKLIST:Status: bad value for restricted picklist field: Cancelled:Status --","1pgVY000000009qYAA","Cancelled"
"1pgVY000000009rYAA","INVALID_OR_NULL_FOR_RESTRICTED_PICKLIST:Status: bad value for restricted picklist field: Cancelled:Status --","1pgVY000000009rYAA","Cancelled"
"1pgVY000000009sYAA","INVALID_OR_NULL_FOR_RESTRICTED_PICKLIST:Status: bad value for restricted picklist field: Cancelled:Status --","1pgVY000000009sYAA","Cancelled"
"1pgVY000000009tYAA","INVALID_OR_NULL_FOR_RESTRICTED_PICKLIST:Status: bad value for restricted picklist field: Cancelled:Status --","1pgVY000000009tYAA","Cancelled"
"1pgVY000000009uYAA","INVALID_OR_NULL_FOR_RESTRICTED_PICKLIST:Status: bad value for restricted picklist field: Cancelled:Status --","1pgVY000000009uYAA","Cancelled"
"1pgVY000000009vYAA","INVALID_OR_NULL_FOR_RESTRICTED_PICKLIST:Status: bad value for restricted picklist field: Cancelled:Status --","1pgVY000000009vYAA","Cancelled"
"1pgVY000000009wYAA","INVALID_OR_NULL_FOR_RESTRICTED_PICKLIST:Status: bad value for restricted picklist field: Cancelled:Status --","1pgVY000000009wYAA","Cancelled"
"1pgVY000000009xYAA","INVALID_OR_NULL_FOR_RESTRICTED_PICKLIST:Status: bad value for restricted picklist field: Cancelled:Status --","1pgVY000000009xYAA","Cancelled"
"1pgVY000000009yYAA","INVALID_OR_NULL_FOR_RESTRICTED_PICKLIST:Status: bad value for restricted picklist field: Cancelled:Status --","1pgVY000000009yYAA","Cancelled"
"1pgVY000000009zYAA","INVALID_OR_NULL_FOR_RESTRICTED_PICKLIST:Status: bad value for restricted picklist field: Cancelled:Status --","1pgVY000000009zYAA","Cancelled"
"1pgVY00000000A0YAI","INVALID_OR_NULL_FOR_RESTRICTED_PICKLIST:Status: bad value for restricted picklist field: Cancelled:Status --","1pgVY00000000A0YAI","Cancelled"
"1pgVY00000000A1YAI","INVALID_OR_NULL_FOR_RESTRICTED_PICKLIST:Status: bad value for restricted picklist field: Cancelled:Status --","1pgVY00000000A1YAI","Cancelled"
"1pgVY00000000A2YAI","INVALID_OR_NULL_FOR_RESTRICTED_PICKLIST:Status: bad value for restricted picklist field: Cancelled:Status --","1pgVY00000000A2YAI","Cancelled"
"1pgVY00000000A3YAI","INVALID_OR_NULL_FOR_RESTRICTED_PICKLIST:Status: bad value for restricted picklist field: Cancelled:Status --","1pgVY00000000A3YAI","Cancelled"
"1pgVY00000000A4YAI","INVALID_OR_NULL_FOR_RESTRICTED_PICKLIST:Status: bad value for restricted picklist field: Cancelled:Status --","1pgVY00000000A4YAI","Cancelled"
"1pgVY00000000A5YAI","INVALID_OR_NULL_FOR_RESTRICTED_PICKLIST:Status: bad value for restricted picklist field: Cancelled:Status --","1pgVY00000000A5YAI","Cancelled"
"1pgVY00000000A6YAI","INVALID_OR_NULL_FOR_RESTRICTED_PICKLIST:Status: bad value for restricted picklist field: Cancelled:Status --","1pgVY00000000A6YAI","Cancelled"
"1pgVY00000000A7YAI","INVALID_OR_NULL_FOR_RESTRICTED_PICKLIST:Status: bad value for restricted picklist field: Cancelled:Status --","1pgVY00000000A7YAI","Cancelled"
"1pgVY00000000A8YAI","INVALID_OR_NULL_FOR_RESTRICTED_PICKLIST:Status: bad value for restricted picklist field: Cancelled:Status --","1pgVY00000000A8YAI","Cancelled"
"1pgVY00000000A9YAI","INVALID_OR_NULL_FOR_RESTRICTED_PICKLIST:Status: bad value for restricted picklist field: Cancelled:Status --","1pgVY00000000A9YAI","Cancelled"
"1pgVY00000000AAYAY","INVALID_OR_NULL_FOR_RESTRICTED_PICKLIST:Status: bad value for restricted picklist field: Cancelled:Status --","1pgVY00000000AAYAY","Cancelled"
"1pgVY00000000ABYAY","INVALID_OR_NULL_FOR_RESTRICTED_PICKLIST:Status: bad value for restricted picklist field: Cancelled:Status --","1pgVY00000000ABYAY","Cancelled"
"1pgVY00000000ACYAY","INVALID_OR_NULL_FOR_RESTRICTED_PICKLIST:Status: bad value for restricted picklist field: Cancelled:Status --","1pgVY00000000ACYAY","Cancelled"
"1pgVY00000000ADYAY","INVALID_OR_NULL_FOR_RESTRICTED_PICKLIST:Status: bad value for restricted picklist field: Cancelled:Status --","1pgVY00000000ADYAY","Cancelled"
"1pgVY00000000AEYAY","INVALID_OR_NULL_FOR_RESTRICTED_PICKLIST:Status: bad value for restricted picklist field: Cancelled:Status --","1pgVY00000000AEYAY","Cancelled"
"1pgVY00000000AFYAY","INVALID_OR_NULL_FOR_RESTRICTED_PICKLIST:Status: bad value for restricted picklist field: Cancelled:Status --","1pgVY00000000AFYAY","Cancelled"
"1pgVY00000000AGYAY","INVALID_OR_NULL_FOR_RESTRICTED_PICKLIST:Status: bad value for restricted picklist field: Cancelled:Status --","1pgVY00000000AGYAY","Cancelled"
"1pgVY00000000AHYAY","INVALID_OR_NULL_FOR_RESTRICTED_PICKLIST:Status: bad value for restricted picklist field: Cancelled:Status --","1pgVY00000000AHYAY","Cancelled"
"1pgVY00000000AIYAY","INVALID_OR_NULL_FOR_RESTRICTED_PICKLIST:Status: bad value for restricted picklist field: Cancelled:Status --","1pgVY00000000AIYAY","Cancelled"
"1pgVY00000000AJYAY","INVALID_OR_NULL_FOR_RESTRICTED_PICKLIST:Status: bad value for restricted picklist field: Cancelled:Status --","1pgVY00000000AJYAY","Cancelled"
"1pgVY00000000AKYAY","INVALID_OR_NULL_FOR_RESTRICTED_PICKLIST:Status: bad value for restricted picklist field: Cancelled:Status --","1pgVY00000000AKYAY","Cancelled"
"1pgVY00000000ALYAY","INVALID_OR_NULL_FOR_RESTRICTED_PICKLIST:Status: bad value for restricted picklist field: Cancelled:Status --","1pgVY00000000ALYAY","Cancelled"
"1pgVY00000000AMYAY","INVALID_OR_NULL_FOR_RESTRICTED_PICKLIST:Status: bad value for restricted picklist field: Cancelled:Status --","1pgVY00000000AMYAY","Cancelled"
"1pgVY00000000ANYAY","INVALID_OR_NULL_FOR_RESTRICTED_PICKLIST:Status: bad value for restricted picklist field: Cancelled:Status --","1pgVY00000000ANYAY","Cancelled"
"1pgVY00000000AOYAY","INVALID_OR_NULL_FOR_RESTRICTED_PICKLIST:Status: bad value for restricted picklist field: Cancelled:Status --","1pgVY00000000AOYAY","Cancelled"
"1pgVY00000000APYAY","INVALID_OR_NULL_FOR_RESTRICTED_PICKLIST:Status: bad value for restricted picklist field: Cancelled:Status --","1pgVY00000000APYAY","Cancelled"
"1pgVY00000000AQYAY","INVALID_OR_NULL_FOR_RESTRICTED_PICKLIST:Status: bad value for restricted picklist field: Cancelled:Status --","1pgVY00000000AQYAY","Cancelled"
"1pgVY00000000ARYAY","INVALID_OR_NULL_FOR_RESTRICTED_PICKLIST:Status: bad value for restricted picklist field: Cancelled:Status --","1pgVY00000000ARYAY","Cancelled"
"1pgVY00000000ASYAY","INVALID_OR_NULL_FOR_RESTRICTED_PICKLIST:Status: bad value for restricted picklist field: Cancelled:Status --","1pgVY00000000ASYAY","Cancelled"
"1pgVY00000000ATYAY","INVALID_OR_NULL_FOR_RESTRICTED_PICKLIST:Status: bad value for restricted picklist field: Cancelled:Status --","1pgVY00000000ATYAY","Cancelled"
"1pgVY00000000AUYAY","INVALID_OR_NULL_FOR_RESTRICTED_PICKLIST:Status: bad value for restricted picklist field: Cancelled:Status --","1pgVY00000000AUYAY","Cancelled"
"1pgVY00000000AVYAY","INVALID_OR_NULL_FOR_RESTRICTED_PICKLIST:Status: bad value for restricted picklist field: Cancelled:Status --","1pgVY00000000AVYAY","Cancelled"
"1pgVY00000000AWYAY","INVALID_OR_NULL_FOR_RESTRICTED_PICKLIST:Status: bad value for restricted picklist field: Cancelled:Status --","1pgVY00000000AWYAY","Cancelled"
"1pgVY00000000AXYAY","INVALID_OR_NULL_FOR_RESTRICTED_PICKLIST:Status: bad value for restricted picklist field: Cancelled:Status --","1pgVY00000000AXYAY","Cancelled"
"1pgVY00000000AYYAY","INVALID_OR_NULL_FOR_RESTRICTED_PICKLIST:Status: bad value for restricted picklist field: Cancelled:Status --","1pgVY00000000AYYAY","Cancelled"
"1pgVY00000000AZYAY","INVALID_OR_NULL_FOR_RESTRICTED_PICKLIST:Status: bad value for restricted picklist field: Cancelled:Status --","1pgVY00000000AZYAY","Cancelled"
"1pgVY00000000AaYAI","INVALID_OR_NULL_FOR_RESTRICTED_PICKLIST:Status: bad value for restricted picklist field: Cancelled:Status --","1pgVY00000000AaYAI","Cancelled"
"1pgVY00000000AbYAI","INVALID_OR_NULL_FOR_RESTRICTED_PICKLIST:Status: bad value for restricted picklist field: Cancelled:Status --","1pgVY00000000AbYAI","Cancelled"
"1pgVY00000000AcYAI","INVALID_OR_NULL_FOR_RESTRICTED_PICKLIST:Status: bad value for restricted picklist field: Cancelled:Status --","1pgVY00000000AcYAI","Cancelled"
"1pgVY00000000AdYAI","INVALID_OR_NULL_FOR_RESTRICTED_PICKLIST:Status: bad value for restricted picklist field: Cancelled:Status --","1pgVY00000000AdYAI","Cancelled"
"1pgVY00000000AeYAI","INVALID_OR_NULL_FOR_RESTRICTED_PICKLIST:Status: bad value for restricted picklist field: Cancelled:Status --","1pgVY00000000AeYAI","Cancelled"
"1pgVY00000000AfYAI","INVALID_OR_NULL_FOR_RESTRICTED_PICKLIST:Status: bad value for restricted picklist field: Cancelled:Status --","1pgVY00000000AfYAI","Cancelled"
"1pgVY00000000AgYAI","INVALID_OR_NULL_FOR_RESTRICTED_PICKLIST:Status: bad value for restricted picklist field: Cancelled:Status --","1pgVY00000000AgYAI","Cancelled"
"1pgVY00000000AhYAI","INVALID_OR_NULL_FOR_RESTRICTED_PICKLIST:Status: bad value for restricted picklist field: Cancelled:Status --","1pgVY00000000AhYAI","Cancelled"
"1pgVY00000000AiYAI","INVALID_OR_NULL_FOR_RESTRICTED_PICKLIST:Status: bad value for restricted picklist field: Cancelled:Status --","1pgVY00000000AiYAI","Cancelled"
"1pgVY00000000AjYAI","INVALID_OR_NULL_FOR_RESTRICTED_PICKLIST:Status: bad value for restricted picklist field: Cancelled:Status --","1pgVY00000000AjYAI","Cancelled"
"1pgVY00000000AkYAI","INVALID_OR_NULL_FOR_RESTRICTED_PICKLIST:Status: bad value for restricted picklist field: Cancelled:Status --","1pgVY00000000AkYAI","Cancelled"
"1pgVY00000000AlYAI","INVALID_OR_NULL_FOR_RESTRICTED_PICKLIST:Status: bad value for restricted picklist field: Cancelled:Status --","1pgVY00000000AlYAI","Cancelled"
"1pgVY00000000AmYAI","INVALID_OR_NULL_FOR_RESTRICTED_PICKLIST:Status: bad value for restricted picklist field: Cancelled:Status --","1pgVY00000000AmYAI","Cancelled"
"1pgVY00000000AnYAI","INVALID_OR_NULL_FOR_RESTRICTED_PICKLIST:Status: bad value for restricted picklist field: Cancelled:Status --","1pgVY00000000AnYAI","Cancelled"
"1pgVY00000000AoYAI","INVALID_OR_NULL_FOR_RESTRICTED_PICKLIST:Status: bad value for restricted picklist field: Cancelled:Status --","1pgVY00000000AoYAI","Cancelled"
"1pgVY00000000ApYAI","INVALID_OR_NULL_FOR_RESTRICTED_PICKLIST:Status: bad value for restricted picklist field: Cancelled:Status --","1pgVY00000000ApYAI","Cancelled"
"1pgVY00000000AqYAI","INVALID_OR_NULL_FOR_RESTRICTED_PICKLIST:Status: bad value for restricted picklist field: Cancelled:Status --","1pgVY00000000AqYAI","Cancelled"
"1pgVY00000000ArYAI","INVALID_OR_NULL_FOR_RESTRICTED_PICKLIST:Status: bad value for restricted picklist field: Cancelled:Status --","1pgVY00000000ArYAI","Cancelled"
"1pgVY00000000AsYAI","INVALID_OR_NULL_FOR_RESTRICTED_PICKLIST:Status: bad value for restricted picklist field: Cancelled:Status --","1pgVY00000000AsYAI","Cancelled"
"1pgVY00000000AtYAI","INVALID_OR_NULL_FOR_RESTRICTED_PICKLIST:Status: bad value for restricted picklist field: Cancelled:Status --","1pgVY00000000AtYAI","Cancelled"
"1pgVY00000000AuYAI","INVALID_OR_NULL_FOR_RESTRICTED_PICKLIST:Status: bad value for restricted picklist field: Cancelled:Status --","1pgVY00000000AuYAI","Cancelled"
"1pgVY00000000AvYAI","INVALID_OR_NULL_FOR_RESTRICTED_PICKLIST:Status: bad value for restricted picklist field: Cancelled:Status --","1pgVY00000000AvYAI","Cancelled"
"1pgVY00000000AwYAI","INVALID_OR_NULL_FOR_RESTRICTED_PICKLIST:Status: bad value for restricted picklist field: Cancelled:Status --","1pgVY00000000AwYAI","Cancelled"
"1pgVY00000000AxYAI","INVALID_OR_NULL_FOR_RESTRICTED_PICKLIST:Status: bad value for restricted picklist field: Cancelled:Status --","1pgVY00000000AxYAI","Cancelled"
"1pgVY00000000AyYAI","INVALID_OR_NULL_FOR_RESTRICTED_PICKLIST:Status: bad value for restricted picklist field: Cancelled:Status --","1pgVY00000000AyYAI","Cancelled"
"1pgVY00000000AzYAI","INVALID_OR_NULL_FOR_RESTRICTED_PICKLIST:Status: bad value for restricted picklist field: Cancelled:Status --","1pgVY00000000AzYAI","Cancelled"
"1pgVY00000000B0YAI","INVALID_OR_NULL_FOR_RESTRICTED_PICKLIST:Status: bad value for restricted picklist field: Cancelled:Status --","1pgVY00000000B0YAI","Cancelled"
"1pgVY00000000B1YAI","INVALID_OR_NULL_FOR_RESTRICTED_PICKLIST:Status: bad value for restricted picklist field: Cancelled:Status --","1pgVY00000000B1YAI","Cancelled"
"1pgVY00000000B2YAI","INVALID_OR_NULL_FOR_RESTRICTED_PICKLIST:Status: bad value for restricted picklist field: Cancelled:Status --","1pgVY00000000B2YAI","Cancelled"
"1pgVY00000000B3YAI","INVALID_OR_NULL_FOR_RESTRICTED_PICKLIST:Status: bad value for restricted picklist field: Cancelled:Status --","1pgVY00000000B3YAI","Cancelled"
"1pgVY00000000B4YAI","INVALID_OR_NULL_FOR_RESTRICTED_PICKLIST:Status: bad value for restricted picklist field: Cancelled:Status --","1pgVY00000000B4YAI","Cancelled"
"1pgVY00000000B5YAI","INVALID_OR_NULL_FOR_RESTRICTED_PICKLIST:Status: bad value for restricted picklist field: Cancelled:Status --","1pgVY00000000B5YAI","Cancelled"
"1pgVY00000000B6YAI","INVALID_OR_NULL_FOR_RESTRICTED_PICKLIST:Status: bad value for restricted picklist field: Cancelled:Status --","1pgVY00000000B6YAI","Cancelled"
"1pgVY00000000B7YAI","INVALID_OR_NULL_FOR_RESTRICTED_PICKLIST:Status: bad value for restricted picklist field: Cancelled:Status --","1pgVY00000000B7YAI","Cancelled"
"1pgVY00000000B8YAI","INVALID_OR_NULL_FOR_RESTRICTED_PICKLIST:Status: bad value for restricted picklist field: Cancelled:Status --","1pgVY00000000B8YAI","Cancelled"
"1pgVY00000000B9YAI","INVALID_OR_NULL_FOR_RESTRICTED_PICKLIST:Status: bad value for restricted picklist field: Cancelled:Status --","1pgVY00000000B9YAI","Cancelled"
"1pgVY00000000BAYAY","INVALID_OR_NULL_FOR_RESTRICTED_PICKLIST:Status: bad value for restricted picklist field: Cancelled:Status --","1pgVY00000000BAYAY","Cancelled"
"1pgVY00000000BBYAY","INVALID_OR_NULL_FOR_RESTRICTED_PICKLIST:Status: bad value for restricted picklist field: Cancelled:Status --","1pgVY00000000BBYAY","Cancelled"
"1pgVY00000000BCYAY","INVALID_OR_NULL_FOR_RESTRICTED_PICKLIST:Status: bad value for restricted picklist field: Cancelled:Status --","1pgVY00000000BCYAY","Cancelled"
"1pgVY00000000BDYAY","INVALID_OR_NULL_FOR_RESTRICTED_PICKLIST:Status: bad value for restricted picklist field: Cancelled:Status --","1pgVY00000000BDYAY","Cancelled"
"1pgVY00000000BEYAY","INVALID_OR_NULL_FOR_RESTRICTED_PICKLIST:Status: bad value for restricted picklist field: Cancelled:Status --","1pgVY00000000BEYAY","Cancelled"
"1pgVY00000000BFYAY","INVALID_OR_NULL_FOR_RESTRICTED_PICKLIST:Status: bad value for restricted picklist field: Cancelled:Status --","1pgVY00000000BFYAY","Cancelled"
"1pgVY00000000BGYAY","INVALID_OR_NULL_FOR_RESTRICTED_PICKLIST:Status: bad value for restricted picklist field: Cancelled:Status --","1pgVY00000000BGYAY","Cancelled"
"1pgVY00000000BHYAY","INVALID_OR_NULL_FOR_RESTRICTED_PICKLIST:Status: bad value for restricted picklist field: Cancelled:Status --","1pgVY00000000BHYAY","Cancelled"
"1pgVY00000000BIYAY","INVALID_OR_NULL_FOR_RESTRICTED_PICKLIST:Status: bad value for restricted picklist field: Cancelled:Status --","1pgVY00000000BIYAY","Cancelled"
"1pgVY00000000BJYAY","INVALID_OR_NULL_FOR_RESTRICTED_PICKLIST:Status: bad value for restricted picklist field: Cancelled:Status --","1pgVY00000000BJYAY","Cancelled"
"1pgVY00000000BKYAY","INVALID_OR_NULL_FOR_RESTRICTED_PICKLIST:Status: bad value for restricted picklist field: Cancelled:Status --","1pgVY00000000BKYAY","Cancelled"
"1pgVY00000000BLYAY","INVALID_OR_NULL_FOR_RESTRICTED_PICKLIST:Status: bad value for restricted picklist field: Cancelled:Status --","1pgVY00000000BLYAY","Cancelled"
"1pgVY00000000BMYAY","INVALID_OR_NULL_FOR_RESTRICTED_PICKLIST:Status: bad value for restricted picklist field: Cancelled:Status --","1pgVY00000000BMYAY","Cancelled"
"1pgVY00000000BNYAY","INVALID_OR_NULL_FOR_RESTRICTED_PICKLIST:Status: bad value for restricted picklist field: Cancelled:Status --","1pgVY00000000BNYAY","Cancelled"
"1pgVY00000000BOYAY","INVALID_OR_NULL_FOR_RESTRICTED_PICKLIST:Status: bad value for restricted picklist field: Cancelled:Status --","1pgVY00000000BOYAY","Cancelled"
"1pgVY00000000BPYAY","INVALID_OR_NULL_FOR_RESTRICTED_PICKLIST:Status: bad value for restricted picklist field: Cancelled:Status --","1pgVY00000000BPYAY","Cancelled"
"1pgVY00000000BQYAY","INVALID_OR_NULL_FOR_RESTRICTED_PICKLIST:Status: bad value for restricted picklist field: Cancelled:Status --","1pgVY00000000BQYAY","Cancelled"
"1pgVY00000000BRYAY","INVALID_OR_NULL_FOR_RESTRICTED_PICKLIST:Status: bad value for restricted picklist field: Cancelled:Status --","1pgVY00000000BRYAY","Cancelled"
"1pgVY00000000BSYAY","INVALID_OR_NULL_FOR_RESTRICTED_PICKLIST:Status: bad value for restricted picklist field: Cancelled:Status --","1pgVY00000000BSYAY","Cancelled"
"1pgVY00000000BTYAY","INVALID_OR_NULL_FOR_RESTRICTED_PICKLIST:Status: bad value for restricted picklist field: Cancelled:Status --","1pgVY00000000BTYAY","Cancelled"
"1pgVY00000000BUYAY","INVALID_OR_NULL_FOR_RESTRICTED_PICKLIST:Status: bad value for restricted picklist field: Cancelled:Status --","1pgVY00000000BUYAY","Cancelled"
"1pgVY00000000BVYAY","INVALID_OR_NULL_FOR_RESTRICTED_PICKLIST:Status: bad value for restricted picklist field: Cancelled:Status --","1pgVY00000000BVYAY","Cancelled"
"1pgVY00000000BWYAY","INVALID_OR_NULL_FOR_RESTRICTED_PICKLIST:Status: bad value for restricted picklist field: Cancelled:Status --","1pgVY00000000BWYAY","Cancelled"
"1pgVY00000000BXYAY","INVALID_OR_NULL_FOR_RESTRICTED_PICKLIST:Status: bad value for restricted picklist field: Cancelled:Status --","1pgVY00000000BXYAY","Cancelled"
"1pgVY00000000BYYAY","INVALID_OR_NULL_FOR_RESTRICTED_PICKLIST:Status: bad value for restricted picklist field: Cancelled:Status --","1pgVY00000000BYYAY","Cancelled"
"1pgVY00000000BZYAY","INVALID_OR_NULL_FOR_RESTRICTED_PICKLIST:Status: bad value for restricted picklist field: Cancelled:Status --","1pgVY00000000BZYAY","Cancelled"
"1pgVY00000000BaYAI","INVALID_OR_NULL_FOR_RESTRICTED_PICKLIST:Status: bad value for restricted picklist field: Cancelled:Status --","1pgVY00000000BaYAI","Cancelled"
"1pgVY00000000BbYAI","INVALID_OR_NULL_FOR_RESTRICTED_PICKLIST:Status: bad value for restricted picklist field: Cancelled:Status --","1pgVY00000000BbYAI","Cancelled"
"1pgVY00000000BcYAI","INVALID_OR_NULL_FOR_RESTRICTED_PICKLIST:Status: bad value for restricted picklist field: Cancelled:Status --","1pgVY00000000BcYAI","Cancelled"
"1pgVY00000000BdYAI","INVALID_OR_NULL_FOR_RESTRICTED_PICKLIST:Status: bad value for restricted picklist field: Cancelled:Status --","1pgVY00000000BdYAI","Cancelled"
"1pgVY00000000BeYAI","INVALID_OR_NULL_FOR_RESTRICTED_PICKLIST:Status: bad value for restricted picklist field: Cancelled:Status --","1pgVY00000000BeYAI","Cancelled"
"1pgVY00000000BfYAI","INVALID_OR_NULL_FOR_RESTRICTED_PICKLIST:Status: bad value for restricted picklist field: Cancelled:Status --","1pgVY00000000BfYAI","Cancelled"
"1pgVY00000000BgYAI","INVALID_OR_NULL_FOR_RESTRICTED_PICKLIST:Status: bad value for restricted picklist field: Cancelled:Status --","1pgVY00000000BgYAI","Cancelled"
"1pgVY00000000BhYAI","INVALID_OR_NULL_FOR_RESTRICTED_PICKLIST:Status: bad value for restricted picklist field: Cancelled:Status --","1pgVY00000000BhYAI","Cancelled"
"1pgVY00000000BiYAI","INVALID_OR_NULL_FOR_RESTRICTED_PICKLIST:Status: bad value for restricted picklist field: Cancelled:Status --","1pgVY00000000BiYAI","Cancelled"
"1pgVY00000000BjYAI","INVALID_OR_NULL_FOR_RESTRICTED_PICKLIST:Status: bad value for restricted picklist field: Cancelled:Status --","1pgVY00000000BjYAI","Cancelled"
"1pgVY00000000BkYAI","INVALID_OR_NULL_FOR_RESTRICTED_PICKLIST:Status: bad value for restricted picklist field: Cancelled:Status --","1pgVY00000000BkYAI","Cancelled"
"1pgVY00000000BlYAI","INVALID_OR_NULL_FOR_RESTRICTED_PICKLIST:Status: bad value for restricted picklist field: Cancelled:Status --","1pgVY00000000BlYAI","Cancelled"
"1pgVY00000000BmYAI","INVALID_OR_NULL_FOR_RESTRICTED_PICKLIST:Status: bad value for restricted picklist field: Cancelled:Status --","1pgVY00000000BmYAI","Cancelled"
"1pgVY00000000BnYAI","INVALID_OR_NULL_FOR_RESTRICTED_PICKLIST:Status: bad value for restricted picklist field: Cancelled:Status --","1pgVY00000000BnYAI","Cancelled"
"1pgVY00000000BoYAI","INVALID_OR_NULL_FOR_RESTRICTED_PICKLIST:Status: bad value for restricted picklist field: Cancelled:Status --","1pgVY00000000BoYAI","Cancelled"
"1pgVY00000000BpYAI","INVALID_OR_NULL_FOR_RESTRICTED_PICKLIST:Status: bad value for restricted picklist field: Cancelled:Status --","1pgVY00000000BpYAI","Cancelled"
"1pgVY00000000BqYAI","INVALID_OR_NULL_FOR_RESTRICTED_PICKLIST:Status: bad value for restricted picklist field: Cancelled:Status --","1pgVY00000000BqYAI","Cancelled"
"1pgVY00000000BrYAI","INVALID_OR_NULL_FOR_RESTRICTED_PICKLIST:Status: bad value for restricted picklist field: Cancelled:Status --","1pgVY00000000BrYAI","Cancelled"
"1pgVY00000000BsYAI","INVALID_OR_NULL_FOR_RESTRICTED_PICKLIST:Status: bad value for restricted picklist field: Cancelled:Status --","1pgVY00000000BsYAI","Cancelled"
"1pgVY00000000BtYAI","INVALID_OR_NULL_FOR_RESTRICTED_PICKLIST:Status: bad value for restricted picklist field: Cancelled:Status --","1pgVY00000000BtYAI","Cancelled"
"1pgVY00000000BuYAI","INVALID_OR_NULL_FOR_RESTRICTED_PICKLIST:Status: bad value for restricted picklist field: Cancelled:Status --","1pgVY00000000BuYAI","Cancelled"
"1pgVY00000000BvYAI","INVALID_OR_NULL_FOR_RESTRICTED_PICKLIST:Status: bad value for restricted picklist field: Cancelled:Status --","1pgVY00000000BvYAI","Cancelled"
"1pgVY00000000BwYAI","INVALID_OR_NULL_FOR_RESTRICTED_PICKLIST:Status: bad value for restricted picklist field: Cancelled:Status --","1pgVY00000000BwYAI","Cancelled"
"1pgVY00000000BxYAI","INVALID_OR_NULL_FOR_RESTRICTED_PICKLIST:Status: bad value for restricted picklist field: Cancelled:Status --","1pgVY00000000BxYAI","Cancelled"
"1pgVY00000000ByYAI","INVALID_OR_NULL_FOR_RESTRICTED_PICKLIST:Status: bad value for restricted picklist field: Cancelled:Status --","1pgVY00000000ByYAI","Cancelled"
"1pgVY00000000BzYAI","INVALID_OR_NULL_FOR_RESTRICTED_PICKLIST:Status: bad value for restricted picklist field: Cancelled:Status --","1pgVY00000000BzYAI","Cancelled"
"1pgVY00000000C0YAI","INVALID_OR_NULL_FOR_RESTRICTED_PICKLIST:Status: bad value for restricted picklist field: Cancelled:Status --","1pgVY00000000C0YAI","Cancelled"
"1pgVY00000000C1YAI","INVALID_OR_NULL_FOR_RESTRICTED_PICKLIST:Status: bad value for restricted picklist field: Cancelled:Status --","1pgVY00000000C1YAI","Cancelled"
"1pgVY00000000C2YAI","INVALID_OR_NULL_FOR_RESTRICTED_PICKLIST:Status: bad value for restricted picklist field: Cancelled:Status --","1pgVY00000000C2YAI","Cancelled"
"1pgVY00000000C3YAI","INVALID_OR_NULL_FOR_RESTRICTED_PICKLIST:Status: bad value for restricted picklist field: Cancelled:Status --","1pgVY00000000C3YAI","Cancelled"
"1pgVY00000000C4YAI","INVALID_OR_NULL_FOR_RESTRICTED_PICKLIST:Status: bad value for restricted picklist field: Cancelled:Status --","1pgVY00000000C4YAI","Cancelled"
"1pgVY00000000C5YAI","INVALID_OR_NULL_FOR_RESTRICTED_PICKLIST:Status: bad value for restricted picklist field: Cancelled:Status --","1pgVY00000000C5YAI","Cancelled"
"1pgVY00000000C6YAI","INVALID_OR_NULL_FOR_RESTRICTED_PICKLIST:Status: bad value for restricted picklist field: Cancelled:Status --","1pgVY00000000C6YAI","Cancelled"
"1pgVY00000000C7YAI","INVALID_OR_NULL_FOR_RESTRICTED_PICKLIST:Status: bad value for restricted picklist field: Cancelled:Status --","1pgVY00000000C7YAI","Cancelled"
"1pgVY00000000C8YAI","INVALID_OR_NULL_FOR_RESTRICTED_PICKLIST:Status: bad value for restricted picklist field: Cancelled:Status --","1pgVY00000000C8YAI","Cancelled"
"1pgVY00000000C9YAI","INVALID_OR_NULL_FOR_RESTRICTED_PICKLIST:Status: bad value for restricted picklist field: Cancelled:Status --","1pgVY00000000C9YAI","Cancelled"
"1pgVY00000000CAYAY","INVALID_OR_NULL_FOR_RESTRICTED_PICKLIST:Status: bad value for restricted picklist field: Cancelled:Status --","1pgVY00000000CAYAY","Cancelled"
"1pgVY00000000CBYAY","INVALID_OR_NULL_FOR_RESTRICTED_PICKLIST:Status: bad value for restricted picklist field: Cancelled:Status --","1pgVY00000000CBYAY","Cancelled"
"1pgVY00000000CCYAY","INVALID_OR_NULL_FOR_RESTRICTED_PICKLIST:Status: bad value for restricted picklist field: Cancelled:Status --","1pgVY00000000CCYAY","Cancelled"
"1pgVY00000000CDYAY","INVALID_OR_NULL_FOR_RESTRICTED_PICKLIST:Status: bad value for restricted picklist field: Cancelled:Status --","1pgVY00000000CDYAY","Cancelled"
"1pgVY00000000CEYAY","INVALID_OR_NULL_FOR_RESTRICTED_PICKLIST:Status: bad value for restricted picklist field: Cancelled:Status --","1pgVY00000000CEYAY","Cancelled"
"1pgVY00000000CFYAY","INVALID_OR_NULL_FOR_RESTRICTED_PICKLIST:Status: bad value for restricted picklist field: Cancelled:Status --","1pgVY00000000CFYAY","Cancelled"
"1pgVY00000000CGYAY","INVALID_OR_NULL_FOR_RESTRICTED_PICKLIST:Status: bad value for restricted picklist field: Cancelled:Status --","1pgVY00000000CGYAY","Cancelled"
"1pgVY00000000CHYAY","INVALID_OR_NULL_FOR_RESTRICTED_PICKLIST:Status: bad value for restricted picklist field: Cancelled:Status --","1pgVY00000000CHYAY","Cancelled"
"1pgVY00000000CIYAY","INVALID_OR_NULL_FOR_RESTRICTED_PICKLIST:Status: bad value for restricted picklist field: Cancelled:Status --","1pgVY00000000CIYAY","Cancelled"
"1pgVY00000000CJYAY","INVALID_OR_NULL_FOR_RESTRICTED_PICKLIST:Status: bad value for restricted picklist field: Cancelled:Status --","1pgVY00000000CJYAY","Cancelled"
"1pgVY00000000CKYAY","INVALID_OR_NULL_FOR_RESTRICTED_PICKLIST:Status: bad value for restricted picklist field: Cancelled:Status --","1pgVY00000000CKYAY","Cancelled"
"1pgVY00000000CLYAY","INVALID_OR_NULL_FOR_RESTRICTED_PICKLIST:Status: bad value for restricted picklist field: Cancelled:Status --","1pgVY00000000CLYAY","Cancelled"
"1pgVY00000000CMYAY","INVALID_OR_NULL_FOR_RESTRICTED_PICKLIST:Status: bad value for restricted picklist field: Cancelled:Status --","1pgVY00000000CMYAY","Cancelled"
"1pgVY00000000CNYAY","INVALID_OR_NULL_FOR_RESTRICTED_PICKLIST:Status: bad value for restricted picklist field: Cancelled:Status --","1pgVY00000000CNYAY","Cancelled"
"1pgVY00000000COYAY","INVALID_OR_NULL_FOR_RESTRICTED_PICKLIST:Status: bad value for restricted picklist field: Cancelled:Status --","1pgVY00000000COYAY","Cancelled"
"1pgVY00000000CPYAY","INVALID_OR_NULL_FOR_RESTRICTED_PICKLIST:Status: bad value for restricted picklist field: Cancelled:Status --","1pgVY00000000CPYAY","Cancelled"
"1pgVY00000000CQYAY","INVALID_OR_NULL_FOR_RESTRICTED_PICKLIST:Status: bad value for restricted picklist field: Cancelled:Status --","1pgVY00000000CQYAY","Cancelled"
"1pgVY00000000CRYAY","INVALID_OR_NULL_FOR_RESTRICTED_PICKLIST:Status: bad value for restricted picklist field: Cancelled:Status --","1pgVY00000000CRYAY","Cancelled"
"1pgVY00000000CSYAY","INVALID_OR_NULL_FOR_RESTRICTED_PICKLIST:Status: bad value for restricted picklist field: Cancelled:Status --","1pgVY00000000CSYAY","Cancelled"
"1pgVY00000000CTYAY","INVALID_OR_NULL_FOR_RESTRICTED_PICKLIST:Status: bad value for restricted picklist field: Cancelled:Status --","1pgVY00000000CTYAY","Cancelled"
"1pgVY00000000CUYAY","INVALID_OR_NULL_FOR_RESTRICTED_PICKLIST:Status: bad value for restricted picklist field: Cancelled:Status --","1pgVY00000000CUYAY","Cancelled"
"1pgVY00000000CVYAY","INVALID_OR_NULL_FOR_RESTRICTED_PICKLIST:Status: bad value for restricted picklist field: Cancelled:Status --","1pgVY00000000CVYAY","Cancelled"
"1pgVY00000000CWYAY","INVALID_OR_NULL_FOR_RESTRICTED_PICKLIST:Status: bad value for restricted picklist field: Cancelled:Status --","1pgVY00000000CWYAY","Cancelled"
"1pgVY00000000CXYAY","INVALID_OR_NULL_FOR_RESTRICTED_PICKLIST:Status: bad value for restricted picklist field: Cancelled:Status --","1pgVY00000000CXYAY","Cancelled"
"1pgVY00000000CYYAY","INVALID_OR_NULL_FOR_RESTRICTED_PICKLIST:Status: bad value for restricted picklist field: Cancelled:Status --","1pgVY00000000CYYAY","Cancelled"
"1pgVY00000000CZYAY","INVALID_OR_NULL_FOR_RESTRICTED_PICKLIST:Status: bad value for restricted picklist field: Cancelled:Status --","1pgVY00000000CZYAY","Cancelled"
"1pgVY00000000CaYAI","INVALID_OR_NULL_FOR_RESTRICTED_PICKLIST:Status: bad value for restricted picklist field: Cancelled:Status --","1pgVY00000000CaYAI","Cancelled"
"1pgVY00000000CbYAI","INVALID_OR_NULL_FOR_RESTRICTED_PICKLIST:Status: bad value for restricted picklist field: Cancelled:Status --","1pgVY00000000CbYAI","Cancelled"
"1pgVY00000000CcYAI","INVALID_OR_NULL_FOR_RESTRICTED_PICKLIST:Status: bad value for restricted picklist field: Cancelled:Status --","1pgVY00000000CcYAI","Cancelled"
"1pgVY00000000CdYAI","INVALID_OR_NULL_FOR_RESTRICTED_PICKLIST:Status: bad value for restricted picklist field: Cancelled:Status --","1pgVY00000000CdYAI","Cancelled"
"1pgVY00000000CeYAI","INVALID_OR_NULL_FOR_RESTRICTED_PICKLIST:Status: bad value for restricted picklist field: Cancelled:Status --","1pgVY00000000CeYAI","Cancelled"
"1pgVY00000000CfYAI","INVALID_OR_NULL_FOR_RESTRICTED_PICKLIST:Status: bad value for restricted picklist field: Cancelled:Status --","1pgVY00000000CfYAI","Cancelled"
"1pgVY00000000CgYAI","INVALID_OR_NULL_FOR_RESTRICTED_PICKLIST:Status: bad value for restricted picklist field: Cancelled:Status --","1pgVY00000000CgYAI","Cancelled"
"1pgVY00000000ChYAI","INVALID_OR_NULL_FOR_RESTRICTED_PICKLIST:Status: bad value for restricted picklist field: Cancelled:Status --","1pgVY00000000ChYAI","Cancelled"
"1pgVY00000000CiYAI","INVALID_OR_NULL_FOR_RESTRICTED_PICKLIST:Status: bad value for restricted picklist field: Cancelled:Status --","1pgVY00000000CiYAI","Cancelled"
"1pgVY00000000CjYAI","INVALID_OR_NULL_FOR_RESTRICTED_PICKLIST:Status: bad value for restricted picklist field: Cancelled:Status --","1pgVY00000000CjYAI","Cancelled"
"1pgVY00000000CkYAI","INVALID_OR_NULL_FOR_RESTRICTED_PICKLIST:Status: bad value for restricted picklist field: Cancelled:Status --","1pgVY00000000CkYAI","Cancelled"
"1pgVY00000000ClYAI","INVALID_OR_NULL_FOR_RESTRICTED_PICKLIST:Status: bad value for restricted picklist field: Cancelled:Status --","1pgVY00000000ClYAI","Cancelled"
"1pgVY00000000CmYAI","INVALID_OR_NULL_FOR_RESTRICTED_PICKLIST:Status: bad value for restricted picklist field: Cancelled:Status --","1pgVY00000000CmYAI","Cancelled"
"1pgVY00000000CnYAI","INVALID_OR_NULL_FOR_RESTRICTED_PICKLIST:Status: bad value for restricted picklist field: Cancelled:Status --","1pgVY00000000CnYAI","Cancelled"
"1pgVY00000000CoYAI","INVALID_OR_NULL_FOR_RESTRICTED_PICKLIST:Status: bad value for restricted picklist field: Cancelled:Status --","1pgVY00000000CoYAI","Cancelled"
"1pgVY00000000CpYAI","INVALID_OR_NULL_FOR_RESTRICTED_PICKLIST:Status: bad value for restricted picklist field: Cancelled:Status --","1pgVY00000000CpYAI","Cancelled"
"1pgVY00000000CqYAI","INVALID_OR_NULL_FOR_RESTRICTED_PICKLIST:Status: bad value for restricted picklist field: Cancelled:Status --","1pgVY00000000CqYAI","Cancelled"
"1pgVY00000000CrYAI","INVALID_OR_NULL_FOR_RESTRICTED_PICKLIST:Status: bad value for restricted picklist field: Cancelled:Status --","1pgVY00000000CrYAI","Cancelled"
"1pgVY00000000CsYAI","INVALID_OR_NULL_FOR_RESTRICTED_PICKLIST:Status: bad value for restricted picklist field: Cancelled:Status --","1pgVY00000000CsYAI","Cancelled"
"1pgVY00000000G5YAI","INVALID_OR_NULL_FOR_RESTRICTED_PICKLIST:Status: bad value for restricted picklist field: Cancelled:Status --","1pgVY00000000G5YAI","Cancelled"
"1pgVY00000000G6YAI","INVALID_OR_NULL_FOR_RESTRICTED_PICKLIST:Status: bad value for restricted picklist field: Cancelled:Status --","1pgVY00000000G6YAI","Cancelled"
"1pgVY00000000G7YAI","INVALID_OR_NULL_FOR_RESTRICTED_PICKLIST:Status: bad value for restricted picklist field: Cancelled:Status --","1pgVY00000000G7YAI","Cancelled"
"1pgVY00000000G8YAI","INVALID_OR_NULL_FOR_RESTRICTED_PICKLIST:Status: bad value for restricted picklist field: Cancelled:Status --","1pgVY00000000G8YAI","Cancelled"
"1pgVY00000000G9YAI","INVALID_OR_NULL_FOR_RESTRICTED_PICKLIST:Status: bad value for restricted picklist field: Cancelled:Status --","1pgVY00000000G9YAI","Cancelled"
"1pgVY00000000GAYAY","INVALID_OR_NULL_FOR_RESTRICTED_PICKLIST:Status: bad value for restricted picklist field: Cancelled:Status --","1pgVY00000000GAYAY","Cancelled"
"1pgVY00000000GBYAY","INVALID_OR_NULL_FOR_RESTRICTED_PICKLIST:Status: bad value for restricted picklist field: Cancelled:Status --","1pgVY00000000GBYAY","Cancelled"
"1pgVY00000000GCYAY","INVALID_OR_NULL_FOR_RESTRICTED_PICKLIST:Status: bad value for restricted picklist field: Cancelled:Status --","1pgVY00000000GCYAY","Cancelled"
"1pgVY00000000GDYAY","INVALID_OR_NULL_FOR_RESTRICTED_PICKLIST:Status: bad value for restricted picklist field: Cancelled:Status --","1pgVY00000000GDYAY","Cancelled"
"1pgVY00000000GEYAY","INVALID_OR_NULL_FOR_RESTRICTED_PICKLIST:Status: bad value for restricted picklist field: Cancelled:Status --","1pgVY00000000GEYAY","Cancelled"
"1pgVY00000000GFYAY","INVALID_OR_NULL_FOR_RESTRICTED_PICKLIST:Status: bad value for restricted picklist field: Cancelled:Status --","1pgVY00000000GFYAY","Cancelled"
"1pgVY00000000GGYAY","INVALID_OR_NULL_FOR_RESTRICTED_PICKLIST:Status: bad value for restricted picklist field: Cancelled:Status --","1pgVY00000000GGYAY","Cancelled"
"1pgVY00000000GHYAY","INVALID_OR_NULL_FOR_RESTRICTED_PICKLIST:Status: bad value for restricted picklist field: Cancelled:Status --","1pgVY00000000GHYAY","Cancelled"
"1pgVY00000000GIYAY","INVALID_OR_NULL_FOR_RESTRICTED_PICKLIST:Status: bad value for restricted picklist field: Cancelled:Status --","1pgVY00000000GIYAY","Cancelled"
"1pgVY00000000GJYAY","INVALID_OR_NULL_FOR_RESTRICTED_PICKLIST:Status: bad value for restricted picklist field: Cancelled:Status --","1pgVY00000000GJYAY","Cancelled"
"1pgVY00000000GKYAY","INVALID_OR_NULL_FOR_RESTRICTED_PICKLIST:Status: bad value for restricted picklist field: Cancelled:Status --","1pgVY00000000GKYAY","Cancelled"
"1pgVY00000000GLYAY","INVALID_OR_NULL_FOR_RESTRICTED_PICKLIST:Status: bad value for restricted picklist field: Cancelled:Status --","1pgVY00000000GLYAY","Cancelled"
"1pgVY00000000GMYAY","INVALID_OR_NULL_FOR_RESTRICTED_PICKLIST:Status: bad value for restricted picklist field: Cancelled:Status --","1pgVY00000000GMYAY","Cancelled"
"1pgVY00000000GNYAY","INVALID_OR_NULL_FOR_RESTRICTED_PICKLIST:Status: bad value for restricted picklist field: Cancelled:Status --","1pgVY00000000GNYAY","Cancelled"
"1pgVY00000000GOYAY","INVALID_OR_NULL_FOR_RESTRICTED_PICKLIST:Status: bad value for restricted picklist field: Cancelled:Status --","1pgVY00000000GOYAY","Cancelled"
"1pgVY00000000GPYAY","INVALID_OR_NULL_FOR_RESTRICTED_PICKLIST:Status: bad value for restricted picklist field: Cancelled:Status --","1pgVY00000000GPYAY","Cancelled"
"1pgVY00000000GQYAY","INVALID_OR_NULL_FOR_RESTRICTED_PICKLIST:Status: bad value for restricted picklist field: Cancelled:Status --","1pgVY00000000GQYAY","Cancelled"
"1pgVY00000000GRYAY","INVALID_OR_NULL_FOR_RESTRICTED_PICKLIST:Status: bad value for restricted picklist field: Cancelled:Status --","1pgVY00000000GRYAY","Cancelled"
"1pgVY00000000GSYAY","INVALID_OR_NULL_FOR_RESTRICTED_PICKLIST:Status: bad value for restricted picklist field: Cancelled:Status --","1pgVY00000000GSYAY","Cancelled"
"1pgVY00000000GTYAY","INVALID_OR_NULL_FOR_RESTRICTED_PICKLIST:Status: bad value for restricted picklist field: Cancelled:Status --","1pgVY00000000GTYAY","Cancelled"
"1pgVY00000000GUYAY","INVALID_OR_NULL_FOR_RESTRICTED_PICKLIST:Status: bad value for restricted picklist field: Cancelled:Status --","1pgVY00000000GUYAY","Cancelled"
"1pgVY00000000GVYAY","INVALID_OR_NULL_FOR_RESTRICTED_PICKLIST:Status: bad value for restricted picklist field: Cancelled:Status --","1pgVY00000000GVYAY","Cancelled"
"1pgVY00000000GWYAY","INVALID_OR_NULL_FOR_RESTRICTED_PICKLIST:Status: bad value for restricted picklist field: Cancelled:Status --","1pgVY00000000GWYAY","Cancelled"
"1pgVY00000000GXYAY","INVALID_OR_NULL_FOR_RESTRICTED_PICKLIST:Status: bad value for restricted picklist field: Cancelled:Status --","1pgVY00000000GXYAY","Cancelled"
"1pgVY00000000GYYAY","INVALID_OR_NULL_FOR_RESTRICTED_PICKLIST:Status: bad value for restricted picklist field: Cancelled:Status --","1pgVY00000000GYYAY","Cancelled"
"1pgVY00000000GZYAY","INVALID_OR_NULL_FOR_RESTRICTED_PICKLIST:Status: bad value for restricted picklist field: Cancelled:Status --","1pgVY00000000GZYAY","Cancelled"
"1pgVY00000000GaYAI","INVALID_OR_NULL_FOR_RESTRICTED_PICKLIST:Status: bad value for restricted picklist field: Cancelled:Status --","1pgVY00000000GaYAI","Cancelled"
"1pgVY00000000GbYAI","INVALID_OR_NULL_FOR_RESTRICTED_PICKLIST:Status: bad value for restricted picklist field: Cancelled:Status --","1pgVY00000000GbYAI","Cancelled"
"1pgVY00000000GcYAI","INVALID_OR_NULL_FOR_RESTRICTED_PICKLIST:Status: bad value for restricted picklist field: Cancelled:Status --","1pgVY00000000GcYAI","Cancelled"
"1pgVY00000000GdYAI","INVALID_OR_NULL_FOR_RESTRICTED_PICKLIST:Status: bad value for restricted picklist field: Cancelled:Status --","1pgVY00000000GdYAI","Cancelled"
"1pgVY00000000GeYAI","INVALID_OR_NULL_FOR_RESTRICTED_PICKLIST:Status: bad value for restricted picklist field: Cancelled:Status --","1pgVY00000000GeYAI","Cancelled"
"1pgVY00000000GfYAI","INVALID_OR_NULL_FOR_RESTRICTED_PICKLIST:Status: bad value for restricted picklist field: Cancelled:Status --","1pgVY00000000GfYAI","Cancelled"
"1pgVY00000000GgYAI","INVALID_OR_NULL_FOR_RESTRICTED_PICKLIST:Status: bad value for restricted picklist field: Cancelled:Status --","1pgVY00000000GgYAI","Cancelled"
"1pgVY00000000GhYAI","INVALID_OR_NULL_FOR_RESTRICTED_PICKLIST:Status: bad value for restricted picklist field: Cancelled:Status --","1pgVY00000000GhYAI","Cancelled"
"1pgVY00000000GiYAI","INVALID_OR_NULL_FOR_RESTRICTED_PICKLIST:Status: bad value for restricted picklist field: Cancelled:Status --","1pgVY00000000GiYAI","Cancelled"
"1pgVY00000000GjYAI","INVALID_OR_NULL_FOR_RESTRICTED_PICKLIST:Status: bad value for restricted picklist field: Cancelled:Status --","1pgVY00000000GjYAI","Cancelled"
"1pgVY00000000GkYAI","INVALID_OR_NULL_FOR_RESTRICTED_PICKLIST:Status: bad value for restricted picklist field: Cancelled:Status --","1pgVY00000000GkYAI","Cancelled"
"1pgVY00000000GlYAI","INVALID_OR_NULL_FOR_RESTRICTED_PICKLIST:Status: bad value for restricted picklist field: Cancelled:Status --","1pgVY00000000GlYAI","Cancelled"
"1pgVY00000000GmYAI","INVALID_OR_NULL_FOR_RESTRICTED_PICKLIST:Status: bad value for restricted picklist field: Cancelled:Status --","1pgVY00000000GmYAI","Cancelled"
"1pgVY00000000GnYAI","INVALID_OR_NULL_FOR_RESTRICTED_PICKLIST:Status: bad value for restricted picklist field: Cancelled:Status --","1pgVY00000000GnYAI","Cancelled"
"1pgVY00000000GoYAI","INVALID_OR_NULL_FOR_RESTRICTED_PICKLIST:Status: bad value for restricted picklist field: Cancelled:Status --","1pgVY00000000GoYAI","Cancelled"
"1pgVY00000000GpYAI","INVALID_OR_NULL_FOR_RESTRICTED_PICKLIST:Status: bad value for restricted picklist field: Cancelled:Status --","1pgVY00000000GpYAI","Cancelled"
"1pgVY00000000GqYAI","INVALID_OR_NULL_FOR_RESTRICTED_PICKLIST:Status: bad value for restricted picklist field: Cancelled:Status --","1pgVY00000000GqYAI","Cancelled"
"1pgVY00000000GrYAI","INVALID_OR_NULL_FOR_RESTRICTED_PICKLIST:Status: bad value for restricted picklist field: Cancelled:Status --","1pgVY00000000GrYAI","Cancelled"
"1pgVY00000000GsYAI","INVALID_OR_NULL_FOR_RESTRICTED_PICKLIST:Status: bad value for restricted picklist field: Cancelled:Status --","1pgVY00000000GsYAI","Cancelled"
"1pgVY00000000GtYAI","INVALID_OR_NULL_FOR_RESTRICTED_PICKLIST:Status: bad value for restricted picklist field: Cancelled:Status --","1pgVY00000000GtYAI","Cancelled"
"1pgVY00000000GuYAI","INVALID_OR_NULL_FOR_RESTRICTED_PICKLIST:Status: bad value for restricted picklist field: Cancelled:Status --","1pgVY00000000GuYAI","Cancelled"
"1pgVY00000000GvYAI","INVALID_OR_NULL_FOR_RESTRICTED_PICKLIST:Status: bad value for restricted picklist field: Cancelled:Status --","1pgVY00000000GvYAI","Cancelled"
"1pgVY00000000GwYAI","INVALID_OR_NULL_FOR_RESTRICTED_PICKLIST:Status: bad value for restricted picklist field: Cancelled:Status --","1pgVY00000000GwYAI","Cancelled"
"1pgVY00000000GxYAI","INVALID_OR_NULL_FOR_RESTRICTED_PICKLIST:Status: bad value for restricted picklist field: Cancelled:Status --","1pgVY00000000GxYAI","Cancelled"
"1pgVY00000000GyYAI","INVALID_OR_NULL_FOR_RESTRICTED_PICKLIST:Status: bad value for restricted picklist field: Cancelled:Status --","1pgVY00000000GyYAI","Cancelled"
"1pgVY00000000GzYAI","INVALID_OR_NULL_FOR_RESTRICTED_PICKLIST:Status: bad value for restricted picklist field: Cancelled:Status --","1pgVY00000000GzYAI","Cancelled"
"1pgVY00000000H0YAI","INVALID_OR_NULL_FOR_RESTRICTED_PICKLIST:Status: bad value for restricted picklist field: Cancelled:Status --","1pgVY00000000H0YAI","Cancelled"
"1pgVY00000000H1YAI","INVALID_OR_NULL_FOR_RESTRICTED_PICKLIST:Status: bad value for restricted picklist field: Cancelled:Status --","1pgVY00000000H1YAI","Cancelled"
"1pgVY00000000H2YAI","INVALID_OR_NULL_FOR_RESTRICTED_PICKLIST:Status: bad value for restricted picklist field: Cancelled:Status --","1pgVY00000000H2YAI","Cancelled"
"1pgVY00000000H3YAI","INVALID_OR_NULL_FOR_RESTRICTED_PICKLIST:Status: bad value for restricted picklist field: Cancelled:Status --","1pgVY00000000H3YAI","Cancelled"
"1pgVY00000000H4YAI","INVALID_OR_NULL_FOR_RESTRICTED_PICKLIST:Status: bad value for restricted picklist field: Cancelled:Status --","1pgVY00000000H4YAI","Cancelled"
"1pgVY00000000H5YAI","INVALID_OR_NULL_FOR_RESTRICTED_PICKLIST:Status: bad value for restricted picklist field: Cancelled:Status --","1pgVY00000000H5YAI","Cancelled"
"1pgVY00000000H6YAI","INVALID_OR_NULL_FOR_RESTRICTED_PICKLIST:Status: bad value for restricted picklist field: Cancelled:Status --","1pgVY00000000H6YAI","Cancelled"
"1pgVY00000000H7YAI","INVALID_OR_NULL_FOR_RESTRICTED_PICKLIST:Status: bad value for restricted picklist field: Cancelled:Status --","1pgVY00000000H7YAI","Cancelled"
"1pgVY00000000H8YAI","INVALID_OR_NULL_FOR_RESTRICTED_PICKLIST:Status: bad value for restricted picklist field: Cancelled:Status --","1pgVY00000000H8YAI","Cancelled"
"1pgVY00000000H9YAI","INVALID_OR_NULL_FOR_RESTRICTED_PICKLIST:Status: bad value for restricted picklist field: Cancelled:Status --","1pgVY00000000H9YAI","Cancelled"
"1pgVY00000000HAYAY","INVALID_OR_NULL_FOR_RESTRICTED_PICKLIST:Status: bad value for restricted picklist field: Cancelled:Status --","1pgVY00000000HAYAY","Cancelled"
"1pgVY00000000HBYAY","INVALID_OR_NULL_FOR_RESTRICTED_PICKLIST:Status: bad value for restricted picklist field: Cancelled:Status --","1pgVY00000000HBYAY","Cancelled"
"1pgVY00000000HCYAY","INVALID_OR_NULL_FOR_RESTRICTED_PICKLIST:Status: bad value for restricted picklist field: Cancelled:Status --","1pgVY00000000HCYAY","Cancelled"
"1pgVY00000000HDYAY","INVALID_OR_NULL_FOR_RESTRICTED_PICKLIST:Status: bad value for restricted picklist field: Cancelled:Status --","1pgVY00000000HDYAY","Cancelled"
"1pgVY00000000HEYAY","INVALID_OR_NULL_FOR_RESTRICTED_PICKLIST:Status: bad value for restricted picklist field: Cancelled:Status --","1pgVY00000000HEYAY","Cancelled"
"1pgVY00000000HFYAY","INVALID_OR_NULL_FOR_RESTRICTED_PICKLIST:Status: bad value for restricted picklist field: Cancelled:Status --","1pgVY00000000HFYAY","Cancelled"
"1pgVY00000000HGYAY","INVALID_OR_NULL_FOR_RESTRICTED_PICKLIST:Status: bad value for restricted picklist field: Cancelled:Status --","1pgVY00000000HGYAY","Cancelled"
"1pgVY00000000HHYAY","INVALID_OR_NULL_FOR_RESTRICTED_PICKLIST:Status: bad value for restricted picklist field: Cancelled:Status --","1pgVY00000000HHYAY","Cancelled"
"1pgVY00000000HIYAY","INVALID_OR_NULL_FOR_RESTRICTED_PICKLIST:Status: bad value for restricted picklist field: Cancelled:Status --","1pgVY00000000HIYAY","Cancelled"
"1pgVY00000000HJYAY","INVALID_OR_NULL_FOR_RESTRICTED_PICKLIST:Status: bad value for restricted picklist field: Cancelled:Status --","1pgVY00000000HJYAY","Cancelled"
"1pgVY00000000HKYAY","INVALID_OR_NULL_FOR_RESTRICTED_PICKLIST:Status: bad value for restricted picklist field: Cancelled:Status --","1pgVY00000000HKYAY","Cancelled"
"1pgVY00000000HLYAY","INVALID_OR_NULL_FOR_RESTRICTED_PICKLIST:Status: bad value for restricted picklist field: Cancelled:Status --","1pgVY00000000HLYAY","Cancelled"
"1pgVY00000000HMYAY","INVALID_OR_NULL_FOR_RESTRICTED_PICKLIST:Status: bad value for restricted picklist field: Cancelled:Status --","1pgVY00000000HMYAY","Cancelled"
"1pgVY00000000HNYAY","INVALID_OR_NULL_FOR_RESTRICTED_PICKLIST:Status: bad value for restricted picklist field: Cancelled:Status --","1pgVY00000000HNYAY","Cancelled"
"1pgVY00000000HOYAY","INVALID_OR_NULL_FOR_RESTRICTED_PICKLIST:Status: bad value for restricted picklist field: Cancelled:Status --","1pgVY00000000HOYAY","Cancelled"
"1pgVY00000000HPYAY","INVALID_OR_NULL_FOR_RESTRICTED_PICKLIST:Status: bad value for restricted picklist field: Cancelled:Status --","1pgVY00000000HPYAY","Cancelled"
"1pgVY00000000HQYAY","INVALID_OR_NULL_FOR_RESTRICTED_PICKLIST:Status: bad value for restricted picklist field: Cancelled:Status --","1pgVY00000000HQYAY","Cancelled"
"1pgVY00000000HRYAY","INVALID_OR_NULL_FOR_RESTRICTED_PICKLIST:Status: bad value for restricted picklist field: Cancelled:Status --","1pgVY00000000HRYAY","Cancelled"
"1pgVY00000000HSYAY","INVALID_OR_NULL_FOR_RESTRICTED_PICKLIST:Status: bad value for restricted picklist field: Cancelled:Status --","1pgVY00000000HSYAY","Cancelled"
"1pgVY00000000HTYAY","INVALID_OR_NULL_FOR_RESTRICTED_PICKLIST:Status: bad value for restricted picklist field: Cancelled:Status --","1pgVY00000000HTYAY","Cancelled"
"1pgVY00000000HUYAY","INVALID_OR_NULL_FOR_RESTRICTED_PICKLIST:Status: bad value for restricted picklist field: Cancelled:Status --","1pgVY00000000HUYAY","Cancelled"
"1pgVY00000000HVYAY","INVALID_OR_NULL_FOR_RESTRICTED_PICKLIST:Status: bad value for restricted picklist field: Cancelled:Status --","1pgVY00000000HVYAY","Cancelled"
"1pgVY00000000HWYAY","INVALID_OR_NULL_FOR_RESTRICTED_PICKLIST:Status: bad value for restricted picklist field: Cancelled:Status --","1pgVY00000000HWYAY","Cancelled"
"1pgVY00000000HXYAY","INVALID_OR_NULL_FOR_RESTRICTED_PICKLIST:Status: bad value for restricted picklist field: Cancelled:Status --","1pgVY00000000HXYAY","Cancelled"
"1pgVY00000000HYYAY","INVALID_OR_NULL_FOR_RESTRICTED_PICKLIST:Status: bad value for restricted picklist field: Cancelled:Status --","1pgVY00000000HYYAY","Cancelled"
"1pgVY00000000HZYAY","INVALID_OR_NULL_FOR_RESTRICTED_PICKLIST:Status: bad value for restricted picklist field: Cancelled:Status --","1pgVY00000000HZYAY","Cancelled"
"1pgVY00000000HaYAI","INVALID_OR_NULL_FOR_RESTRICTED_PICKLIST:Status: bad value for restricted picklist field: Cancelled:Status --","1pgVY00000000HaYAI","Cancelled"
"1pgVY00000000HbYAI","INVALID_OR_NULL_FOR_RESTRICTED_PICKLIST:Status: bad value for restricted picklist field: Cancelled:Status --","1pgVY00000000HbYAI","Cancelled"
"1pgVY00000000HcYAI","INVALID_OR_NULL_FOR_RESTRICTED_PICKLIST:Status: bad value for restricted picklist field: Cancelled:Status --","1pgVY00000000HcYAI","Cancelled"
"1pgVY00000000HdYAI","INVALID_OR_NULL_FOR_RESTRICTED_PICKLIST:Status: bad value for restricted picklist field: Cancelled:Status --","1pgVY00000000HdYAI","Cancelled"
"1pgVY00000000HeYAI","INVALID_OR_NULL_FOR_RESTRICTED_PICKLIST:Status: bad value for restricted picklist field: Cancelled:Status --","1pgVY00000000HeYAI","Cancelled"
"1pgVY00000000HfYAI","INVALID_OR_NULL_FOR_RESTRICTED_PICKLIST:Status: bad value for restricted picklist field: Cancelled:Status --","1pgVY00000000HfYAI","Cancelled"
"1pgVY00000000HgYAI","INVALID_OR_NULL_FOR_RESTRICTED_PICKLIST:Status: bad value for restricted picklist field: Cancelled:Status --","1pgVY00000000HgYAI","Cancelled"
"1pgVY00000000HhYAI","INVALID_OR_NULL_FOR_RESTRICTED_PICKLIST:Status: bad value for restricted picklist field: Cancelled:Status --","1pgVY00000000HhYAI","Cancelled"
"1pgVY00000000HiYAI","INVALID_OR_NULL_FOR_RESTRICTED_PICKLIST:Status: bad value for restricted picklist field: Cancelled:Status --","1pgVY00000000HiYAI","Cancelled"
"1pgVY00000000HjYAI","INVALID_OR_NULL_FOR_RESTRICTED_PICKLIST:Status: bad value for restricted picklist field: Cancelled:Status --","1pgVY00000000HjYAI","Cancelled"
"1pgVY00000000HkYAI","INVALID_OR_NULL_FOR_RESTRICTED_PICKLIST:Status: bad value for restricted picklist field: Cancelled:Status --","1pgVY00000000HkYAI","Cancelled"
"1pgVY00000000HlYAI","INVALID_OR_NULL_FOR_RESTRICTED_PICKLIST:Status: bad value for restricted picklist field: Cancelled:Status --","1pgVY00000000HlYAI","Cancelled"
"1pgVY00000000HmYAI","INVALID_OR_NULL_FOR_RESTRICTED_PICKLIST:Status: bad value for restricted picklist field: Cancelled:Status --","1pgVY00000000HmYAI","Cancelled"
"1pgVY00000000HnYAI","INVALID_OR_NULL_FOR_RESTRICTED_PICKLIST:Status: bad value for restricted picklist field: Cancelled:Status --","1pgVY00000000HnYAI","Cancelled"
"1pgVY00000000HoYAI","INVALID_OR_NULL_FOR_RESTRICTED_PICKLIST:Status: bad value for restricted picklist field: Cancelled:Status --","1pgVY00000000HoYAI","Cancelled"
"1pgVY00000000HpYAI","INVALID_OR_NULL_FOR_RESTRICTED_PICKLIST:Status: bad value for restricted picklist field: Cancelled:Status --","1pgVY00000000HpYAI","Cancelled"
"1pgVY00000000HqYAI","INVALID_OR_NULL_FOR_RESTRICTED_PICKLIST:Status: bad value for restricted picklist field: Cancelled:Status --","1pgVY00000000HqYAI","Cancelled"
"1pgVY00000000HrYAI","INVALID_OR_NULL_FOR_RESTRICTED_PICKLIST:Status: bad value for restricted picklist field: Cancelled:Status --","1pgVY00000000HrYAI","Cancelled"
"1pgVY00000000HsYAI","INVALID_OR_NULL_FOR_RESTRICTED_PICKLIST:Status: bad value for restricted picklist field: Cancelled:Status --","1pgVY00000000HsYAI","Cancelled"
"1pgVY00000000HtYAI","INVALID_OR_NULL_FOR_RESTRICTED_PICKLIST:Status: bad value for restricted picklist field: Cancelled:Status --","1pgVY00000000HtYAI","Cancelled"
"1pgVY00000000HuYAI","INVALID_OR_NULL_FOR_RESTRICTED_PICKLIST:Status: bad value for restricted picklist field: Cancelled:Status --","1pgVY00000000HuYAI","Cancelled"
"1pgVY00000000HvYAI","INVALID_OR_NULL_FOR_RESTRICTED_PICKLIST:Status: bad value for restricted picklist field: Cancelled:Status --","1pgVY00000000HvYAI","Cancelled"
"1pgVY00000000HwYAI","INVALID_OR_NULL_FOR_RESTRICTED_PICKLIST:Status: bad value for restricted picklist field: Cancelled:Status --","1pgVY00000000HwYAI","Cancelled"
"1pgVY00000000HxYAI","INVALID_OR_NULL_FOR_RESTRICTED_PICKLIST:Status: bad value for restricted picklist field: Cancelled:Status --","1pgVY00000000HxYAI","Cancelled"
"1pgVY00000000HyYAI","INVALID_OR_NULL_FOR_RESTRICTED_PICKLIST:Status: bad value for restricted picklist field: Cancelled:Status --","1pgVY00000000HyYAI","Cancelled"
"1pgVY00000000HzYAI","INVALID_OR_NULL_FOR_RESTRICTED_PICKLIST:Status: bad value for restricted picklist field: Cancelled:Status --","1pgVY00000000HzYAI","Cancelled"
"1pgVY00000000I0YAI","INVALID_OR_NULL_FOR_RESTRICTED_PICKLIST:Status: bad value for restricted picklist field: Cancelled:Status --","1pgVY00000000I0YAI","Cancelled"
"1pgVY00000000I1YAI","INVALID_OR_NULL_FOR_RESTRICTED_PICKLIST:Status: bad value for restricted picklist field: Cancelled:Status --","1pgVY00000000I1YAI","Cancelled"
"1pgVY00000000I2YAI","INVALID_OR_NULL_FOR_RESTRICTED_PICKLIST:Status: bad value for restricted picklist field: Cancelled:Status --","1pgVY00000000I2YAI","Cancelled"
"1pgVY00000000I3YAI","INVALID_OR_NULL_FOR_RESTRICTED_PICKLIST:Status: bad value for restricted picklist field: Cancelled:Status --","1pgVY00000000I3YAI","Cancelled"
"1pgVY00000000I4YAI","INVALID_OR_NULL_FOR_RESTRICTED_PICKLIST:Status: bad value for restricted picklist field: Cancelled:Status --","1pgVY00000000I4YAI","Cancelled"
"1pgVY00000000I5YAI","INVALID_OR_NULL_FOR_RESTRICTED_PICKLIST:Status: bad value for restricted picklist field: Cancelled:Status --","1pgVY00000000I5YAI","Cancelled"
"1pgVY00000000I6YAI","INVALID_OR_NULL_FOR_RESTRICTED_PICKLIST:Status: bad value for restricted picklist field: Cancelled:Status --","1pgVY00000000I6YAI","Cancelled"
"1pgVY00000000I7YAI","INVALID_OR_NULL_FOR_RESTRICTED_PICKLIST:Status: bad value for restricted picklist field: Cancelled:Status --","1pgVY00000000I7YAI","Cancelled"
"1pgVY00000000I8YAI","INVALID_OR_NULL_FOR_RESTRICTED_PICKLIST:Status: bad value for restricted picklist field: Cancelled:Status --","1pgVY00000000I8YAI","Cancelled"
"1pgVY00000000I9YAI","INVALID_OR_NULL_FOR_RESTRICTED_PICKLIST:Status: bad value for restricted picklist field: Cancelled:Status --","1pgVY00000000I9YAI","Cancelled"
"1pgVY00000000IAYAY","INVALID_OR_NULL_FOR_RESTRICTED_PICKLIST:Status: bad value for restricted picklist field: Cancelled:Status --","1pgVY00000000IAYAY","Cancelled"
"1pgVY00000000IBYAY","INVALID_OR_NULL_FOR_RESTRICTED_PICKLIST:Status: bad value for restricted picklist field: Cancelled:Status --","1pgVY00000000IBYAY","Cancelled"
"1pgVY00000000ICYAY","INVALID_OR_NULL_FOR_RESTRICTED_PICKLIST:Status: bad value for restricted picklist field: Cancelled:Status --","1pgVY00000000ICYAY","Cancelled"
"1pgVY00000000IDYAY","INVALID_OR_NULL_FOR_RESTRICTED_PICKLIST:Status: bad value for restricted picklist field: Cancelled:Status --","1pgVY00000000IDYAY","Cancelled"
"1pgVY00000000IEYAY","INVALID_OR_NULL_FOR_RESTRICTED_PICKLIST:Status: bad value for restricted picklist field: Cancelled:Status --","1pgVY00000000IEYAY","Cancelled"
"1pgVY00000000IFYAY","INVALID_OR_NULL_FOR_RESTRICTED_PICKLIST:Status: bad value for restricted picklist field: Cancelled:Status --","1pgVY00000000IFYAY","Cancelled"
"1pgVY00000000IGYAY","INVALID_OR_NULL_FOR_RESTRICTED_PICKLIST:Status: bad value for restricted picklist field: Cancelled:Status --","1pgVY00000000IGYAY","Cancelled"
"1pgVY00000000IHYAY","INVALID_OR_NULL_FOR_RESTRICTED_PICKLIST:Status: bad value for restricted picklist field: Cancelled:Status --","1pgVY00000000IHYAY","Cancelled"
"1pgVY00000000IIYAY","INVALID_OR_NULL_FOR_RESTRICTED_PICKLIST:Status: bad value for restricted picklist field: Cancelled:Status --","1pgVY00000000IIYAY","Cancelled"
"1pgVY00000000IJYAY","INVALID_OR_NULL_FOR_RESTRICTED_PICKLIST:Status: bad value for restricted picklist field: Cancelled:Status --","1pgVY00000000IJYAY","Cancelled"
"1pgVY00000000IKYAY","INVALID_OR_NULL_FOR_RESTRICTED_PICKLIST:Status: bad value for restricted picklist field: Cancelled:Status --","1pgVY00000000IKYAY","Cancelled"
"1pgVY00000000ILYAY","INVALID_OR_NULL_FOR_RESTRICTED_PICKLIST:Status: bad value for restricted picklist field: Cancelled:Status --","1pgVY00000000ILYAY","Cancelled"
"1pgVY00000000IMYAY","INVALID_OR_NULL_FOR_RESTRICTED_PICKLIST:Status: bad value for restricted picklist field: Cancelled:Status --","1pgVY00000000IMYAY","Cancelled"
"1pgVY00000000INYAY","INVALID_OR_NULL_FOR_RESTRICTED_PICKLIST:Status: bad value for restricted picklist field: Cancelled:Status --","1pgVY00000000INYAY","Cancelled"
"1pgVY00000000IOYAY","INVALID_OR_NULL_FOR_RESTRICTED_PICKLIST:Status: bad value for restricted picklist field: Cancelled:Status --","1pgVY00000000IOYAY","Cancelled"
"1pgVY00000000IPYAY","INVALID_OR_NULL_FOR_RESTRICTED_PICKLIST:Status: bad value for restricted picklist field: Cancelled:Status --","1pgVY00000000IPYAY","Cancelled"
"1pgVY00000000IQYAY","INVALID_OR_NULL_FOR_RESTRICTED_PICKLIST:Status: bad value for restricted picklist field: Cancelled:Status --","1pgVY00000000IQYAY","Cancelled"
"1pgVY00000000IRYAY","INVALID_OR_NULL_FOR_RESTRICTED_PICKLIST:Status: bad value for restricted picklist field: Cancelled:Status --","1pgVY00000000IRYAY","Cancelled"
"1pgVY00000000ISYAY","INVALID_OR_NULL_FOR_RESTRICTED_PICKLIST:Status: bad value for restricted picklist field: Cancelled:Status --","1pgVY00000000ISYAY","Cancelled"
"1pgVY00000000ITYAY","INVALID_OR_NULL_FOR_RESTRICTED_PICKLIST:Status: bad value for restricted picklist field: Cancelled:Status --","1pgVY00000000ITYAY","Cancelled"
"1pgVY00000000IUYAY","INVALID_OR_NULL_FOR_RESTRICTED_PICKLIST:Status: bad value for restricted picklist field: Cancelled:Status --","1pgVY00000000IUYAY","Cancelled"
"1pgVY00000000IVYAY","INVALID_OR_NULL_FOR_RESTRICTED_PICKLIST:Status: bad value for restricted picklist field: Cancelled:Status --","1pgVY00000000IVYAY","Cancelled"
"1pgVY00000000IWYAY","INVALID_OR_NULL_FOR_RESTRICTED_PICKLIST:Status: bad value for restricted picklist field: Cancelled:Status --","1pgVY00000000IWYAY","Cancelled"
"1pgVY00000000IXYAY","INVALID_OR_NULL_FOR_RESTRICTED_PICKLIST:Status: bad value for restricted picklist field: Cancelled:Status --","1pgVY00000000IXYAY","Cancelled"
"1pgVY00000000IYYAY","INVALID_OR_NULL_FOR_RESTRICTED_PICKLIST:Status: bad value for restricted picklist field: Cancelled:Status --","1pgVY00000000IYYAY","Cancelled"
"1pgVY00000000IZYAY","INVALID_OR_NULL_FOR_RESTRICTED_PICKLIST:Status: bad value for restricted picklist field: Cancelled:Status --","1pgVY00000000IZYAY","Cancelled"
"1pgVY00000000IaYAI","INVALID_OR_NULL_FOR_RESTRICTED_PICKLIST:Status: bad value for restricted picklist field: Cancelled:Status --","1pgVY00000000IaYAI","Cancelled"
"1pgVY00000000IbYAI","INVALID_OR_NULL_FOR_RESTRICTED_PICKLIST:Status: bad value for restricted picklist field: Cancelled:Status --","1pgVY00000000IbYAI","Cancelled"
"1pgVY00000000IcYAI","INVALID_OR_NULL_FOR_RESTRICTED_PICKLIST:Status: bad value for restricted picklist field: Cancelled:Status --","1pgVY00000000IcYAI","Cancelled"
"1pgVY00000000IdYAI","INVALID_OR_NULL_FOR_RESTRICTED_PICKLIST:Status: bad value for restricted picklist field: Cancelled:Status --","1pgVY00000000IdYAI","Cancelled"
"1pgVY00000000IeYAI","INVALID_OR_NULL_FOR_RESTRICTED_PICKLIST:Status: bad value for restricted picklist field: Cancelled:Status --","1pgVY00000000IeYAI","Cancelled"
"1pgVY00000000IfYAI","INVALID_OR_NULL_FOR_RESTRICTED_PICKLIST:Status: bad value for restricted picklist field: Cancelled:Status --","1pgVY00000000IfYAI","Cancelled"
"1pgVY00000000IgYAI","INVALID_OR_NULL_FOR_RESTRICTED_PICKLIST:Status: bad value for restricted picklist field: Cancelled:Status --","1pgVY00000000IgYAI","Cancelled"
"1pgVY00000000IhYAI","INVALID_OR_NULL_FOR_RESTRICTED_PICKLIST:Status: bad value for restricted picklist field: Cancelled:Status --","1pgVY00000000IhYAI","Cancelled"
"1pgVY00000000IiYAI","INVALID_OR_NULL_FOR_RESTRICTED_PICKLIST:Status: bad value for restricted picklist field: Cancelled:Status --","1pgVY00000000IiYAI","Cancelled"
"1pgVY00000000IjYAI","INVALID_OR_NULL_FOR_RESTRICTED_PICKLIST:Status: bad value for restricted picklist field: Cancelled:Status --","1pgVY00000000IjYAI","Cancelled"
"1pgVY00000000IkYAI","INVALID_OR_NULL_FOR_RESTRICTED_PICKLIST:Status: bad value for restricted picklist field: Cancelled:Status --","1pgVY00000000IkYAI","Cancelled"
"1pgVY00000000IlYAI","INVALID_OR_NULL_FOR_RESTRICTED_PICKLIST:Status: bad value for restricted picklist field: Cancelled:Status --","1pgVY00000000IlYAI","Cancelled"
"1pgVY00000000ImYAI","INVALID_OR_NULL_FOR_RESTRICTED_PICKLIST:Status: bad value for restricted picklist field: Cancelled:Status --","1pgVY00000000ImYAI","Cancelled"
"1pgVY00000000InYAI","INVALID_OR_NULL_FOR_RESTRICTED_PICKLIST:Status: bad value for restricted picklist field: Cancelled:Status --","1pgVY00000000InYAI","Cancelled"
"1pgVY00000000IoYAI","INVALID_OR_NULL_FOR_RESTRICTED_PICKLIST:Status: bad value for restricted picklist field: Cancelled:Status --","1pgVY00000000IoYAI","Cancelled"
"1pgVY00000000IpYAI","INVALID_OR_NULL_FOR_RESTRICTED_PICKLIST:Status: bad value for restricted picklist field: Cancelled:Status --","1pgVY00000000IpYAI","Cancelled"
"1pgVY00000000IqYAI","INVALID_OR_NULL_FOR_RESTRICTED_PICKLIST:Status: bad value for restricted picklist field: Cancelled:Status --","1pgVY00000000IqYAI","Cancelled"
"1pgVY00000000IrYAI","INVALID_OR_NULL_FOR_RESTRICTED_PICKLIST:Status: bad value for restricted picklist field: Cancelled:Status --","1pgVY00000000IrYAI","Cancelled"
"1pgVY00000000IsYAI","INVALID_OR_NULL_FOR_RESTRICTED_PICKLIST:Status: bad value for restricted picklist field: Cancelled:Status --","1pgVY00000000IsYAI","Cancelled"
"1pgVY00000000ItYAI","INVALID_OR_NULL_FOR_RESTRICTED_PICKLIST:Status: bad value for restricted picklist field: Cancelled:Status --","1pgVY00000000ItYAI","Cancelled"
"1pgVY00000000IuYAI","INVALID_OR_NULL_FOR_RESTRICTED_PICKLIST:Status: bad value for restricted picklist field: Cancelled:Status --","1pgVY00000000IuYAI","Cancelled"
"1pgVY00000000IvYAI","INVALID_OR_NULL_FOR_RESTRICTED_PICKLIST:Status: bad value for restricted picklist field: Cancelled:Status --","1pgVY00000000IvYAI","Cancelled"
"1pgVY00000000IwYAI","INVALID_OR_NULL_FOR_RESTRICTED_PICKLIST:Status: bad value for restricted picklist field: Cancelled:Status --","1pgVY00000000IwYAI","Cancelled"
"1pgVY00000000IxYAI","INVALID_OR_NULL_FOR_RESTRICTED_PICKLIST:Status: bad value for restricted picklist field: Cancelled:Status --","1pgVY00000000IxYAI","Cancelled"
"1pgVY00000000IyYAI","INVALID_OR_NULL_FOR_RESTRICTED_PICKLIST:Status: bad value for restricted picklist field: Cancelled:Status --","1pgVY00000000IyYAI","Cancelled"
"1pgVY00000000IzYAI","INVALID_OR_NULL_FOR_RESTRICTED_PICKLIST:Status: bad value for restricted picklist field: Cancelled:Status --","1pgVY00000000IzYAI","Cancelled"
"1pgVY00000000J0YAI","INVALID_OR_NULL_FOR_RESTRICTED_PICKLIST:Status: bad value for restricted picklist field: Cancelled:Status --","1pgVY00000000J0YAI","Cancelled"
"1pgVY00000000J1YAI","INVALID_OR_NULL_FOR_RESTRICTED_PICKLIST:Status: bad value for restricted picklist field: Cancelled:Status --","1pgVY00000000J1YAI","Cancelled"
"1pgVY00000000J2YAI","INVALID_OR_NULL_FOR_RESTRICTED_PICKLIST:Status: bad value for restricted picklist field: Cancelled:Status --","1pgVY00000000J2YAI","Cancelled"
"1pgVY00000000J3YAI","INVALID_OR_NULL_FOR_RESTRICTED_PICKLIST:Status: bad value for restricted picklist field: Cancelled:Status --","1pgVY00000000J3YAI","Cancelled"
"1pgVY00000000J4YAI","INVALID_OR_NULL_FOR_RESTRICTED_PICKLIST:Status: bad value for restricted picklist field: Cancelled:Status --","1pgVY00000000J4YAI","Cancelled"
"1pgVY00000000J5YAI","INVALID_OR_NULL_FOR_RESTRICTED_PICKLIST:Status: bad value for restricted picklist field: Cancelled:Status --","1pgVY00000000J5YAI","Cancelled"
"1pgVY00000000J6YAI","INVALID_OR_NULL_FOR_RESTRICTED_PICKLIST:Status: bad value for restricted picklist field: Cancelled:Status --","1pgVY00000000J6YAI","Cancelled"
"1pgVY00000000J7YAI","INVALID_OR_NULL_FOR_RESTRICTED_PICKLIST:Status: bad value for restricted picklist field: Cancelled:Status --","1pgVY00000000J7YAI","Cancelled"
"1pgVY00000000J8YAI","INVALID_OR_NULL_FOR_RESTRICTED_PICKLIST:Status: bad value for restricted picklist field: Cancelled:Status --","1pgVY00000000J8YAI","Cancelled"
"1pgVY00000000J9YAI","INVALID_OR_NULL_FOR_RESTRICTED_PICKLIST:Status: bad value for restricted picklist field: Cancelled:Status --","1pgVY00000000J9YAI","Cancelled"
"1pgVY00000000JAYAY","INVALID_OR_NULL_FOR_RESTRICTED_PICKLIST:Status: bad value for restricted picklist field: Cancelled:Status --","1pgVY00000000JAYAY","Cancelled"
"1pgVY00000000JBYAY","INVALID_OR_NULL_FOR_RESTRICTED_PICKLIST:Status: bad value for restricted picklist field: Cancelled:Status --","1pgVY00000000JBYAY","Cancelled"
"1pgVY00000000JCYAY","INVALID_OR_NULL_FOR_RESTRICTED_PICKLIST:Status: bad value for restricted picklist field: Cancelled:Status --","1pgVY00000000JCYAY","Cancelled"
"1pgVY00000000JDYAY","INVALID_OR_NULL_FOR_RESTRICTED_PICKLIST:Status: bad value for restricted picklist field: Cancelled:Status --","1pgVY00000000JDYAY","Cancelled"
"1pgVY00000000JEYAY","INVALID_OR_NULL_FOR_RESTRICTED_PICKLIST:Status: bad value for restricted picklist field: Cancelled:Status --","1pgVY00000000JEYAY","Cancelled"
"1pgVY00000000JFYAY","INVALID_OR_NULL_FOR_RESTRICTED_PICKLIST:Status: bad value for restricted picklist field: Cancelled:Status --","1pgVY00000000JFYAY","Cancelled"
"1pgVY00000000JGYAY","INVALID_OR_NULL_FOR_RESTRICTED_PICKLIST:Status: bad value for restricted picklist field: Cancelled:Status --","1pgVY00000000JGYAY","Cancelled"
"1pgVY00000000JHYAY","INVALID_OR_NULL_FOR_RESTRICTED_PICKLIST:Status: bad value for restricted picklist field: Cancelled:Status --","1pgVY00000000JHYAY","Cancelled"
"1pgVY00000000JIYAY","INVALID_OR_NULL_FOR_RESTRICTED_PICKLIST:Status: bad value for restricted picklist field: Cancelled:Status --","1pgVY00000000JIYAY","Cancelled"
"1pgVY00000000JJYAY","INVALID_OR_NULL_FOR_RESTRICTED_PICKLIST:Status: bad value for restricted picklist field: Cancelled:Status --","1pgVY00000000JJYAY","Cancelled"
"1pgVY00000000JKYAY","INVALID_OR_NULL_FOR_RESTRICTED_PICKLIST:Status: bad value for restricted picklist field: Cancelled:Status --","1pgVY00000000JKYAY","Cancelled"
"1pgVY00000000JLYAY","INVALID_OR_NULL_FOR_RESTRICTED_PICKLIST:Status: bad value for restricted picklist field: Cancelled:Status --","1pgVY00000000JLYAY","Cancelled"
"1pgVY00000000JMYAY","INVALID_OR_NULL_FOR_RESTRICTED_PICKLIST:Status: bad value for restricted picklist field: Cancelled:Status --","1pgVY00000000JMYAY","Cancelled"
"1pgVY00000000MaYAI","INVALID_OR_NULL_FOR_RESTRICTED_PICKLIST:Status: bad value for restricted picklist field: Cancelled:Status --","1pgVY00000000MaYAI","Cancelled"
"1pgVY00000000MbYAI","INVALID_OR_NULL_FOR_RESTRICTED_PICKLIST:Status: bad value for restricted picklist field: Cancelled:Status --","1pgVY00000000MbYAI","Cancelled"
"1pgVY00000000McYAI","INVALID_OR_NULL_FOR_RESTRICTED_PICKLIST:Status: bad value for restricted picklist field: Cancelled:Status --","1pgVY00000000McYAI","Cancelled"
"1pgVY00000000MdYAI","INVALID_OR_NULL_FOR_RESTRICTED_PICKLIST:Status: bad value for restricted picklist field: Cancelled:Status --","1pgVY00000000MdYAI","Cancelled"
"1pgVY00000000MeYAI","INVALID_OR_NULL_FOR_RESTRICTED_PICKLIST:Status: bad value for restricted picklist field: Cancelled:Status --","1pgVY00000000MeYAI","Cancelled"
"1pgVY00000000MfYAI","INVALID_OR_NULL_FOR_RESTRICTED_PICKLIST:Status: bad value for restricted picklist field: Cancelled:Status --","1pgVY00000000MfYAI","Cancelled"
"1pgVY00000000MgYAI","INVALID_OR_NULL_FOR_RESTRICTED_PICKLIST:Status: bad value for restricted picklist field: Cancelled:Status --","1pgVY00000000MgYAI","Cancelled"
"1pgVY00000000MhYAI","INVALID_OR_NULL_FOR_RESTRICTED_PICKLIST:Status: bad value for restricted picklist field: Cancelled:Status --","1pgVY00000000MhYAI","Cancelled"
"1pgVY00000000MiYAI","INVALID_OR_NULL_FOR_RESTRICTED_PICKLIST:Status: bad value for restricted picklist field: Cancelled:Status --","1pgVY00000000MiYAI","Cancelled"
"1pgVY00000000MjYAI","INVALID_OR_NULL_FOR_RESTRICTED_PICKLIST:Status: bad value for restricted picklist field: Cancelled:Status --","1pgVY00000000MjYAI","Cancelled"
"1pgVY00000000MkYAI","INVALID_OR_NULL_FOR_RESTRICTED_PICKLIST:Status: bad value for restricted picklist field: Cancelled:Status --","1pgVY00000000MkYAI","Cancelled"
"1pgVY00000000MlYAI","INVALID_OR_NULL_FOR_RESTRICTED_PICKLIST:Status: bad value for restricted picklist field: Cancelled:Status --","1pgVY00000000MlYAI","Cancelled"
"1pgVY00000000MmYAI","INVALID_OR_NULL_FOR_RESTRICTED_PICKLIST:Status: bad value for restricted picklist field: Cancelled:Status --","1pgVY00000000MmYAI","Cancelled"
"1pgVY00000000MnYAI","INVALID_OR_NULL_FOR_RESTRICTED_PICKLIST:Status: bad value for restricted picklist field: Cancelled:Status --","1pgVY00000000MnYAI","Cancelled"
"1pgVY00000000MoYAI","INVALID_OR_NULL_FOR_RESTRICTED_PICKLIST:Status: bad value for restricted picklist field: Cancelled:Status --","1pgVY00000000MoYAI","Cancelled"
"1pgVY00000000MpYAI","INVALID_OR_NULL_FOR_RESTRICTED_PICKLIST:Status: bad value for restricted picklist field: Cancelled:Status --","1pgVY00000000MpYAI","Cancelled"
"1pgVY00000000MqYAI","INVALID_OR_NULL_FOR_RESTRICTED_PICKLIST:Status: bad value for restricted picklist field: Cancelled:Status --","1pgVY00000000MqYAI","Cancelled"
"1pgVY00000000MrYAI","INVALID_OR_NULL_FOR_RESTRICTED_PICKLIST:Status: bad value for restricted picklist field: Cancelled:Status --","1pgVY00000000MrYAI","Cancelled"
"1pgVY00000000MsYAI","INVALID_OR_NULL_FOR_RESTRICTED_PICKLIST:Status: bad value for restricted picklist field: Cancelled:Status --","1pgVY00000000MsYAI","Cancelled"
"1pgVY00000000MtYAI","INVALID_OR_NULL_FOR_RESTRICTED_PICKLIST:Status: bad value for restricted picklist field: Cancelled:Status --","1pgVY00000000MtYAI","Cancelled"
"1pgVY00000000MuYAI","INVALID_OR_NULL_FOR_RESTRICTED_PICKLIST:Status: bad value for restricted picklist field: Cancelled:Status --","1pgVY00000000MuYAI","Cancelled"
"1pgVY00000000MvYAI","INVALID_OR_NULL_FOR_RESTRICTED_PICKLIST:Status: bad value for restricted picklist field: Cancelled:Status --","1pgVY00000000MvYAI","Cancelled"
"1pgVY00000000MwYAI","INVALID_OR_NULL_FOR_RESTRICTED_PICKLIST:Status: bad value for restricted picklist field: Cancelled:Status --","1pgVY00000000MwYAI","Cancelled"
"1pgVY00000000MxYAI","INVALID_OR_NULL_FOR_RESTRICTED_PICKLIST:Status: bad value for restricted picklist field: Cancelled:Status --","1pgVY00000000MxYAI","Cancelled"
"1pgVY00000000MyYAI","INVALID_OR_NULL_FOR_RESTRICTED_PICKLIST:Status: bad value for restricted picklist field: Cancelled:Status --","1pgVY00000000MyYAI","Cancelled"
"1pgVY00000000MzYAI","INVALID_OR_NULL_FOR_RESTRICTED_PICKLIST:Status: bad value for restricted picklist field: Cancelled:Status --","1pgVY00000000MzYAI","Cancelled"
"1pgVY00000000N0YAI","INVALID_OR_NULL_FOR_RESTRICTED_PICKLIST:Status: bad value for restricted picklist field: Cancelled:Status --","1pgVY00000000N0YAI","Cancelled"
"1pgVY00000000N1YAI","INVALID_OR_NULL_FOR_RESTRICTED_PICKLIST:Status: bad value for restricted picklist field: Cancelled:Status --","1pgVY00000000N1YAI","Cancelled"
"1pgVY00000000N2YAI","INVALID_OR_NULL_FOR_RESTRICTED_PICKLIST:Status: bad value for restricted picklist field: Cancelled:Status --","1pgVY00000000N2YAI","Cancelled"
"1pgVY00000000N3YAI","INVALID_OR_NULL_FOR_RESTRICTED_PICKLIST:Status: bad value for restricted picklist field: Cancelled:Status --","1pgVY00000000N3YAI","Cancelled"
"1pgVY00000000N4YAI","INVALID_OR_NULL_FOR_RESTRICTED_PICKLIST:Status: bad value for restricted picklist field: Cancelled:Status --","1pgVY00000000N4YAI","Cancelled"
"1pgVY00000000N5YAI","INVALID_OR_NULL_FOR_RESTRICTED_PICKLIST:Status: bad value for restricted picklist field: Cancelled:Status --","1pgVY00000000N5YAI","Cancelled"
"1pgVY00000000N6YAI","INVALID_OR_NULL_FOR_RESTRICTED_PICKLIST:Status: bad value for restricted picklist field: Cancelled:Status --","1pgVY00000000N6YAI","Cancelled"
"1pgVY00000000N7YAI","INVALID_OR_NULL_FOR_RESTRICTED_PICKLIST:Status: bad value for restricted picklist field: Cancelled:Status --","1pgVY00000000N7YAI","Cancelled"
"1pgVY00000000N8YAI","INVALID_OR_NULL_FOR_RESTRICTED_PICKLIST:Status: bad value for restricted picklist field: Cancelled:Status --","1pgVY00000000N8YAI","Cancelled"
"1pgVY00000000N9YAI","INVALID_OR_NULL_FOR_RESTRICTED_PICKLIST:Status: bad value for restricted picklist field: Cancelled:Status --","1pgVY00000000N9YAI","Cancelled"
"1pgVY00000000NAYAY","INVALID_OR_NULL_FOR_RESTRICTED_PICKLIST:Status: bad value for restricted picklist field: Cancelled:Status --","1pgVY00000000NAYAY","Cancelled"
"1pgVY00000000NBYAY","INVALID_OR_NULL_FOR_RESTRICTED_PICKLIST:Status: bad value for restricted picklist field: Cancelled:Status --","1pgVY00000000NBYAY","Cancelled"
"1pgVY00000000NCYAY","INVALID_OR_NULL_FOR_RESTRICTED_PICKLIST:Status: bad value for restricted picklist field: Cancelled:Status --","1pgVY00000000NCYAY","Cancelled"
"1pgVY00000000NDYAY","INVALID_OR_NULL_FOR_RESTRICTED_PICKLIST:Status: bad value for restricted picklist field: Cancelled:Status --","1pgVY00000000NDYAY","Cancelled"
"1pgVY00000000NEYAY","INVALID_OR_NULL_FOR_RESTRICTED_PICKLIST:Status: bad value for restricted picklist field: Cancelled:Status --","1pgVY00000000NEYAY","Cancelled"
"1pgVY00000000NFYAY","INVALID_OR_NULL_FOR_RESTRICTED_PICKLIST:Status: bad value for restricted picklist field: Cancelled:Status --","1pgVY00000000NFYAY","Cancelled"
"1pgVY00000000NGYAY","INVALID_OR_NULL_FOR_RESTRICTED_PICKLIST:Status: bad value for restricted picklist field: Cancelled:Status --","1pgVY00000000NGYAY","Cancelled"
"1pgVY00000000NHYAY","INVALID_OR_NULL_FOR_RESTRICTED_PICKLIST:Status: bad value for restricted picklist field: Cancelled:Status --","1pgVY00000000NHYAY","Cancelled"
"1pgVY00000000NIYAY","INVALID_OR_NULL_FOR_RESTRICTED_PICKLIST:Status: bad value for restricted picklist field: Cancelled:Status --","1pgVY00000000NIYAY","Cancelled"
"1pgVY00000000NJYAY","INVALID_OR_NULL_FOR_RESTRICTED_PICKLIST:Status: bad value for restricted picklist field: Cancelled:Status --","1pgVY00000000NJYAY","Cancelled"
"1pgVY00000000NKYAY","INVALID_OR_NULL_FOR_RESTRICTED_PICKLIST:Status: bad value for restricted picklist field: Cancelled:Status --","1pgVY00000000NKYAY","Cancelled"
"1pgVY00000000NLYAY","INVALID_OR_NULL_FOR_RESTRICTED_PICKLIST:Status: bad value for restricted picklist field: Cancelled:Status --","1pgVY00000000NLYAY","Cancelled"
"1pgVY00000000NMYAY","INVALID_OR_NULL_FOR_RESTRICTED_PICKLIST:Status: bad value for restricted picklist field: Cancelled:Status --","1pgVY00000000NMYAY","Cancelled"
"1pgVY00000000NNYAY","INVALID_OR_NULL_FOR_RESTRICTED_PICKLIST:Status: bad value for restricted picklist field: Cancelled:Status --","1pgVY00000000NNYAY","Cancelled"
"1pgVY00000000NOYAY","INVALID_OR_NULL_FOR_RESTRICTED_PICKLIST:Status: bad value for restricted picklist field: Cancelled:Status --","1pgVY00000000NOYAY","Cancelled"
"1pgVY00000000NPYAY","INVALID_OR_NULL_FOR_RESTRICTED_PICKLIST:Status: bad value for restricted picklist field: Cancelled:Status --","1pgVY00000000NPYAY","Cancelled"
"1pgVY00000000NQYAY","INVALID_OR_NULL_FOR_RESTRICTED_PICKLIST:Status: bad value for restricted picklist field: Cancelled:Status --","1pgVY00000000NQYAY","Cancelled"
"1pgVY00000000NRYAY","INVALID_OR_NULL_FOR_RESTRICTED_PICKLIST:Status: bad value for restricted picklist field: Cancelled:Status --","1pgVY00000000NRYAY","Cancelled"
"1pgVY00000000NSYAY","INVALID_OR_NULL_FOR_RESTRICTED_PICKLIST:Status: bad value for restricted picklist field: Cancelled:Status --","1pgVY00000000NSYAY","Cancelled"
"1pgVY00000000NTYAY","INVALID_OR_NULL_FOR_RESTRICTED_PICKLIST:Status: bad value for restricted picklist field: Cancelled:Status --","1pgVY00000000NTYAY","Cancelled"
"1pgVY00000000NUYAY","INVALID_OR_NULL_FOR_RESTRICTED_PICKLIST:Status: bad value for restricted picklist field: Cancelled:Status --","1pgVY00000000NUYAY","Cancelled"
"1pgVY00000000NVYAY","INVALID_OR_NULL_FOR_RESTRICTED_PICKLIST:Status: bad value for restricted picklist field: Cancelled:Status --","1pgVY00000000NVYAY","Cancelled"
"1pgVY00000000NWYAY","INVALID_OR_NULL_FOR_RESTRICTED_PICKLIST:Status: bad value for restricted picklist field: Cancelled:Status --","1pgVY00000000NWYAY","Cancelled"
"1pgVY00000000NXYAY","INVALID_OR_NULL_FOR_RESTRICTED_PICKLIST:Status: bad value for restricted picklist field: Cancelled:Status --","1pgVY00000000NXYAY","Cancelled"
"1pgVY00000000NYYAY","INVALID_OR_NULL_FOR_RESTRICTED_PICKLIST:Status: bad value for restricted picklist field: Cancelled:Status --","1pgVY00000000NYYAY","Cancelled"
"1pgVY00000000NZYAY","INVALID_OR_NULL_FOR_RESTRICTED_PICKLIST:Status: bad value for restricted picklist field: Cancelled:Status --","1pgVY00000000NZYAY","Cancelled"
"1pgVY00000000NaYAI","INVALID_OR_NULL_FOR_RESTRICTED_PICKLIST:Status: bad value for restricted picklist field: Cancelled:Status --","1pgVY00000000NaYAI","Cancelled"
"1pgVY00000000NbYAI","INVALID_OR_NULL_FOR_RESTRICTED_PICKLIST:Status: bad value for restricted picklist field: Cancelled:Status --","1pgVY00000000NbYAI","Cancelled"
"1pgVY00000000NcYAI","INVALID_OR_NULL_FOR_RESTRICTED_PICKLIST:Status: bad value for restricted picklist field: Cancelled:Status --","1pgVY00000000NcYAI","Cancelled"
"1pgVY00000000NdYAI","INVALID_OR_NULL_FOR_RESTRICTED_PICKLIST:Status: bad value for restricted picklist field: Cancelled:Status --","1pgVY00000000NdYAI","Cancelled"
"1pgVY00000000NeYAI","INVALID_OR_NULL_FOR_RESTRICTED_PICKLIST:Status: bad value for restricted picklist field: Cancelled:Status --","1pgVY00000000NeYAI","Cancelled"
"1pgVY00000000NfYAI","INVALID_OR_NULL_FOR_RESTRICTED_PICKLIST:Status: bad value for restricted picklist field: Cancelled:Status --","1pgVY00000000NfYAI","Cancelled"
"1pgVY00000000NgYAI","INVALID_OR_NULL_FOR_RESTRICTED_PICKLIST:Status: bad value for restricted picklist field: Cancelled:Status --","1pgVY00000000NgYAI","Cancelled"
"1pgVY00000000NhYAI","INVALID_OR_NULL_FOR_RESTRICTED_PICKLIST:Status: bad value for restricted picklist field: Cancelled:Status --","1pgVY00000000NhYAI","Cancelled"
"1pgVY00000000NiYAI","INVALID_OR_NULL_FOR_RESTRICTED_PICKLIST:Status: bad value for restricted picklist field: Cancelled:Status --","1pgVY00000000NiYAI","Cancelled"
"1pgVY00000000NjYAI","INVALID_OR_NULL_FOR_RESTRICTED_PICKLIST:Status: bad value for restricted picklist field: Cancelled:Status --","1pgVY00000000NjYAI","Cancelled"
"1pgVY00000000NkYAI","INVALID_OR_NULL_FOR_RESTRICTED_PICKLIST:Status: bad value for restricted picklist field: Cancelled:Status --","1pgVY00000000NkYAI","Cancelled"
"1pgVY00000000NlYAI","INVALID_OR_NULL_FOR_RESTRICTED_PICKLIST:Status: bad value for restricted picklist field: Cancelled:Status --","1pgVY00000000NlYAI","Cancelled"
"1pgVY00000000NmYAI","INVALID_OR_NULL_FOR_RESTRICTED_PICKLIST:Status: bad value for restricted picklist field: Cancelled:Status --","1pgVY00000000NmYAI","Cancelled"
"1pgVY00000000NnYAI","INVALID_OR_NULL_FOR_RESTRICTED_PICKLIST:Status: bad value for restricted picklist field: Cancelled:Status --","1pgVY00000000NnYAI","Cancelled"
"1pgVY00000000NoYAI","INVALID_OR_NULL_FOR_RESTRICTED_PICKLIST:Status: bad value for restricted picklist field: Cancelled:Status --","1pgVY00000000NoYAI","Cancelled"
"1pgVY00000000NpYAI","INVALID_OR_NULL_FOR_RESTRICTED_PICKLIST:Status: bad value for restricted picklist field: Cancelled:Status --","1pgVY00000000NpYAI","Cancelled"
"1pgVY00000000NqYAI","INVALID_OR_NULL_FOR_RESTRICTED_PICKLIST:Status: bad value for restricted picklist field: Cancelled:Status --","1pgVY00000000NqYAI","Cancelled"
"1pgVY00000000NrYAI","INVALID_OR_NULL_FOR_RESTRICTED_PICKLIST:Status: bad value for restricted picklist field: Cancelled:Status --","1pgVY00000000NrYAI","Cancelled"
"1pgVY00000000NsYAI","INVALID_OR_NULL_FOR_RESTRICTED_PICKLIST:Status: bad value for restricted picklist field: Cancelled:Status --","1pgVY00000000NsYAI","Cancelled"
"1pgVY00000000NtYAI","INVALID_OR_NULL_FOR_RESTRICTED_PICKLIST:Status: bad value for restricted picklist field: Cancelled:Status --","1pgVY00000000NtYAI","Cancelled"
"1pgVY00000000NuYAI","INVALID_OR_NULL_FOR_RESTRICTED_PICKLIST:Status: bad value for restricted picklist field: Cancelled:Status --","1pgVY00000000NuYAI","Cancelled"
"1pgVY00000000NvYAI","INVALID_OR_NULL_FOR_RESTRICTED_PICKLIST:Status: bad value for restricted picklist field: Cancelled:Status --","1pgVY00000000NvYAI","Cancelled"
"1pgVY00000000NwYAI","INVALID_OR_NULL_FOR_RESTRICTED_PICKLIST:Status: bad value for restricted picklist field: Cancelled:Status --","1pgVY00000000NwYAI","Cancelled"
"1pgVY00000000NxYAI","INVALID_OR_NULL_FOR_RESTRICTED_PICKLIST:Status: bad value for restricted picklist field: Cancelled:Status --","1pgVY00000000NxYAI","Cancelled"
"1pgVY00000000NyYAI","INVALID_OR_NULL_FOR_RESTRICTED_PICKLIST:Status: bad value for restricted picklist field: Cancelled:Status --","1pgVY00000000NyYAI","Cancelled"
"1pgVY00000000NzYAI","INVALID_OR_NULL_FOR_RESTRICTED_PICKLIST:Status: bad value for restricted picklist field: Cancelled:Status --","1pgVY00000000NzYAI","Cancelled"
"1pgVY00000000O0YAI","INVALID_OR_NULL_FOR_RESTRICTED_PICKLIST:Status: bad value for restricted picklist field: Cancelled:Status --","1pgVY00000000O0YAI","Cancelled"
"1pgVY00000000O1YAI","INVALID_OR_NULL_FOR_RESTRICTED_PICKLIST:Status: bad value for restricted picklist field: Cancelled:Status --","1pgVY00000000O1YAI","Cancelled"
"1pgVY00000000O2YAI","INVALID_OR_NULL_FOR_RESTRICTED_PICKLIST:Status: bad value for restricted picklist field: Cancelled:Status --","1pgVY00000000O2YAI","Cancelled"
"1pgVY00000000O3YAI","INVALID_OR_NULL_FOR_RESTRICTED_PICKLIST:Status: bad value for restricted picklist field: Cancelled:Status --","1pgVY00000000O3YAI","Cancelled"
"1pgVY00000000O4YAI","INVALID_OR_NULL_FOR_RESTRICTED_PICKLIST:Status: bad value for restricted picklist field: Cancelled:Status --","1pgVY00000000O4YAI","Cancelled"
"1pgVY00000000O5YAI","INVALID_OR_NULL_FOR_RESTRICTED_PICKLIST:Status: bad value for restricted picklist field: Cancelled:Status --","1pgVY00000000O5YAI","Cancelled"
"1pgVY00000000O6YAI","INVALID_OR_NULL_FOR_RESTRICTED_PICKLIST:Status: bad value for restricted picklist field: Cancelled:Status --","1pgVY00000000O6YAI","Cancelled"
"1pgVY00000000O7YAI","INVALID_OR_NULL_FOR_RESTRICTED_PICKLIST:Status: bad value for restricted picklist field: Cancelled:Status --","1pgVY00000000O7YAI","Cancelled"
"1pgVY00000000O8YAI","INVALID_OR_NULL_FOR_RESTRICTED_PICKLIST:Status: bad value for restricted picklist field: Cancelled:Status --","1pgVY00000000O8YAI","Cancelled"
"1pgVY00000000O9YAI","INVALID_OR_NULL_FOR_RESTRICTED_PICKLIST:Status: bad value for restricted picklist field: Cancelled:Status --","1pgVY00000000O9YAI","Cancelled"
"1pgVY00000000OAYAY","INVALID_OR_NULL_FOR_RESTRICTED_PICKLIST:Status: bad value for restricted picklist field: Cancelled:Status --","1pgVY00000000OAYAY","Cancelled"
"1pgVY00000000OBYAY","INVALID_OR_NULL_FOR_RESTRICTED_PICKLIST:Status: bad value for restricted picklist field: Cancelled:Status --","1pgVY00000000OBYAY","Cancelled"
"1pgVY00000000OCYAY","INVALID_OR_NULL_FOR_RESTRICTED_PICKLIST:Status: bad value for restricted picklist field: Cancelled:Status --","1pgVY00000000OCYAY","Cancelled"
"1pgVY00000000ODYAY","INVALID_OR_NULL_FOR_RESTRICTED_PICKLIST:Status: bad value for restricted picklist field: Cancelled:Status --","1pgVY00000000ODYAY","Cancelled"
"1pgVY00000000OEYAY","INVALID_OR_NULL_FOR_RESTRICTED_PICKLIST:Status: bad value for restricted picklist field: Cancelled:Status --","1pgVY00000000OEYAY","Cancelled"
"1pgVY00000000OFYAY","INVALID_OR_NULL_FOR_RESTRICTED_PICKLIST:Status: bad value for restricted picklist field: Cancelled:Status --","1pgVY00000000OFYAY","Cancelled"
"1pgVY00000000OGYAY","INVALID_OR_NULL_FOR_RESTRICTED_PICKLIST:Status: bad value for restricted picklist field: Cancelled:Status --","1pgVY00000000OGYAY","Cancelled"
"1pgVY00000000OHYAY","INVALID_OR_NULL_FOR_RESTRICTED_PICKLIST:Status: bad value for restricted picklist field: Cancelled:Status --","1pgVY00000000OHYAY","Cancelled"
"1pgVY00000000OIYAY","INVALID_OR_NULL_FOR_RESTRICTED_PICKLIST:Status: bad value for restricted picklist field: Cancelled:Status --","1pgVY00000000OIYAY","Cancelled"
"1pgVY00000000OJYAY","INVALID_OR_NULL_FOR_RESTRICTED_PICKLIST:Status: bad value for restricted picklist field: Cancelled:Status --","1pgVY00000000OJYAY","Cancelled"
"1pgVY00000000OKYAY","INVALID_OR_NULL_FOR_RESTRICTED_PICKLIST:Status: bad value for restricted picklist field: Cancelled:Status --","1pgVY00000000OKYAY","Cancelled"
"1pgVY00000000OLYAY","INVALID_OR_NULL_FOR_RESTRICTED_PICKLIST:Status: bad value for restricted picklist field: Cancelled:Status --","1pgVY00000000OLYAY","Cancelled"
"1pgVY00000000OMYAY","INVALID_OR_NULL_FOR_RESTRICTED_PICKLIST:Status: bad value for restricted picklist field: Cancelled:Status --","1pgVY00000000OMYAY","Cancelled"
"1pgVY00000000ONYAY","INVALID_OR_NULL_FOR_RESTRICTED_PICKLIST:Status: bad value for restricted picklist field: Cancelled:Status --","1pgVY00000000ONYAY","Cancelled"
"1pgVY00000000OOYAY","INVALID_OR_NULL_FOR_RESTRICTED_PICKLIST:Status: bad value for restricted picklist field: Cancelled:Status --","1pgVY00000000OOYAY","Cancelled"
"1pgVY00000000OPYAY","INVALID_OR_NULL_FOR_RESTRICTED_PICKLIST:Status: bad value for restricted picklist field: Cancelled:Status --","1pgVY00000000OPYAY","Cancelled"
"1pgVY00000000OQYAY","INVALID_OR_NULL_FOR_RESTRICTED_PICKLIST:Status: bad value for restricted picklist field: Cancelled:Status --","1pgVY00000000OQYAY","Cancelled"
"1pgVY00000000ORYAY","INVALID_OR_NULL_FOR_RESTRICTED_PICKLIST:Status: bad value for restricted picklist field: Cancelled:Status --","1pgVY00000000ORYAY","Cancelled"
"1pgVY00000000OSYAY","INVALID_OR_NULL_FOR_RESTRICTED_PICKLIST:Status: bad value for restricted picklist field: Cancelled:Status --","1pgVY00000000OSYAY","Cancelled"
"1pgVY00000000OTYAY","INVALID_OR_NULL_FOR_RESTRICTED_PICKLIST:Status: bad value for restricted picklist field: Cancelled:Status --","1pgVY00000000OTYAY","Cancelled"
"1pgVY00000000OUYAY","INVALID_OR_NULL_FOR_RESTRICTED_PICKLIST:Status: bad value for restricted picklist field: Cancelled:Status --","1pgVY00000000OUYAY","Cancelled"
"1pgVY00000000OVYAY","INVALID_OR_NULL_FOR_RESTRICTED_PICKLIST:Status: bad value for restricted picklist field: Cancelled:Status --","1pgVY00000000OVYAY","Cancelled"
"1pgVY00000000OWYAY","INVALID_OR_NULL_FOR_RESTRICTED_PICKLIST:Status: bad value for restricted picklist field: Cancelled:Status --","1pgVY00000000OWYAY","Cancelled"
"1pgVY00000000OXYAY","INVALID_OR_NULL_FOR_RESTRICTED_PICKLIST:Status: bad value for restricted picklist field: Cancelled:Status --","1pgVY00000000OXYAY","Cancelled"
"1pgVY00000000OYYAY","INVALID_OR_NULL_FOR_RESTRICTED_PICKLIST:Status: bad value for restricted picklist field: Cancelled:Status --","1pgVY00000000OYYAY","Cancelled"
"1pgVY00000000OZYAY","INVALID_OR_NULL_FOR_RESTRICTED_PICKLIST:Status: bad value for restricted picklist field: Cancelled:Status --","1pgVY00000000OZYAY","Cancelled"
"1pgVY00000000OaYAI","INVALID_OR_NULL_FOR_RESTRICTED_PICKLIST:Status: bad value for restricted picklist field: Cancelled:Status --","1pgVY00000000OaYAI","Cancelled"
"1pgVY00000000ObYAI","INVALID_OR_NULL_FOR_RESTRICTED_PICKLIST:Status: bad value for restricted picklist field: Cancelled:Status --","1pgVY00000000ObYAI","Cancelled"
"1pgVY00000000OcYAI","INVALID_OR_NULL_FOR_RESTRICTED_PICKLIST:Status: bad value for restricted picklist field: Cancelled:Status --","1pgVY00000000OcYAI","Cancelled"
"1pgVY00000000OdYAI","INVALID_OR_NULL_FOR_RESTRICTED_PICKLIST:Status: bad value for restricted picklist field: Cancelled:Status --","1pgVY00000000OdYAI","Cancelled"
"1pgVY00000000OeYAI","INVALID_OR_NULL_FOR_RESTRICTED_PICKLIST:Status: bad value for restricted picklist field: Cancelled:Status --","1pgVY00000000OeYAI","Cancelled"
"1pgVY00000000OfYAI","INVALID_OR_NULL_FOR_RESTRICTED_PICKLIST:Status: bad value for restricted picklist field: Cancelled:Status --","1pgVY00000000OfYAI","Cancelled"
"1pgVY00000000OgYAI","INVALID_OR_NULL_FOR_RESTRICTED_PICKLIST:Status: bad value for restricted picklist field: Cancelled:Status --","1pgVY00000000OgYAI","Cancelled"
"1pgVY00000000OhYAI","INVALID_OR_NULL_FOR_RESTRICTED_PICKLIST:Status: bad value for restricted picklist field: Cancelled:Status --","1pgVY00000000OhYAI","Cancelled"
"1pgVY00000000OiYAI","INVALID_OR_NULL_FOR_RESTRICTED_PICKLIST:Status: bad value for restricted picklist field: Cancelled:Status --","1pgVY00000000OiYAI","Cancelled"
"1pgVY00000000OjYAI","INVALID_OR_NULL_FOR_RESTRICTED_PICKLIST:Status: bad value for restricted picklist field: Cancelled:Status --","1pgVY00000000OjYAI","Cancelled"
"1pgVY00000000OkYAI","INVALID_OR_NULL_FOR_RESTRICTED_PICKLIST:Status: bad value for restricted picklist field: Cancelled:Status --","1pgVY00000000OkYAI","Cancelled"
"1pgVY00000000OlYAI","INVALID_OR_NULL_FOR_RESTRICTED_PICKLIST:Status: bad value for restricted picklist field: Cancelled:Status --","1pgVY00000000OlYAI","Cancelled"
"1pgVY00000000OmYAI","INVALID_OR_NULL_FOR_RESTRICTED_PICKLIST:Status: bad value for restricted picklist field: Cancelled:Status --","1pgVY00000000OmYAI","Cancelled"
"1pgVY00000000OnYAI","INVALID_OR_NULL_FOR_RESTRICTED_PICKLIST:Status: bad value for restricted picklist field: Cancelled:Status --","1pgVY00000000OnYAI","Cancelled"
"1pgVY00000000OoYAI","INVALID_OR_NULL_FOR_RESTRICTED_PICKLIST:Status: bad value for restricted picklist field: Cancelled:Status --","1pgVY00000000OoYAI","Cancelled"
"1pgVY00000000OpYAI","INVALID_OR_NULL_FOR_RESTRICTED_PICKLIST:Status: bad value for restricted picklist field: Cancelled:Status --","1pgVY00000000OpYAI","Cancelled"
"1pgVY00000000OqYAI","INVALID_OR_NULL_FOR_RESTRICTED_PICKLIST:Status: bad value for restricted picklist field: Cancelled:Status --","1pgVY00000000OqYAI","Cancelled"
"1pgVY00000000OrYAI","INVALID_OR_NULL_FOR_RESTRICTED_PICKLIST:Status: bad value for restricted picklist field: Cancelled:Status --","1pgVY00000000OrYAI","Cancelled"
"1pgVY00000000OsYAI","INVALID_OR_NULL_FOR_RESTRICTED_PICKLIST:Status: bad value for restricted picklist field: Cancelled:Status --","1pgVY00000000OsYAI","Cancelled"
"1pgVY00000000OtYAI","INVALID_OR_NULL_FOR_RESTRICTED_PICKLIST:Status: bad value for restricted picklist field: Cancelled:Status --","1pgVY00000000OtYAI","Cancelled"
"1pgVY00000000OuYAI","INVALID_OR_NULL_FOR_RESTRICTED_PICKLIST:Status: bad value for restricted picklist field: Cancelled:Status --","1pgVY00000000OuYAI","Cancelled"
"1pgVY00000000OvYAI","INVALID_OR_NULL_FOR_RESTRICTED_PICKLIST:Status: bad value for restricted picklist field: Cancelled:Status --","1pgVY00000000OvYAI","Cancelled"
"1pgVY00000000OwYAI","INVALID_OR_NULL_FOR_RESTRICTED_PICKLIST:Status: bad value for restricted picklist field: Cancelled:Status --","1pgVY00000000OwYAI","Cancelled"
"1pgVY00000000OxYAI","INVALID_OR_NULL_FOR_RESTRICTED_PICKLIST:Status: bad value for restricted picklist field: Cancelled:Status --","1pgVY00000000OxYAI","Cancelled"
"1pgVY00000000OyYAI","INVALID_OR_NULL_FOR_RESTRICTED_PICKLIST:Status: bad value for restricted picklist field: Cancelled:Status --","1pgVY00000000OyYAI","Cancelled"
"1pgVY00000000OzYAI","INVALID_OR_NULL_FOR_RESTRICTED_PICKLIST:Status: bad value for restricted picklist field: Cancelled:Status --","1pgVY00000000OzYAI","Cancelled"
"1pgVY00000000P0YAI","INVALID_OR_NULL_FOR_RESTRICTED_PICKLIST:Status: bad value for restricted picklist field: Cancelled:Status --","1pgVY00000000P0YAI","Cancelled"
"1pgVY00000000P1YAI","INVALID_OR_NULL_FOR_RESTRICTED_PICKLIST:Status: bad value for restricted picklist field: Cancelled:Status --","1pgVY00000000P1YAI","Cancelled"
"1pgVY00000000P2YAI","INVALID_OR_NULL_FOR_RESTRICTED_PICKLIST:Status: bad value for restricted picklist field: Cancelled:Status --","1pgVY00000000P2YAI","Cancelled"
"1pgVY00000000P3YAI","INVALID_OR_NULL_FOR_RESTRICTED_PICKLIST:Status: bad value for restricted picklist field: Cancelled:Status --","1pgVY00000000P3YAI","Cancelled"
"1pgVY00000000P4YAI","INVALID_OR_NULL_FOR_RESTRICTED_PICKLIST:Status: bad value for restricted picklist field: Cancelled:Status --","1pgVY00000000P4YAI","Cancelled"
"1pgVY00000000P5YAI","INVALID_OR_NULL_FOR_RESTRICTED_PICKLIST:Status: bad value for restricted picklist field: Cancelled:Status --","1pgVY00000000P5YAI","Cancelled"
"1pgVY00000000P6YAI","INVALID_OR_NULL_FOR_RESTRICTED_PICKLIST:Status: bad value for restricted picklist field: Cancelled:Status --","1pgVY00000000P6YAI","Cancelled"
"1pgVY00000000P7YAI","INVALID_OR_NULL_FOR_RESTRICTED_PICKLIST:Status: bad value for restricted picklist field: Cancelled:Status --","1pgVY00000000P7YAI","Cancelled"
"1pgVY00000000P8YAI","INVALID_OR_NULL_FOR_RESTRICTED_PICKLIST:Status: bad value for restricted picklist field: Cancelled:Status --","1pgVY00000000P8YAI","Cancelled"
"1pgVY00000000P9YAI","INVALID_OR_NULL_FOR_RESTRICTED_PICKLIST:Status: bad value for restricted picklist field: Cancelled:Status --","1pgVY00000000P9YAI","Cancelled"
"1pgVY00000000PAYAY","INVALID_OR_NULL_FOR_RESTRICTED_PICKLIST:Status: bad value for restricted picklist field: Cancelled:Status --","1pgVY00000000PAYAY","Cancelled"
"1pgVY00000000PBYAY","INVALID_OR_NULL_FOR_RESTRICTED_PICKLIST:Status: bad value for restricted picklist field: Cancelled:Status --","1pgVY00000000PBYAY","Cancelled"
"1pgVY00000000PCYAY","INVALID_OR_NULL_FOR_RESTRICTED_PICKLIST:Status: bad value for restricted picklist field: Cancelled:Status --","1pgVY00000000PCYAY","Cancelled"
"1pgVY00000000PDYAY","INVALID_OR_NULL_FOR_RESTRICTED_PICKLIST:Status: bad value for restricted picklist field: Cancelled:Status --","1pgVY00000000PDYAY","Cancelled"
"1pgVY00000000PEYAY","INVALID_OR_NULL_FOR_RESTRICTED_PICKLIST:Status: bad value for restricted picklist field: Cancelled:Status --","1pgVY00000000PEYAY","Cancelled"
"1pgVY00000000PFYAY","INVALID_OR_NULL_FOR_RESTRICTED_PICKLIST:Status: bad value for restricted picklist field: Cancelled:Status --","1pgVY00000000PFYAY","Cancelled"
"1pgVY00000000PGYAY","INVALID_OR_NULL_FOR_RESTRICTED_PICKLIST:Status: bad value for restricted picklist field: Cancelled:Status --","1pgVY00000000PGYAY","Cancelled"
"1pgVY00000000PHYAY","INVALID_OR_NULL_FOR_RESTRICTED_PICKLIST:Status: bad value for restricted picklist field: Cancelled:Status --","1pgVY00000000PHYAY","Cancelled"
"1pgVY00000000PIYAY","INVALID_OR_NULL_FOR_RESTRICTED_PICKLIST:Status: bad value for restricted picklist field: Cancelled:Status --","1pgVY00000000PIYAY","Cancelled"
"1pgVY00000000PJYAY","INVALID_OR_NULL_FOR_RESTRICTED_PICKLIST:Status: bad value for restricted picklist field: Cancelled:Status --","1pgVY00000000PJYAY","Cancelled"
"1pgVY00000000PKYAY","INVALID_OR_NULL_FOR_RESTRICTED_PICKLIST:Status: bad value for restricted picklist field: Cancelled:Status --","1pgVY00000000PKYAY","Cancelled"
"1pgVY00000000PLYAY","INVALID_OR_NULL_FOR_RESTRICTED_PICKLIST:Status: bad value for restricted picklist field: Cancelled:Status --","1pgVY00000000PLYAY","Cancelled"
"1pgVY00000000PMYAY","INVALID_OR_NULL_FOR_RESTRICTED_PICKLIST:Status: bad value for restricted picklist field: Cancelled:Status --","1pgVY00000000PMYAY","Cancelled"
"1pgVY00000000PNYAY","INVALID_OR_NULL_FOR_RESTRICTED_PICKLIST:Status: bad value for restricted picklist field: Cancelled:Status --","1pgVY00000000PNYAY","Cancelled"
"1pgVY00000000POYAY","INVALID_OR_NULL_FOR_RESTRICTED_PICKLIST:Status: bad value for restricted picklist field: Cancelled:Status --","1pgVY00000000POYAY","Cancelled"
"1pgVY00000000PPYAY","INVALID_OR_NULL_FOR_RESTRICTED_PICKLIST:Status: bad value for restricted picklist field: Cancelled:Status --","1pgVY00000000PPYAY","Cancelled"
"1pgVY00000000PQYAY","INVALID_OR_NULL_FOR_RESTRICTED_PICKLIST:Status: bad value for restricted picklist field: Cancelled:Status --","1pgVY00000000PQYAY","Cancelled"
"1pgVY00000000PRYAY","INVALID_OR_NULL_FOR_RESTRICTED_PICKLIST:Status: bad value for restricted picklist field: Cancelled:Status --","1pgVY00000000PRYAY","Cancelled"
"1pgVY00000000PSYAY","INVALID_OR_NULL_FOR_RESTRICTED_PICKLIST:Status: bad value for restricted picklist field: Cancelled:Status --","1pgVY00000000PSYAY","Cancelled"
"1pgVY00000000PTYAY","INVALID_OR_NULL_FOR_RESTRICTED_PICKLIST:Status: bad value for restricted picklist field: Cancelled:Status --","1pgVY00000000PTYAY","Cancelled"
"1pgVY00000000PUYAY","INVALID_OR_NULL_FOR_RESTRICTED_PICKLIST:Status: bad value for restricted picklist field: Cancelled:Status --","1pgVY00000000PUYAY","Cancelled"
"1pgVY00000000PVYAY","INVALID_OR_NULL_FOR_RESTRICTED_PICKLIST:Status: bad value for restricted picklist field: Cancelled:Status --","1pgVY00000000PVYAY","Cancelled"
"1pgVY00000000PWYAY","INVALID_OR_NULL_FOR_RESTRICTED_PICKLIST:Status: bad value for restricted picklist field: Cancelled:Status --","1pgVY00000000PWYAY","Cancelled"
"1pgVY00000000PXYAY","INVALID_OR_NULL_FOR_RESTRICTED_PICKLIST:Status: bad value for restricted picklist field: Cancelled:Status --","1pgVY00000000PXYAY","Cancelled"
"1pgVY00000000PYYAY","INVALID_OR_NULL_FOR_RESTRICTED_PICKLIST:Status: bad value for restricted picklist field: Cancelled:Status --","1pgVY00000000PYYAY","Cancelled"
"1pgVY00000000PZYAY","INVALID_OR_NULL_FOR_RESTRICTED_PICKLIST:Status: bad value for restricted picklist field: Cancelled:Status --","1pgVY00000000PZYAY","Cancelled"
"1pgVY00000000PaYAI","INVALID_OR_NULL_FOR_RESTRICTED_PICKLIST:Status: bad value for restricted picklist field: Cancelled:Status --","1pgVY00000000PaYAI","Cancelled"
"1pgVY00000000PbYAI","INVALID_OR_NULL_FOR_RESTRICTED_PICKLIST:Status: bad value for restricted picklist field: Cancelled:Status --","1pgVY00000000PbYAI","Cancelled"
"1pgVY00000000PcYAI","INVALID_OR_NULL_FOR_RESTRICTED_PICKLIST:Status: bad value for restricted picklist field: Cancelled:Status --","1pgVY00000000PcYAI","Cancelled"
"1pgVY00000000PdYAI","INVALID_OR_NULL_FOR_RESTRICTED_PICKLIST:Status: bad value for restricted picklist field: Cancelled:Status --","1pgVY00000000PdYAI","Cancelled"
"1pgVY00000000PeYAI","INVALID_OR_NULL_FOR_RESTRICTED_PICKLIST:Status: bad value for restricted picklist field: Cancelled:Status --","1pgVY00000000PeYAI","Cancelled"
"1pgVY00000000PfYAI","INVALID_OR_NULL_FOR_RESTRICTED_PICKLIST:Status: bad value for restricted picklist field: Cancelled:Status --","1pgVY00000000PfYAI","Cancelled"
"1pgVY00000000PgYAI","INVALID_OR_NULL_FOR_RESTRICTED_PICKLIST:Status: bad value for restricted picklist field: Cancelled:Status --","1pgVY00000000PgYAI","Cancelled"
"1pgVY00000000PhYAI","INVALID_OR_NULL_FOR_RESTRICTED_PICKLIST:Status: bad value for restricted picklist field: Cancelled:Status --","1pgVY00000000PhYAI","Cancelled"
"1pgVY00000000PiYAI","INVALID_OR_NULL_FOR_RESTRICTED_PICKLIST:Status: bad value for restricted picklist field: Cancelled:Status --","1pgVY00000000PiYAI","Cancelled"
"1pgVY00000000PjYAI","INVALID_OR_NULL_FOR_RESTRICTED_PICKLIST:Status: bad value for restricted picklist field: Cancelled:Status --","1pgVY00000000PjYAI","Cancelled"
"1pgVY00000000PkYAI","INVALID_OR_NULL_FOR_RESTRICTED_PICKLIST:Status: bad value for restricted picklist field: Cancelled:Status --","1pgVY00000000PkYAI","Cancelled"
"1pgVY00000000PlYAI","INVALID_OR_NULL_FOR_RESTRICTED_PICKLIST:Status: bad value for restricted picklist field: Cancelled:Status --","1pgVY00000000PlYAI","Cancelled"
"1pgVY00000000PmYAI","INVALID_OR_NULL_FOR_RESTRICTED_PICKLIST:Status: bad value for restricted picklist field: Cancelled:Status --","1pgVY00000000PmYAI","Cancelled"
"1pgVY00000000T1YAI","INVALID_OR_NULL_FOR_RESTRICTED_PICKLIST:Status: bad value for restricted picklist field: Cancelled:Status --","1pgVY00000000T1YAI","Cancelled"
"1pgVY00000000T2YAI","INVALID_OR_NULL_FOR_RESTRICTED_PICKLIST:Status: bad value for restricted picklist field: Cancelled:Status --","1pgVY00000000T2YAI","Cancelled"
"1pgVY00000000T3YAI","INVALID_OR_NULL_FOR_RESTRICTED_PICKLIST:Status: bad value for restricted picklist field: Cancelled:Status --","1pgVY00000000T3YAI","Cancelled"
"1pgVY00000000T4YAI","INVALID_OR_NULL_FOR_RESTRICTED_PICKLIST:Status: bad value for restricted picklist field: Cancelled:Status --","1pgVY00000000T4YAI","Cancelled"
"1pgVY00000000T5YAI","INVALID_OR_NULL_FOR_RESTRICTED_PICKLIST:Status: bad value for restricted picklist field: Cancelled:Status --","1pgVY00000000T5YAI","Cancelled"
"1pgVY00000000T6YAI","INVALID_OR_NULL_FOR_RESTRICTED_PICKLIST:Status: bad value for restricted picklist field: Cancelled:Status --","1pgVY00000000T6YAI","Cancelled"
"1pgVY00000000T7YAI","INVALID_OR_NULL_FOR_RESTRICTED_PICKLIST:Status: bad value for restricted picklist field: Cancelled:Status --","1pgVY00000000T7YAI","Cancelled"
"1pgVY00000000T8YAI","INVALID_OR_NULL_FOR_RESTRICTED_PICKLIST:Status: bad value for restricted picklist field: Cancelled:Status --","1pgVY00000000T8YAI","Cancelled"
"1pgVY00000000T9YAI","INVALID_OR_NULL_FOR_RESTRICTED_PICKLIST:Status: bad value for restricted picklist field: Cancelled:Status --","1pgVY00000000T9YAI","Cancelled"
"1pgVY00000000TAYAY","INVALID_OR_NULL_FOR_RESTRICTED_PICKLIST:Status: bad value for restricted picklist field: Cancelled:Status --","1pgVY00000000TAYAY","Cancelled"
"1pgVY00000000TBYAY","INVALID_OR_NULL_FOR_RESTRICTED_PICKLIST:Status: bad value for restricted picklist field: Cancelled:Status --","1pgVY00000000TBYAY","Cancelled"
"1pgVY00000000TCYAY","INVALID_OR_NULL_FOR_RESTRICTED_PICKLIST:Status: bad value for restricted picklist field: Cancelled:Status --","1pgVY00000000TCYAY","Cancelled"
"1pgVY00000000TDYAY","INVALID_OR_NULL_FOR_RESTRICTED_PICKLIST:Status: bad value for restricted picklist field: Cancelled:Status --","1pgVY00000000TDYAY","Cancelled"
"1pgVY00000000TEYAY","INVALID_OR_NULL_FOR_RESTRICTED_PICKLIST:Status: bad value for restricted picklist field: Cancelled:Status --","1pgVY00000000TEYAY","Cancelled"
"1pgVY00000000TFYAY","INVALID_OR_NULL_FOR_RESTRICTED_PICKLIST:Status: bad value for restricted picklist field: Cancelled:Status --","1pgVY00000000TFYAY","Cancelled"
"1pgVY00000000TGYAY","INVALID_OR_NULL_FOR_RESTRICTED_PICKLIST:Status: bad value for restricted picklist field: Cancelled:Status --","1pgVY00000000TGYAY","Cancelled"
"1pgVY00000000THYAY","INVALID_OR_NULL_FOR_RESTRICTED_PICKLIST:Status: bad value for restricted picklist field: Cancelled:Status --","1pgVY00000000THYAY","Cancelled"
"1pgVY00000000TIYAY","INVALID_OR_NULL_FOR_RESTRICTED_PICKLIST:Status: bad value for restricted picklist field: Cancelled:Status --","1pgVY00000000TIYAY","Cancelled"
"1pgVY00000000TJYAY","INVALID_OR_NULL_FOR_RESTRICTED_PICKLIST:Status: bad value for restricted picklist field: Cancelled:Status --","1pgVY00000000TJYAY","Cancelled"
"1pgVY00000000TKYAY","INVALID_OR_NULL_FOR_RESTRICTED_PICKLIST:Status: bad value for restricted picklist field: Cancelled:Status --","1pgVY00000000TKYAY","Cancelled"
"1pgVY00000000TLYAY","INVALID_OR_NULL_FOR_RESTRICTED_PICKLIST:Status: bad value for restricted picklist field: Cancelled:Status --","1pgVY00000000TLYAY","Cancelled"
"1pgVY00000000TMYAY","INVALID_OR_NULL_FOR_RESTRICTED_PICKLIST:Status: bad value for restricted picklist field: Cancelled:Status --","1pgVY00000000TMYAY","Cancelled"
"1pgVY00000000TNYAY","INVALID_OR_NULL_FOR_RESTRICTED_PICKLIST:Status: bad value for restricted picklist field: Cancelled:Status --","1pgVY00000000TNYAY","Cancelled"
"1pgVY00000000TOYAY","INVALID_OR_NULL_FOR_RESTRICTED_PICKLIST:Status: bad value for restricted picklist field: Cancelled:Status --","1pgVY00000000TOYAY","Cancelled"
"1pgVY00000000TPYAY","INVALID_OR_NULL_FOR_RESTRICTED_PICKLIST:Status: bad value for restricted picklist field: Cancelled:Status --","1pgVY00000000TPYAY","Cancelled"
"1pgVY00000000TQYAY","INVALID_OR_NULL_FOR_RESTRICTED_PICKLIST:Status: bad value for restricted picklist field: Cancelled:Status --","1pgVY00000000TQYAY","Cancelled"
"1pgVY00000000TRYAY","INVALID_OR_NULL_FOR_RESTRICTED_PICKLIST:Status: bad value for restricted picklist field: Cancelled:Status --","1pgVY00000000TRYAY","Cancelled"
"1pgVY00000000TSYAY","INVALID_OR_NULL_FOR_RESTRICTED_PICKLIST:Status: bad value for restricted picklist field: Cancelled:Status --","1pgVY00000000TSYAY","Cancelled"
"1pgVY00000000TTYAY","INVALID_OR_NULL_FOR_RESTRICTED_PICKLIST:Status: bad value for restricted picklist field: Cancelled:Status --","1pgVY00000000TTYAY","Cancelled"
"1pgVY00000000TUYAY","INVALID_OR_NULL_FOR_RESTRICTED_PICKLIST:Status: bad value for restricted picklist field: Cancelled:Status --","1pgVY00000000TUYAY","Cancelled"
"1pgVY00000000TVYAY","INVALID_OR_NULL_FOR_RESTRICTED_PICKLIST:Status: bad value for restricted picklist field: Cancelled:Status --","1pgVY00000000TVYAY","Cancelled"
"1pgVY00000000TWYAY","INVALID_OR_NULL_FOR_RESTRICTED_PICKLIST:Status: bad value for restricted picklist field: Cancelled:Status --","1pgVY00000000TWYAY","Cancelled"
"1pgVY00000000TXYAY","INVALID_OR_NULL_FOR_RESTRICTED_PICKLIST:Status: bad value for restricted picklist field: Cancelled:Status --","1pgVY00000000TXYAY","Cancelled"
"1pgVY00000000TYYAY","INVALID_OR_NULL_FOR_RESTRICTED_PICKLIST:Status: bad value for restricted picklist field: Cancelled:Status --","1pgVY00000000TYYAY","Cancelled"
"1pgVY00000000TZYAY","INVALID_OR_NULL_FOR_RESTRICTED_PICKLIST:Status: bad value for restricted picklist field: Cancelled:Status --","1pgVY00000000TZYAY","Cancelled"
"1pgVY00000000TaYAI","INVALID_OR_NULL_FOR_RESTRICTED_PICKLIST:Status: bad value for restricted picklist field: Cancelled:Status --","1pgVY00000000TaYAI","Cancelled"
"1pgVY00000000TbYAI","INVALID_OR_NULL_FOR_RESTRICTED_PICKLIST:Status: bad value for restricted picklist field: Cancelled:Status --","1pgVY00000000TbYAI","Cancelled"
"1pgVY00000000TcYAI","INVALID_OR_NULL_FOR_RESTRICTED_PICKLIST:Status: bad value for restricted picklist field: Cancelled:Status --","1pgVY00000000TcYAI","Cancelled"
"1pgVY00000000TdYAI","INVALID_OR_NULL_FOR_RESTRICTED_PICKLIST:Status: bad value for restricted picklist field: Cancelled:Status --","1pgVY00000000TdYAI","Cancelled"
"1pgVY00000000TeYAI","INVALID_OR_NULL_FOR_RESTRICTED_PICKLIST:Status: bad value for restricted picklist field: Cancelled:Status --","1pgVY00000000TeYAI","Cancelled"
"1pgVY00000000TfYAI","INVALID_OR_NULL_FOR_RESTRICTED_PICKLIST:Status: bad value for restricted picklist field: Cancelled:Status --","1pgVY00000000TfYAI","Cancelled"
"1pgVY00000000TgYAI","INVALID_OR_NULL_FOR_RESTRICTED_PICKLIST:Status: bad value for restricted picklist field: Cancelled:Status --","1pgVY00000000TgYAI","Cancelled"
"1pgVY00000000ThYAI","INVALID_OR_NULL_FOR_RESTRICTED_PICKLIST:Status: bad value for restricted picklist field: Cancelled:Status --","1pgVY00000000ThYAI","Cancelled"
"1pgVY00000000TiYAI","INVALID_OR_NULL_FOR_RESTRICTED_PICKLIST:Status: bad value for restricted picklist field: Cancelled:Status --","1pgVY00000000TiYAI","Cancelled"
"1pgVY00000000TjYAI","INVALID_OR_NULL_FOR_RESTRICTED_PICKLIST:Status: bad value for restricted picklist field: Cancelled:Status --","1pgVY00000000TjYAI","Cancelled"
"1pgVY00000000TkYAI","INVALID_OR_NULL_FOR_RESTRICTED_PICKLIST:Status: bad value for restricted picklist field: Cancelled:Status --","1pgVY00000000TkYAI","Cancelled"
"1pgVY00000000TlYAI","INVALID_OR_NULL_FOR_RESTRICTED_PICKLIST:Status: bad value for restricted picklist field: Cancelled:Status --","1pgVY00000000TlYAI","Cancelled"
"1pgVY00000000TmYAI","INVALID_OR_NULL_FOR_RESTRICTED_PICKLIST:Status: bad value for restricted picklist field: Cancelled:Status --","1pgVY00000000TmYAI","Cancelled"
"1pgVY00000000TnYAI","INVALID_OR_NULL_FOR_RESTRICTED_PICKLIST:Status: bad value for restricted picklist field: Cancelled:Status --","1pgVY00000000TnYAI","Cancelled"
"1pgVY00000000ToYAI","INVALID_OR_NULL_FOR_RESTRICTED_PICKLIST:Status: bad value for restricted picklist field: Cancelled:Status --","1pgVY00000000ToYAI","Cancelled"
"1pgVY00000000TpYAI","INVALID_OR_NULL_FOR_RESTRICTED_PICKLIST:Status: bad value for restricted picklist field: Cancelled:Status --","1pgVY00000000TpYAI","Cancelled"
"1pgVY00000000TqYAI","INVALID_OR_NULL_FOR_RESTRICTED_PICKLIST:Status: bad value for restricted picklist field: Cancelled:Status --","1pgVY00000000TqYAI","Cancelled"
"1pgVY00000000TrYAI","INVALID_OR_NULL_FOR_RESTRICTED_PICKLIST:Status: bad value for restricted picklist field: Cancelled:Status --","1pgVY00000000TrYAI","Cancelled"
"1pgVY00000000TsYAI","INVALID_OR_NULL_FOR_RESTRICTED_PICKLIST:Status: bad value for restricted picklist field: Cancelled:Status --","1pgVY00000000TsYAI","Cancelled"
"1pgVY00000000TtYAI","INVALID_OR_NULL_FOR_RESTRICTED_PICKLIST:Status: bad value for restricted picklist field: Cancelled:Status --","1pgVY00000000TtYAI","Cancelled"
"1pgVY00000000TuYAI","INVALID_OR_NULL_FOR_RESTRICTED_PICKLIST:Status: bad value for restricted picklist field: Cancelled:Status --","1pgVY00000000TuYAI","Cancelled"
"1pgVY00000000TvYAI","INVALID_OR_NULL_FOR_RESTRICTED_PICKLIST:Status: bad value for restricted picklist field: Cancelled:Status --","1pgVY00000000TvYAI","Cancelled"
"1pgVY00000000TwYAI","INVALID_OR_NULL_FOR_RESTRICTED_PICKLIST:Status: bad value for restricted picklist field: Cancelled:Status --","1pgVY00000000TwYAI","Cancelled"
"1pgVY00000000TxYAI","INVALID_OR_NULL_FOR_RESTRICTED_PICKLIST:Status: bad value for restricted picklist field: Cancelled:Status --","1pgVY00000000TxYAI","Cancelled"
"1pgVY00000000TyYAI","INVALID_OR_NULL_FOR_RESTRICTED_PICKLIST:Status: bad value for restricted picklist field: Cancelled:Status --","1pgVY00000000TyYAI","Cancelled"
"1pgVY00000000TzYAI","INVALID_OR_NULL_FOR_RESTRICTED_PICKLIST:Status: bad value for restricted picklist field: Cancelled:Status --","1pgVY00000000TzYAI","Cancelled"
"1pgVY00000000U0YAI","INVALID_OR_NULL_FOR_RESTRICTED_PICKLIST:Status: bad value for restricted picklist field: Cancelled:Status --","1pgVY00000000U0YAI","Cancelled"
"1pgVY00000000U1YAI","INVALID_OR_NULL_FOR_RESTRICTED_PICKLIST:Status: bad value for restricted picklist field: Cancelled:Status --","1pgVY00000000U1YAI","Cancelled"
"1pgVY00000000U2YAI","INVALID_OR_NULL_FOR_RESTRICTED_PICKLIST:Status: bad value for restricted picklist field: Cancelled:Status --","1pgVY00000000U2YAI","Cancelled"
"1pgVY00000000U3YAI","INVALID_OR_NULL_FOR_RESTRICTED_PICKLIST:Status: bad value for restricted picklist field: Cancelled:Status --","1pgVY00000000U3YAI","Cancelled"
"1pgVY00000000U4YAI","INVALID_OR_NULL_FOR_RESTRICTED_PICKLIST:Status: bad value for restricted picklist field: Cancelled:Status --","1pgVY00000000U4YAI","Cancelled"
"1pgVY00000000U5YAI","INVALID_OR_NULL_FOR_RESTRICTED_PICKLIST:Status: bad value for restricted picklist field: Cancelled:Status --","1pgVY00000000U5YAI","Cancelled"
"1pgVY00000000U6YAI","INVALID_OR_NULL_FOR_RESTRICTED_PICKLIST:Status: bad value for restricted picklist field: Cancelled:Status --","1pgVY00000000U6YAI","Cancelled"
"1pgVY00000000U7YAI","INVALID_OR_NULL_FOR_RESTRICTED_PICKLIST:Status: bad value for restricted picklist field: Cancelled:Status --","1pgVY00000000U7YAI","Cancelled"
"1pgVY00000000U8YAI","INVALID_OR_NULL_FOR_RESTRICTED_PICKLIST:Status: bad value for restricted picklist field: Cancelled:Status --","1pgVY00000000U8YAI","Cancelled"
"1pgVY00000000U9YAI","INVALID_OR_NULL_FOR_RESTRICTED_PICKLIST:Status: bad value for restricted picklist field: Cancelled:Status --","1pgVY00000000U9YAI","Cancelled"
"1pgVY00000000UAYAY","INVALID_OR_NULL_FOR_RESTRICTED_PICKLIST:Status: bad value for restricted picklist field: Cancelled:Status --","1pgVY00000000UAYAY","Cancelled"
"1pgVY00000000UBYAY","INVALID_OR_NULL_FOR_RESTRICTED_PICKLIST:Status: bad value for restricted picklist field: Cancelled:Status --","1pgVY00000000UBYAY","Cancelled"
"1pgVY00000000UCYAY","INVALID_OR_NULL_FOR_RESTRICTED_PICKLIST:Status: bad value for restricted picklist field: Cancelled:Status --","1pgVY00000000UCYAY","Cancelled"
"1pgVY00000000UDYAY","INVALID_OR_NULL_FOR_RESTRICTED_PICKLIST:Status: bad value for restricted picklist field: Cancelled:Status --","1pgVY00000000UDYAY","Cancelled"
"1pgVY00000000UEYAY","INVALID_OR_NULL_FOR_RESTRICTED_PICKLIST:Status: bad value for restricted picklist field: Cancelled:Status --","1pgVY00000000UEYAY","Cancelled"
"1pgVY00000000UFYAY","INVALID_OR_NULL_FOR_RESTRICTED_PICKLIST:Status: bad value for restricted picklist field: Cancelled:Status --","1pgVY00000000UFYAY","Cancelled"
"1pgVY00000000UGYAY","INVALID_OR_NULL_FOR_RESTRICTED_PICKLIST:Status: bad value for restricted picklist field: Cancelled:Status --","1pgVY00000000UGYAY","Cancelled"
"1pgVY00000000UHYAY","INVALID_OR_NULL_FOR_RESTRICTED_PICKLIST:Status: bad value for restricted picklist field: Cancelled:Status --","1pgVY00000000UHYAY","Cancelled"
"1pgVY00000000UIYAY","INVALID_OR_NULL_FOR_RESTRICTED_PICKLIST:Status: bad value for restricted picklist field: Cancelled:Status --","1pgVY00000000UIYAY","Cancelled"
"1pgVY00000000UJYAY","INVALID_OR_NULL_FOR_RESTRICTED_PICKLIST:Status: bad value for restricted picklist field: Cancelled:Status --","1pgVY00000000UJYAY","Cancelled"
"1pgVY00000000UKYAY","INVALID_OR_NULL_FOR_RESTRICTED_PICKLIST:Status: bad value for restricted picklist field: Cancelled:Status --","1pgVY00000000UKYAY","Cancelled"
"1pgVY00000000ULYAY","INVALID_OR_NULL_FOR_RESTRICTED_PICKLIST:Status: bad value for restricted picklist field: Cancelled:Status --","1pgVY00000000ULYAY","Cancelled"
"1pgVY00000000UMYAY","INVALID_OR_NULL_FOR_RESTRICTED_PICKLIST:Status: bad value for restricted picklist field: Cancelled:Status --","1pgVY00000000UMYAY","Cancelled"
"1pgVY00000000UNYAY","INVALID_OR_NULL_FOR_RESTRICTED_PICKLIST:Status: bad value for restricted picklist field: Cancelled:Status --","1pgVY00000000UNYAY","Cancelled"
"1pgVY00000000UOYAY","INVALID_OR_NULL_FOR_RESTRICTED_PICKLIST:Status: bad value for restricted picklist field: Cancelled:Status --","1pgVY00000000UOYAY","Cancelled"
"1pgVY00000000UPYAY","INVALID_OR_NULL_FOR_RESTRICTED_PICKLIST:Status: bad value for restricted picklist field: Cancelled:Status --","1pgVY00000000UPYAY","Cancelled"
"1pgVY00000000UQYAY","INVALID_OR_NULL_FOR_RESTRICTED_PICKLIST:Status: bad value for restricted picklist field: Cancelled:Status --","1pgVY00000000UQYAY","Cancelled"
"1pgVY00000000URYAY","INVALID_OR_NULL_FOR_RESTRICTED_PICKLIST:Status: bad value for restricted picklist field: Cancelled:Status --","1pgVY00000000URYAY","Cancelled"
"1pgVY00000000USYAY","INVALID_OR_NULL_FOR_RESTRICTED_PICKLIST:Status: bad value for restricted picklist field: Cancelled:Status --","1pgVY00000000USYAY","Cancelled"
"1pgVY00000000UTYAY","INVALID_OR_NULL_FOR_RESTRICTED_PICKLIST:Status: bad value for restricted picklist field: Cancelled:Status --","1pgVY00000000UTYAY","Cancelled"
"1pgVY00000000UUYAY","INVALID_OR_NULL_FOR_RESTRICTED_PICKLIST:Status: bad value for restricted picklist field: Cancelled:Status --","1pgVY00000000UUYAY","Cancelled"
"1pgVY00000000UVYAY","INVALID_OR_NULL_FOR_RESTRICTED_PICKLIST:Status: bad value for restricted picklist field: Cancelled:Status --","1pgVY00000000UVYAY","Cancelled"
"1pgVY00000000UWYAY","INVALID_OR_NULL_FOR_RESTRICTED_PICKLIST:Status: bad value for restricted picklist field: Cancelled:Status --","1pgVY00000000UWYAY","Cancelled"
"1pgVY00000000UXYAY","INVALID_OR_NULL_FOR_RESTRICTED_PICKLIST:Status: bad value for restricted picklist field: Cancelled:Status --","1pgVY00000000UXYAY","Cancelled"
"1pgVY00000000UYYAY","INVALID_OR_NULL_FOR_RESTRICTED_PICKLIST:Status: bad value for restricted picklist field: Cancelled:Status --","1pgVY00000000UYYAY","Cancelled"
"1pgVY00000000UZYAY","INVALID_OR_NULL_FOR_RESTRICTED_PICKLIST:Status: bad value for restricted picklist field: Cancelled:Status --","1pgVY00000000UZYAY","Cancelled"
"1pgVY00000000UaYAI","INVALID_OR_NULL_FOR_RESTRICTED_PICKLIST:Status: bad value for restricted picklist field: Cancelled:Status --","1pgVY00000000UaYAI","Cancelled"
"1pgVY00000000UbYAI","INVALID_OR_NULL_FOR_RESTRICTED_PICKLIST:Status: bad value for restricted picklist field: Cancelled:Status --","1pgVY00000000UbYAI","Cancelled"
"1pgVY00000000UcYAI","INVALID_OR_NULL_FOR_RESTRICTED_PICKLIST:Status: bad value for restricted picklist field: Cancelled:Status --","1pgVY00000000UcYAI","Cancelled"
"1pgVY00000000UdYAI","INVALID_OR_NULL_FOR_RESTRICTED_PICKLIST:Status: bad value for restricted picklist field: Cancelled:Status --","1pgVY00000000UdYAI","Cancelled"
"1pgVY00000000UeYAI","INVALID_OR_NULL_FOR_RESTRICTED_PICKLIST:Status: bad value for restricted picklist field: Cancelled:Status --","1pgVY00000000UeYAI","Cancelled"
"1pgVY00000000UfYAI","INVALID_OR_NULL_FOR_RESTRICTED_PICKLIST:Status: bad value for restricted picklist field: Cancelled:Status --","1pgVY00000000UfYAI","Cancelled"
"1pgVY00000000UgYAI","INVALID_OR_NULL_FOR_RESTRICTED_PICKLIST:Status: bad value for restricted picklist field: Cancelled:Status --","1pgVY00000000UgYAI","Cancelled"
"1pgVY00000000UhYAI","INVALID_OR_NULL_FOR_RESTRICTED_PICKLIST:Status: bad value for restricted picklist field: Cancelled:Status --","1pgVY00000000UhYAI","Cancelled"
"1pgVY00000000UiYAI","INVALID_OR_NULL_FOR_RESTRICTED_PICKLIST:Status: bad value for restricted picklist field: Cancelled:Status --","1pgVY00000000UiYAI","Cancelled"
"1pgVY00000000UjYAI","INVALID_OR_NULL_FOR_RESTRICTED_PICKLIST:Status: bad value for restricted picklist field: Cancelled:Status --","1pgVY00000000UjYAI","Cancelled"
"1pgVY00000000UkYAI","INVALID_OR_NULL_FOR_RESTRICTED_PICKLIST:Status: bad value for restricted picklist field: Cancelled:Status --","1pgVY00000000UkYAI","Cancelled"
"1pgVY00000000UlYAI","INVALID_OR_NULL_FOR_RESTRICTED_PICKLIST:Status: bad value for restricted picklist field: Cancelled:Status --","1pgVY00000000UlYAI","Cancelled"
"1pgVY00000000UmYAI","INVALID_OR_NULL_FOR_RESTRICTED_PICKLIST:Status: bad value for restricted picklist field: Cancelled:Status --","1pgVY00000000UmYAI","Cancelled"
"1pgVY00000000UnYAI","INVALID_OR_NULL_FOR_RESTRICTED_PICKLIST:Status: bad value for restricted picklist field: Cancelled:Status --","1pgVY00000000UnYAI","Cancelled"
"1pgVY00000000UoYAI","INVALID_OR_NULL_FOR_RESTRICTED_PICKLIST:Status: bad value for restricted picklist field: Cancelled:Status --","1pgVY00000000UoYAI","Cancelled"
"1pgVY00000000UpYAI","INVALID_OR_NULL_FOR_RESTRICTED_PICKLIST:Status: bad value for restricted picklist field: Cancelled:Status --","1pgVY00000000UpYAI","Cancelled"
"1pgVY00000000UqYAI","INVALID_OR_NULL_FOR_RESTRICTED_PICKLIST:Status: bad value for restricted picklist field: Cancelled:Status --","1pgVY00000000UqYAI","Cancelled"
"1pgVY00000000UrYAI","INVALID_OR_NULL_FOR_RESTRICTED_PICKLIST:Status: bad value for restricted picklist field: Cancelled:Status --","1pgVY00000000UrYAI","Cancelled"
"1pgVY00000000UsYAI","INVALID_OR_NULL_FOR_RESTRICTED_PICKLIST:Status: bad value for restricted picklist field: Cancelled:Status --","1pgVY00000000UsYAI","Cancelled"
"1pgVY00000000UtYAI","INVALID_OR_NULL_FOR_RESTRICTED_PICKLIST:Status: bad value for restricted picklist field: Cancelled:Status --","1pgVY00000000UtYAI","Cancelled"
"1pgVY00000000UuYAI","INVALID_OR_NULL_FOR_RESTRICTED_PICKLIST:Status: bad value for restricted picklist field: Cancelled:Status --","1pgVY00000000UuYAI","Cancelled"
"1pgVY00000000UvYAI","INVALID_OR_NULL_FOR_RESTRICTED_PICKLIST:Status: bad value for restricted picklist field: Cancelled:Status --","1pgVY00000000UvYAI","Cancelled"
"1pgVY00000000UwYAI","INVALID_OR_NULL_FOR_RESTRICTED_PICKLIST:Status: bad value for restricted picklist field: Cancelled:Status --","1pgVY00000000UwYAI","Cancelled"
"1pgVY00000000UxYAI","INVALID_OR_NULL_FOR_RESTRICTED_PICKLIST:Status: bad value for restricted picklist field: Cancelled:Status --","1pgVY00000000UxYAI","Cancelled"
"1pgVY00000000UyYAI","INVALID_OR_NULL_FOR_RESTRICTED_PICKLIST:Status: bad value for restricted picklist field: Cancelled:Status --","1pgVY00000000UyYAI","Cancelled"
"1pgVY00000000UzYAI","INVALID_OR_NULL_FOR_RESTRICTED_PICKLIST:Status: bad value for restricted picklist field: Cancelled:Status --","1pgVY00000000UzYAI","Cancelled"
"1pgVY00000000V0YAI","INVALID_OR_NULL_FOR_RESTRICTED_PICKLIST:Status: bad value for restricted picklist field: Cancelled:Status --","1pgVY00000000V0YAI","Cancelled"
"1pgVY00000000V1YAI","INVALID_OR_NULL_FOR_RESTRICTED_PICKLIST:Status: bad value for restricted picklist field: Cancelled:Status --","1pgVY00000000V1YAI","Cancelled"
"1pgVY00000000V2YAI","INVALID_OR_NULL_FOR_RESTRICTED_PICKLIST:Status: bad value for restricted picklist field: Cancelled:Status --","1pgVY00000000V2YAI","Cancelled"
"1pgVY00000000V3YAI","INVALID_OR_NULL_FOR_RESTRICTED_PICKLIST:Status: bad value for restricted picklist field: Cancelled:Status --","1pgVY00000000V3YAI","Cancelled"
"1pgVY00000000V4YAI","INVALID_OR_NULL_FOR_RESTRICTED_PICKLIST:Status: bad value for restricted picklist field: Cancelled:Status --","1pgVY00000000V4YAI","Cancelled"
"1pgVY00000000V5YAI","INVALID_OR_NULL_FOR_RESTRICTED_PICKLIST:Status: bad value for restricted picklist field: Cancelled:Status --","1pgVY00000000V5YAI","Cancelled"
"1pgVY00000000V6YAI","INVALID_OR_NULL_FOR_RESTRICTED_PICKLIST:Status: bad value for restricted picklist field: Cancelled:Status --","1pgVY00000000V6YAI","Cancelled"
"1pgVY00000000V7YAI","INVALID_OR_NULL_FOR_RESTRICTED_PICKLIST:Status: bad value for restricted picklist field: Cancelled:Status --","1pgVY00000000V7YAI","Cancelled"
"1pgVY00000000V8YAI","INVALID_OR_NULL_FOR_RESTRICTED_PICKLIST:Status: bad value for restricted picklist field: Cancelled:Status --","1pgVY00000000V8YAI","Cancelled"
"1pgVY00000000V9YAI","INVALID_OR_NULL_FOR_RESTRICTED_PICKLIST:Status: bad value for restricted picklist field: Cancelled:Status --","1pgVY00000000V9YAI","Cancelled"
"1pgVY00000000VAYAY","INVALID_OR_NULL_FOR_RESTRICTED_PICKLIST:Status: bad value for restricted picklist field: Cancelled:Status --","1pgVY00000000VAYAY","Cancelled"
"1pgVY00000000VBYAY","INVALID_OR_NULL_FOR_RESTRICTED_PICKLIST:Status: bad value for restricted picklist field: Cancelled:Status --","1pgVY00000000VBYAY","Cancelled"
"1pgVY00000000VCYAY","INVALID_OR_NULL_FOR_RESTRICTED_PICKLIST:Status: bad value for restricted picklist field: Cancelled:Status --","1pgVY00000000VCYAY","Cancelled"
"1pgVY00000000VDYAY","INVALID_OR_NULL_FOR_RESTRICTED_PICKLIST:Status: bad value for restricted picklist field: Cancelled:Status --","1pgVY00000000VDYAY","Cancelled"
"1pgVY00000000VEYAY","INVALID_OR_NULL_FOR_RESTRICTED_PICKLIST:Status: bad value for restricted picklist field: Cancelled:Status --","1pgVY00000000VEYAY","Cancelled"
"1pgVY00000000VFYAY","INVALID_OR_NULL_FOR_RESTRICTED_PICKLIST:Status: bad value for restricted picklist field: Cancelled:Status --","1pgVY00000000VFYAY","Cancelled"
"1pgVY00000000VGYAY","INVALID_OR_NULL_FOR_RESTRICTED_PICKLIST:Status: bad value for restricted picklist field: Cancelled:Status --","1pgVY00000000VGYAY","Cancelled"
"1pgVY00000000VHYAY","INVALID_OR_NULL_FOR_RESTRICTED_PICKLIST:Status: bad value for restricted picklist field: Cancelled:Status --","1pgVY00000000VHYAY","Cancelled"
"1pgVY00000000VIYAY","INVALID_OR_NULL_FOR_RESTRICTED_PICKLIST:Status: bad value for restricted picklist field: Cancelled:Status --","1pgVY00000000VIYAY","Cancelled"
"1pgVY00000000VJYAY","INVALID_OR_NULL_FOR_RESTRICTED_PICKLIST:Status: bad value for restricted picklist field: Cancelled:Status --","1pgVY00000000VJYAY","Cancelled"
"1pgVY00000000VKYAY","INVALID_OR_NULL_FOR_RESTRICTED_PICKLIST:Status: bad value for restricted picklist field: Cancelled:Status --","1pgVY00000000VKYAY","Cancelled"
"1pgVY00000000VLYAY","INVALID_OR_NULL_FOR_RESTRICTED_PICKLIST:Status: bad value for restricted picklist field: Cancelled:Status --","1pgVY00000000VLYAY","Cancelled"
"1pgVY00000000VMYAY","INVALID_OR_NULL_FOR_RESTRICTED_PICKLIST:Status: bad value for restricted picklist field: Cancelled:Status --","1pgVY00000000VMYAY","Cancelled"
"1pgVY00000000VNYAY","INVALID_OR_NULL_FOR_RESTRICTED_PICKLIST:Status: bad value for restricted picklist field: Cancelled:Status --","1pgVY00000000VNYAY","Cancelled"
"1pgVY00000000VOYAY","INVALID_OR_NULL_FOR_RESTRICTED_PICKLIST:Status: bad value for restricted picklist field: Cancelled:Status --","1pgVY00000000VOYAY","Cancelled"
"1pgVY00000000VPYAY","INVALID_OR_NULL_FOR_RESTRICTED_PICKLIST:Status: bad value for restricted picklist field: Cancelled:Status --","1pgVY00000000VPYAY","Cancelled"
"1pgVY00000000VQYAY","INVALID_OR_NULL_FOR_RESTRICTED_PICKLIST:Status: bad value for restricted picklist field: Cancelled:Status --","1pgVY00000000VQYAY","Cancelled"
"1pgVY00000000VRYAY","INVALID_OR_NULL_FOR_RESTRICTED_PICKLIST:Status: bad value for restricted picklist field: Cancelled:Status --","1pgVY00000000VRYAY","Cancelled"
"1pgVY00000000VSYAY","INVALID_OR_NULL_FOR_RESTRICTED_PICKLIST:Status: bad value for restricted picklist field: Cancelled:Status --","1pgVY00000000VSYAY","Cancelled"
"1pgVY00000000VTYAY","INVALID_OR_NULL_FOR_RESTRICTED_PICKLIST:Status: bad value for restricted picklist field: Cancelled:Status --","1pgVY00000000VTYAY","Cancelled"
"1pgVY00000000VUYAY","INVALID_OR_NULL_FOR_RESTRICTED_PICKLIST:Status: bad value for restricted picklist field: Cancelled:Status --","1pgVY00000000VUYAY","Cancelled"
"1pgVY00000000VVYAY","INVALID_OR_NULL_FOR_RESTRICTED_PICKLIST:Status: bad value for restricted picklist field: Cancelled:Status --","1pgVY00000000VVYAY","Cancelled"
"1pgVY00000000VWYAY","INVALID_OR_NULL_FOR_RESTRICTED_PICKLIST:Status: bad value for restricted picklist field: Cancelled:Status --","1pgVY00000000VWYAY","Cancelled"
"1pgVY00000000VXYAY","INVALID_OR_NULL_FOR_RESTRICTED_PICKLIST:Status: bad value for restricted picklist field: Cancelled:Status --","1pgVY00000000VXYAY","Cancelled"
"1pgVY00000000VYYAY","INVALID_OR_NULL_FOR_RESTRICTED_PICKLIST:Status: bad value for restricted picklist field: Cancelled:Status --","1pgVY00000000VYYAY","Cancelled"
"1pgVY00000000VZYAY","INVALID_OR_NULL_FOR_RESTRICTED_PICKLIST:Status: bad value for restricted picklist field: Cancelled:Status --","1pgVY00000000VZYAY","Cancelled"
"1pgVY00000000VaYAI","INVALID_OR_NULL_FOR_RESTRICTED_PICKLIST:Status: bad value for restricted picklist field: Cancelled:Status --","1pgVY00000000VaYAI","Cancelled"
"1pgVY00000000VbYAI","INVALID_OR_NULL_FOR_RESTRICTED_PICKLIST:Status: bad value for restricted picklist field: Cancelled:Status --","1pgVY00000000VbYAI","Cancelled"
"1pgVY00000000VcYAI","INVALID_OR_NULL_FOR_RESTRICTED_PICKLIST:Status: bad value for restricted picklist field: Cancelled:Status --","1pgVY00000000VcYAI","Cancelled"
"1pgVY00000000VdYAI","INVALID_OR_NULL_FOR_RESTRICTED_PICKLIST:Status: bad value for restricted picklist field: Cancelled:Status --","1pgVY00000000VdYAI","Cancelled"
"1pgVY00000000VeYAI","INVALID_OR_NULL_FOR_RESTRICTED_PICKLIST:Status: bad value for restricted picklist field: Cancelled:Status --","1pgVY00000000VeYAI","Cancelled"
"1pgVY00000000VfYAI","INVALID_OR_NULL_FOR_RESTRICTED_PICKLIST:Status: bad value for restricted picklist field: Cancelled:Status --","1pgVY00000000VfYAI","Cancelled"
"1pgVY00000000VgYAI","INVALID_OR_NULL_FOR_RESTRICTED_PICKLIST:Status: bad value for restricted picklist field: Cancelled:Status --","1pgVY00000000VgYAI","Cancelled"
"1pgVY00000000VhYAI","INVALID_OR_NULL_FOR_RESTRICTED_PICKLIST:Status: bad value for restricted picklist field: Cancelled:Status --","1pgVY00000000VhYAI","Cancelled"
"1pgVY00000000ViYAI","INVALID_OR_NULL_FOR_RESTRICTED_PICKLIST:Status: bad value for restricted picklist field: Cancelled:Status --","1pgVY00000000ViYAI","Cancelled"
"1pgVY00000000VjYAI","INVALID_OR_NULL_FOR_RESTRICTED_PICKLIST:Status: bad value for restricted picklist field: Cancelled:Status --","1pgVY00000000VjYAI","Cancelled"
"1pgVY00000000VkYAI","INVALID_OR_NULL_FOR_RESTRICTED_PICKLIST:Status: bad value for restricted picklist field: Cancelled:Status --","1pgVY00000000VkYAI","Cancelled"
"1pgVY00000000VlYAI","INVALID_OR_NULL_FOR_RESTRICTED_PICKLIST:Status: bad value for restricted picklist field: Cancelled:Status --","1pgVY00000000VlYAI","Cancelled"
"1pgVY00000000VmYAI","INVALID_OR_NULL_FOR_RESTRICTED_PICKLIST:Status: bad value for restricted picklist field: Cancelled:Status --","1pgVY00000000VmYAI","Cancelled"
"1pgVY00000000VnYAI","INVALID_OR_NULL_FOR_RESTRICTED_PICKLIST:Status: bad value for restricted picklist field: Cancelled:Status --","1pgVY00000000VnYAI","Cancelled"
"1pgVY00000000VoYAI","INVALID_OR_NULL_FOR_RESTRICTED_PICKLIST:Status: bad value for restricted picklist field: Cancelled:Status --","1pgVY00000000VoYAI","Cancelled"
"1pgVY00000000VpYAI","INVALID_OR_NULL_FOR_RESTRICTED_PICKLIST:Status: bad value for restricted picklist field: Cancelled:Status --","1pgVY00000000VpYAI","Cancelled"
"1pgVY00000000VqYAI","INVALID_OR_NULL_FOR_RESTRICTED_PICKLIST:Status: bad value for restricted picklist field: Cancelled:Status --","1pgVY00000000VqYAI","Cancelled"
"1pgVY00000000VrYAI","INVALID_OR_NULL_FOR_RESTRICTED_PICKLIST:Status: bad value for restricted picklist field: Cancelled:Status --","1pgVY00000000VrYAI","Cancelled"
"1pgVY00000000VsYAI","INVALID_OR_NULL_FOR_RESTRICTED_PICKLIST:Status: bad value for restricted picklist field: Cancelled:Status --","1pgVY00000000VsYAI","Cancelled"
"1pgVY00000000VtYAI","INVALID_OR_NULL_FOR_RESTRICTED_PICKLIST:Status: bad value for restricted picklist field: Cancelled:Status --","1pgVY00000000VtYAI","Cancelled"
"1pgVY00000000VuYAI","INVALID_OR_NULL_FOR_RESTRICTED_PICKLIST:Status: bad value for restricted picklist field: Cancelled:Status --","1pgVY00000000VuYAI","Cancelled"
"1pgVY00000000VvYAI","INVALID_OR_NULL_FOR_RESTRICTED_PICKLIST:Status: bad value for restricted picklist field: Cancelled:Status --","1pgVY00000000VvYAI","Cancelled"
"1pgVY00000000VwYAI","INVALID_OR_NULL_FOR_RESTRICTED_PICKLIST:Status: bad value for restricted picklist field: Cancelled:Status --","1pgVY00000000VwYAI","Cancelled"
"1pgVY00000000VxYAI","INVALID_OR_NULL_FOR_RESTRICTED_PICKLIST:Status: bad value for restricted picklist field: Cancelled:Status --","1pgVY00000000VxYAI","Cancelled"
"1pgVY00000000VyYAI","INVALID_OR_NULL_FOR_RESTRICTED_PICKLIST:Status: bad value for restricted picklist field: Cancelled:Status --","1pgVY00000000VyYAI","Cancelled"
"1pgVY00000000VzYAI","INVALID_OR_NULL_FOR_RESTRICTED_PICKLIST:Status: bad value for restricted picklist field: Cancelled:Status --","1pgVY00000000VzYAI","Cancelled"
"1pgVY00000000W0YAI","INVALID_OR_NULL_FOR_RESTRICTED_PICKLIST:Status: bad value for restricted picklist field: Cancelled:Status --","1pgVY00000000W0YAI","Cancelled"
"1pgVY00000000W1YAI","INVALID_OR_NULL_FOR_RESTRICTED_PICKLIST:Status: bad value for restricted picklist field: Cancelled:Status --","1pgVY00000000W1YAI","Cancelled"
"1pgVY00000000W2YAI","INVALID_OR_NULL_FOR_RESTRICTED_PICKLIST:Status: bad value for restricted picklist field: Cancelled:Status --","1pgVY00000000W2YAI","Cancelled"
"1pgVY00000000W3YAI","INVALID_OR_NULL_FOR_RESTRICTED_PICKLIST:Status: bad value for restricted picklist field: Cancelled:Status --","1pgVY00000000W3YAI","Cancelled"
"1pgVY00000000W4YAI","INVALID_OR_NULL_FOR_RESTRICTED_PICKLIST:Status: bad value for restricted picklist field: Cancelled:Status --","1pgVY00000000W4YAI","Cancelled"
"1pgVY00000000W5YAI","INVALID_OR_NULL_FOR_RESTRICTED_PICKLIST:Status: bad value for restricted picklist field: Cancelled:Status --","1pgVY00000000W5YAI","Cancelled"
"1pgVY00000000W6YAI","INVALID_OR_NULL_FOR_RESTRICTED_PICKLIST:Status: bad value for restricted picklist field: Cancelled:Status --","1pgVY00000000W6YAI","Cancelled"
"1pgVY00000000W7YAI","INVALID_OR_NULL_FOR_RESTRICTED_PICKLIST:Status: bad value for restricted picklist field: Cancelled:Status --","1pgVY00000000W7YAI","Cancelled"
"1pgVY00000000W8YAI","INVALID_OR_NULL_FOR_RESTRICTED_PICKLIST:Status: bad value for restricted picklist field: Cancelled:Status --","1pgVY00000000W8YAI","Cancelled"
"1pgVY00000000W9YAI","INVALID_OR_NULL_FOR_RESTRICTED_PICKLIST:Status: bad value for restricted picklist field: Cancelled:Status --","1pgVY00000000W9YAI","Cancelled"
"1pgVY00000000WAYAY","INVALID_OR_NULL_FOR_RESTRICTED_PICKLIST:Status: bad value for restricted picklist field: Cancelled:Status --","1pgVY00000000WAYAY","Cancelled"
"1pgVY00000000WBYAY","INVALID_OR_NULL_FOR_RESTRICTED_PICKLIST:Status: bad value for restricted picklist field: Cancelled:Status --","1pgVY00000000WBYAY","Cancelled"
"1pgVY00000000WCYAY","INVALID_OR_NULL_FOR_RESTRICTED_PICKLIST:Status: bad value for restricted picklist field: Cancelled:Status --","1pgVY00000000WCYAY","Cancelled"
"1pgVY00000000ZSYAY","INVALID_OR_NULL_FOR_RESTRICTED_PICKLIST:Status: bad value for restricted picklist field: Cancelled:Status --","1pgVY00000000ZSYAY","Cancelled"
"1pgVY00000000ZTYAY","INVALID_OR_NULL_FOR_RESTRICTED_PICKLIST:Status: bad value for restricted picklist field: Cancelled:Status --","1pgVY00000000ZTYAY","Cancelled"
"1pgVY00000000ZUYAY","INVALID_OR_NULL_FOR_RESTRICTED_PICKLIST:Status: bad value for restricted picklist field: Cancelled:Status --","1pgVY00000000ZUYAY","Cancelled"
"1pgVY00000000ZVYAY","INVALID_OR_NULL_FOR_RESTRICTED_PICKLIST:Status: bad value for restricted picklist field: Cancelled:Status --","1pgVY00000000ZVYAY","Cancelled"
"1pgVY00000000ZWYAY","INVALID_OR_NULL_FOR_RESTRICTED_PICKLIST:Status: bad value for restricted picklist field: Cancelled:Status --","1pgVY00000000ZWYAY","Cancelled"
"1pgVY00000000ZXYAY","INVALID_OR_NULL_FOR_RESTRICTED_PICKLIST:Status: bad value for restricted picklist field: Cancelled:Status --","1pgVY00000000ZXYAY","Cancelled"
"1pgVY00000000ZYYAY","INVALID_OR_NULL_FOR_RESTRICTED_PICKLIST:Status: bad value for restricted picklist field: Cancelled:Status --","1pgVY00000000ZYYAY","Cancelled"
"1pgVY00000000ZZYAY","INVALID_OR_NULL_FOR_RESTRICTED_PICKLIST:Status: bad value for restricted picklist field: Cancelled:Status --","1pgVY00000000ZZYAY","Cancelled"
"1pgVY00000000ZaYAI","INVALID_OR_NULL_FOR_RESTRICTED_PICKLIST:Status: bad value for restricted picklist field: Cancelled:Status --","1pgVY00000000ZaYAI","Cancelled"
"1pgVY00000000ZbYAI","INVALID_OR_NULL_FOR_RESTRICTED_PICKLIST:Status: bad value for restricted picklist field: Cancelled:Status --","1pgVY00000000ZbYAI","Cancelled"
"1pgVY00000000ZcYAI","INVALID_OR_NULL_FOR_RESTRICTED_PICKLIST:Status: bad value for restricted picklist field: Cancelled:Status --","1pgVY00000000ZcYAI","Cancelled"
"1pgVY00000000ZdYAI","INVALID_OR_NULL_FOR_RESTRICTED_PICKLIST:Status: bad value for restricted picklist field: Cancelled:Status --","1pgVY00000000ZdYAI","Cancelled"
"1pgVY00000000ZeYAI","INVALID_OR_NULL_FOR_RESTRICTED_PICKLIST:Status: bad value for restricted picklist field: Cancelled:Status --","1pgVY00000000ZeYAI","Cancelled"
"1pgVY00000000ZfYAI","INVALID_OR_NULL_FOR_RESTRICTED_PICKLIST:Status: bad value for restricted picklist field: Cancelled:Status --","1pgVY00000000ZfYAI","Cancelled"
"1pgVY00000000ZgYAI","INVALID_OR_NULL_FOR_RESTRICTED_PICKLIST:Status: bad value for restricted picklist field: Cancelled:Status --","1pgVY00000000ZgYAI","Cancelled"
"1pgVY00000000ZhYAI","INVALID_OR_NULL_FOR_RESTRICTED_PICKLIST:Status: bad value for restricted picklist field: Cancelled:Status --","1pgVY00000000ZhYAI","Cancelled"
"1pgVY00000000ZiYAI","INVALID_OR_NULL_FOR_RESTRICTED_PICKLIST:Status: bad value for restricted picklist field: Cancelled:Status --","1pgVY00000000ZiYAI","Cancelled"
"1pgVY00000000ZjYAI","INVALID_OR_NULL_FOR_RESTRICTED_PICKLIST:Status: bad value for restricted picklist field: Cancelled:Status --","1pgVY00000000ZjYAI","Cancelled"
"1pgVY00000000ZkYAI","INVALID_OR_NULL_FOR_RESTRICTED_PICKLIST:Status: bad value for restricted picklist field: Cancelled:Status --","1pgVY00000000ZkYAI","Cancelled"
"1pgVY00000000ZlYAI","INVALID_OR_NULL_FOR_RESTRICTED_PICKLIST:Status: bad value for restricted picklist field: Cancelled:Status --","1pgVY00000000ZlYAI","Cancelled"
"1pgVY00000000ZmYAI","INVALID_OR_NULL_FOR_RESTRICTED_PICKLIST:Status: bad value for restricted picklist field: Cancelled:Status --","1pgVY00000000ZmYAI","Cancelled"
"1pgVY00000000ZnYAI","INVALID_OR_NULL_FOR_RESTRICTED_PICKLIST:Status: bad value for restricted picklist field: Cancelled:Status --","1pgVY00000000ZnYAI","Cancelled"
"1pgVY00000000ZoYAI","INVALID_OR_NULL_FOR_RESTRICTED_PICKLIST:Status: bad value for restricted picklist field: Cancelled:Status --","1pgVY00000000ZoYAI","Cancelled"
"1pgVY00000000ZpYAI","INVALID_OR_NULL_FOR_RESTRICTED_PICKLIST:Status: bad value for restricted picklist field: Cancelled:Status --","1pgVY00000000ZpYAI","Cancelled"
"1pgVY00000000ZqYAI","INVALID_OR_NULL_FOR_RESTRICTED_PICKLIST:Status: bad value for restricted picklist field: Cancelled:Status --","1pgVY00000000ZqYAI","Cancelled"
"1pgVY00000000ZrYAI","INVALID_OR_NULL_FOR_RESTRICTED_PICKLIST:Status: bad value for restricted picklist field: Cancelled:Status --","1pgVY00000000ZrYAI","Cancelled"
"1pgVY00000000ZsYAI","INVALID_OR_NULL_FOR_RESTRICTED_PICKLIST:Status: bad value for restricted picklist field: Cancelled:Status --","1pgVY00000000ZsYAI","Cancelled"
"1pgVY00000000ZtYAI","INVALID_OR_NULL_FOR_RESTRICTED_PICKLIST:Status: bad value for restricted picklist field: Cancelled:Status --","1pgVY00000000ZtYAI","Cancelled"
"1pgVY00000000ZuYAI","INVALID_OR_NULL_FOR_RESTRICTED_PICKLIST:Status: bad value for restricted picklist field: Cancelled:Status --","1pgVY00000000ZuYAI","Cancelled"
"1pgVY00000000ZvYAI","INVALID_OR_NULL_FOR_RESTRICTED_PICKLIST:Status: bad value for restricted picklist field: Cancelled:Status --","1pgVY00000000ZvYAI","Cancelled"
"1pgVY00000000ZwYAI","INVALID_OR_NULL_FOR_RESTRICTED_PICKLIST:Status: bad value for restricted picklist field: Cancelled:Status --","1pgVY00000000ZwYAI","Cancelled"
"1pgVY00000000ZxYAI","INVALID_OR_NULL_FOR_RESTRICTED_PICKLIST:Status: bad value for restricted picklist field: Cancelled:Status --","1pgVY00000000ZxYAI","Cancelled"
"1pgVY00000000ZyYAI","INVALID_OR_NULL_FOR_RESTRICTED_PICKLIST:Status: bad value for restricted picklist field: Cancelled:Status --","1pgVY00000000ZyYAI","Cancelled"
"1pgVY00000000ZzYAI","INVALID_OR_NULL_FOR_RESTRICTED_PICKLIST:Status: bad value for restricted picklist field: Cancelled:Status --","1pgVY00000000ZzYAI","Cancelled"
"1pgVY00000000a0YAA","INVALID_OR_NULL_FOR_RESTRICTED_PICKLIST:Status: bad value for restricted picklist field: Cancelled:Status --","1pgVY00000000a0YAA","Cancelled"
"1pgVY00000000a1YAA","INVALID_OR_NULL_FOR_RESTRICTED_PICKLIST:Status: bad value for restricted picklist field: Cancelled:Status --","1pgVY00000000a1YAA","Cancelled"
"1pgVY00000000a2YAA","INVALID_OR_NULL_FOR_RESTRICTED_PICKLIST:Status: bad value for restricted picklist field: Cancelled:Status --","1pgVY00000000a2YAA","Cancelled"
"1pgVY00000000a3YAA","INVALID_OR_NULL_FOR_RESTRICTED_PICKLIST:Status: bad value for restricted picklist field: Cancelled:Status --","1pgVY00000000a3YAA","Cancelled"
"1pgVY00000000a4YAA","INVALID_OR_NULL_FOR_RESTRICTED_PICKLIST:Status: bad value for restricted picklist field: Cancelled:Status --","1pgVY00000000a4YAA","Cancelled"
"1pgVY00000000a5YAA","INVALID_OR_NULL_FOR_RESTRICTED_PICKLIST:Status: bad value for restricted picklist field: Cancelled:Status --","1pgVY00000000a5YAA","Cancelled"
"1pgVY00000000a6YAA","INVALID_OR_NULL_FOR_RESTRICTED_PICKLIST:Status: bad value for restricted picklist field: Cancelled:Status --","1pgVY00000000a6YAA","Cancelled"
"1pgVY00000000a7YAA","INVALID_OR_NULL_FOR_RESTRICTED_PICKLIST:Status: bad value for restricted picklist field: Cancelled:Status --","1pgVY00000000a7YAA","Cancelled"
"1pgVY00000000a8YAA","INVALID_OR_NULL_FOR_RESTRICTED_PICKLIST:Status: bad value for restricted picklist field: Cancelled:Status --","1pgVY00000000a8YAA","Cancelled"
"1pgVY00000000a9YAA","INVALID_OR_NULL_FOR_RESTRICTED_PICKLIST:Status: bad value for restricted picklist field: Cancelled:Status --","1pgVY00000000a9YAA","Cancelled"
"1pgVY00000000aAYAQ","INVALID_OR_NULL_FOR_RESTRICTED_PICKLIST:Status: bad value for restricted picklist field: Cancelled:Status --","1pgVY00000000aAYAQ","Cancelled"
"1pgVY00000000aBYAQ","INVALID_OR_NULL_FOR_RESTRICTED_PICKLIST:Status: bad value for restricted picklist field: Cancelled:Status --","1pgVY00000000aBYAQ","Cancelled"
"1pgVY00000000aCYAQ","INVALID_OR_NULL_FOR_RESTRICTED_PICKLIST:Status: bad value for restricted picklist field: Cancelled:Status --","1pgVY00000000aCYAQ","Cancelled"
"1pgVY00000000aDYAQ","INVALID_OR_NULL_FOR_RESTRICTED_PICKLIST:Status: bad value for restricted picklist field: Cancelled:Status --","1pgVY00000000aDYAQ","Cancelled"
"1pgVY00000000aEYAQ","INVALID_OR_NULL_FOR_RESTRICTED_PICKLIST:Status: bad value for restricted picklist field: Cancelled:Status --","1pgVY00000000aEYAQ","Cancelled"
"1pgVY00000000aFYAQ","INVALID_OR_NULL_FOR_RESTRICTED_PICKLIST:Status: bad value for restricted picklist field: Cancelled:Status --","1pgVY00000000aFYAQ","Cancelled"
"1pgVY00000000aGYAQ","INVALID_OR_NULL_FOR_RESTRICTED_PICKLIST:Status: bad value for restricted picklist field: Cancelled:Status --","1pgVY00000000aGYAQ","Cancelled"
"1pgVY00000000aHYAQ","INVALID_OR_NULL_FOR_RESTRICTED_PICKLIST:Status: bad value for restricted picklist field: Cancelled:Status --","1pgVY00000000aHYAQ","Cancelled"
"1pgVY00000000aIYAQ","INVALID_OR_NULL_FOR_RESTRICTED_PICKLIST:Status: bad value for restricted picklist field: Cancelled:Status --","1pgVY00000000aIYAQ","Cancelled"
"1pgVY00000000aJYAQ","INVALID_OR_NULL_FOR_RESTRICTED_PICKLIST:Status: bad value for restricted picklist field: Cancelled:Status --","1pgVY00000000aJYAQ","Cancelled"
"1pgVY00000000aKYAQ","INVALID_OR_NULL_FOR_RESTRICTED_PICKLIST:Status: bad value for restricted picklist field: Cancelled:Status --","1pgVY00000000aKYAQ","Cancelled"
"1pgVY00000000aLYAQ","INVALID_OR_NULL_FOR_RESTRICTED_PICKLIST:Status: bad value for restricted picklist field: Cancelled:Status --","1pgVY00000000aLYAQ","Cancelled"
"1pgVY00000000aMYAQ","INVALID_OR_NULL_FOR_RESTRICTED_PICKLIST:Status: bad value for restricted picklist field: Cancelled:Status --","1pgVY00000000aMYAQ","Cancelled"
"1pgVY00000000aNYAQ","INVALID_OR_NULL_FOR_RESTRICTED_PICKLIST:Status: bad value for restricted picklist field: Cancelled:Status --","1pgVY00000000aNYAQ","Cancelled"
"1pgVY00000000aOYAQ","INVALID_OR_NULL_FOR_RESTRICTED_PICKLIST:Status: bad value for restricted picklist field: Cancelled:Status --","1pgVY00000000aOYAQ","Cancelled"
"1pgVY00000000aPYAQ","INVALID_OR_NULL_FOR_RESTRICTED_PICKLIST:Status: bad value for restricted picklist field: Cancelled:Status --","1pgVY00000000aPYAQ","Cancelled"
"1pgVY00000000aQYAQ","INVALID_OR_NULL_FOR_RESTRICTED_PICKLIST:Status: bad value for restricted picklist field: Cancelled:Status --","1pgVY00000000aQYAQ","Cancelled"
"1pgVY00000000aRYAQ","INVALID_OR_NULL_FOR_RESTRICTED_PICKLIST:Status: bad value for restricted picklist field: Cancelled:Status --","1pgVY00000000aRYAQ","Cancelled"
"1pgVY00000000aSYAQ","INVALID_OR_NULL_FOR_RESTRICTED_PICKLIST:Status: bad value for restricted picklist field: Cancelled:Status --","1pgVY00000000aSYAQ","Cancelled"
"1pgVY00000000aTYAQ","INVALID_OR_NULL_FOR_RESTRICTED_PICKLIST:Status: bad value for restricted picklist field: Cancelled:Status --","1pgVY00000000aTYAQ","Cancelled"
"1pgVY00000000aUYAQ","INVALID_OR_NULL_FOR_RESTRICTED_PICKLIST:Status: bad value for restricted picklist field: Cancelled:Status --","1pgVY00000000aUYAQ","Cancelled"
"1pgVY00000000aVYAQ","INVALID_OR_NULL_FOR_RESTRICTED_PICKLIST:Status: bad value for restricted picklist field: Cancelled:Status --","1pgVY00000000aVYAQ","Cancelled"
"1pgVY00000000aWYAQ","INVALID_OR_NULL_FOR_RESTRICTED_PICKLIST:Status: bad value for restricted picklist field: Cancelled:Status --","1pgVY00000000aWYAQ","Cancelled"
"1pgVY00000000aXYAQ","INVALID_OR_NULL_FOR_RESTRICTED_PICKLIST:Status: bad value for restricted picklist field: Cancelled:Status --","1pgVY00000000aXYAQ","Cancelled"
"1pgVY00000000aYYAQ","INVALID_OR_NULL_FOR_RESTRICTED_PICKLIST:Status: bad value for restricted picklist field: Cancelled:Status --","1pgVY00000000aYYAQ","Cancelled"
"1pgVY00000000aZYAQ","INVALID_OR_NULL_FOR_RESTRICTED_PICKLIST:Status: bad value for restricted picklist field: Cancelled:Status --","1pgVY00000000aZYAQ","Cancelled"
"1pgVY00000000aaYAA","INVALID_OR_NULL_FOR_RESTRICTED_PICKLIST:Status: bad value for restricted picklist field: Cancelled:Status --","1pgVY00000000aaYAA","Cancelled"
"1pgVY00000000abYAA","INVALID_OR_NULL_FOR_RESTRICTED_PICKLIST:Status: bad value for restricted picklist field: Cancelled:Status --","1pgVY00000000abYAA","Cancelled"
"1pgVY00000000acYAA","INVALID_OR_NULL_FOR_RESTRICTED_PICKLIST:Status: bad value for restricted picklist field: Cancelled:Status --","1pgVY00000000acYAA","Cancelled"
"1pgVY00000000adYAA","INVALID_OR_NULL_FOR_RESTRICTED_PICKLIST:Status: bad value for restricted picklist field: Cancelled:Status --","1pgVY00000000adYAA","Cancelled"
"1pgVY00000000aeYAA","INVALID_OR_NULL_FOR_RESTRICTED_PICKLIST:Status: bad value for restricted picklist field: Cancelled:Status --","1pgVY00000000aeYAA","Cancelled"
"1pgVY00000000afYAA","INVALID_OR_NULL_FOR_RESTRICTED_PICKLIST:Status: bad value for restricted picklist field: Cancelled:Status --","1pgVY00000000afYAA","Cancelled"
"1pgVY00000000agYAA","INVALID_OR_NULL_FOR_RESTRICTED_PICKLIST:Status: bad value for restricted picklist field: Cancelled:Status --","1pgVY00000000agYAA","Cancelled"
"1pgVY00000000ahYAA","INVALID_OR_NULL_FOR_RESTRICTED_PICKLIST:Status: bad value for restricted picklist field: Cancelled:Status --","1pgVY00000000ahYAA","Cancelled"
"1pgVY00000000aiYAA","INVALID_OR_NULL_FOR_RESTRICTED_PICKLIST:Status: bad value for restricted picklist field: Cancelled:Status --","1pgVY00000000aiYAA","Cancelled"
"1pgVY00000000ajYAA","INVALID_OR_NULL_FOR_RESTRICTED_PICKLIST:Status: bad value for restricted picklist field: Cancelled:Status --","1pgVY00000000ajYAA","Cancelled"
"1pgVY00000000akYAA","INVALID_OR_NULL_FOR_RESTRICTED_PICKLIST:Status: bad value for restricted picklist field: Cancelled:Status --","1pgVY00000000akYAA","Cancelled"
"1pgVY00000000alYAA","INVALID_OR_NULL_FOR_RESTRICTED_PICKLIST:Status: bad value for restricted picklist field: Cancelled:Status --","1pgVY00000000alYAA","Cancelled"
"1pgVY00000000amYAA","INVALID_OR_NULL_FOR_RESTRICTED_PICKLIST:Status: bad value for restricted picklist field: Cancelled:Status --","1pgVY00000000amYAA","Cancelled"
"1pgVY00000000anYAA","INVALID_OR_NULL_FOR_RESTRICTED_PICKLIST:Status: bad value for restricted picklist field: Cancelled:Status --","1pgVY00000000anYAA","Cancelled"
"1pgVY00000000aoYAA","INVALID_OR_NULL_FOR_RESTRICTED_PICKLIST:Status: bad value for restricted picklist field: Cancelled:Status --","1pgVY00000000aoYAA","Cancelled"
"1pgVY00000000apYAA","INVALID_OR_NULL_FOR_RESTRICTED_PICKLIST:Status: bad value for restricted picklist field: Cancelled:Status --","1pgVY00000000apYAA","Cancelled"
"1pgVY00000000aqYAA","INVALID_OR_NULL_FOR_RESTRICTED_PICKLIST:Status: bad value for restricted picklist field: Cancelled:Status --","1pgVY00000000aqYAA","Cancelled"
"1pgVY00000000arYAA","INVALID_OR_NULL_FOR_RESTRICTED_PICKLIST:Status: bad value for restricted picklist field: Cancelled:Status --","1pgVY00000000arYAA","Cancelled"
"1pgVY00000000asYAA","INVALID_OR_NULL_FOR_RESTRICTED_PICKLIST:Status: bad value for restricted picklist field: Cancelled:Status --","1pgVY00000000asYAA","Cancelled"
"1pgVY00000000atYAA","INVALID_OR_NULL_FOR_RESTRICTED_PICKLIST:Status: bad value for restricted picklist field: Cancelled:Status --","1pgVY00000000atYAA","Cancelled"
"1pgVY00000000auYAA","INVALID_OR_NULL_FOR_RESTRICTED_PICKLIST:Status: bad value for restricted picklist field: Cancelled:Status --","1pgVY00000000auYAA","Cancelled"
"1pgVY00000000avYAA","INVALID_OR_NULL_FOR_RESTRICTED_PICKLIST:Status: bad value for restricted picklist field: Cancelled:Status --","1pgVY00000000avYAA","Cancelled"
"1pgVY00000000awYAA","INVALID_OR_NULL_FOR_RESTRICTED_PICKLIST:Status: bad value for restricted picklist field: Cancelled:Status --","1pgVY00000000awYAA","Cancelled"
"1pgVY00000000axYAA","INVALID_OR_NULL_FOR_RESTRICTED_PICKLIST:Status: bad value for restricted picklist field: Cancelled:Status --","1pgVY00000000axYAA","Cancelled"
"1pgVY00000000ayYAA","INVALID_OR_NULL_FOR_RESTRICTED_PICKLIST:Status: bad value for restricted picklist field: Cancelled:Status --","1pgVY00000000ayYAA","Cancelled"
"1pgVY00000000azYAA","INVALID_OR_NULL_FOR_RESTRICTED_PICKLIST:Status: bad value for restricted picklist field: Cancelled:Status --","1pgVY00000000azYAA","Cancelled"
"1pgVY00000000b0YAA","INVALID_OR_NULL_FOR_RESTRICTED_PICKLIST:Status: bad value for restricted picklist field: Cancelled:Status --","1pgVY00000000b0YAA","Cancelled"
"1pgVY00000000b1YAA","INVALID_OR_NULL_FOR_RESTRICTED_PICKLIST:Status: bad value for restricted picklist field: Cancelled:Status --","1pgVY00000000b1YAA","Cancelled"
"1pgVY00000000b2YAA","INVALID_OR_NULL_FOR_RESTRICTED_PICKLIST:Status: bad value for restricted picklist field: Cancelled:Status --","1pgVY00000000b2YAA","Cancelled"
"1pgVY00000000b3YAA","INVALID_OR_NULL_FOR_RESTRICTED_PICKLIST:Status: bad value for restricted picklist field: Cancelled:Status --","1pgVY00000000b3YAA","Cancelled"
"1pgVY00000000b4YAA","INVALID_OR_NULL_FOR_RESTRICTED_PICKLIST:Status: bad value for restricted picklist field: Cancelled:Status --","1pgVY00000000b4YAA","Cancelled"
"1pgVY00000000b5YAA","INVALID_OR_NULL_FOR_RESTRICTED_PICKLIST:Status: bad value for restricted picklist field: Cancelled:Status --","1pgVY00000000b5YAA","Cancelled"
"1pgVY00000000b6YAA","INVALID_OR_NULL_FOR_RESTRICTED_PICKLIST:Status: bad value for restricted picklist field: Cancelled:Status --","1pgVY00000000b6YAA","Cancelled"
"1pgVY00000000b7YAA","INVALID_OR_NULL_FOR_RESTRICTED_PICKLIST:Status: bad value for restricted picklist field: Cancelled:Status --","1pgVY00000000b7YAA","Cancelled"
"1pgVY00000000b8YAA","INVALID_OR_NULL_FOR_RESTRICTED_PICKLIST:Status: bad value for restricted picklist field: Cancelled:Status --","1pgVY00000000b8YAA","Cancelled"
"1pgVY00000000b9YAA","INVALID_OR_NULL_FOR_RESTRICTED_PICKLIST:Status: bad value for restricted picklist field: Cancelled:Status --","1pgVY00000000b9YAA","Cancelled"
"1pgVY00000000bAYAQ","INVALID_OR_NULL_FOR_RESTRICTED_PICKLIST:Status: bad value for restricted picklist field: Cancelled:Status --","1pgVY00000000bAYAQ","Cancelled"
"1pgVY00000000bBYAQ","INVALID_OR_NULL_FOR_RESTRICTED_PICKLIST:Status: bad value for restricted picklist field: Cancelled:Status --","1pgVY00000000bBYAQ","Cancelled"
"1pgVY00000000bCYAQ","INVALID_OR_NULL_FOR_RESTRICTED_PICKLIST:Status: bad value for restricted picklist field: Cancelled:Status --","1pgVY00000000bCYAQ","Cancelled"
"1pgVY00000000bDYAQ","INVALID_OR_NULL_FOR_RESTRICTED_PICKLIST:Status: bad value for restricted picklist field: Cancelled:Status --","1pgVY00000000bDYAQ","Cancelled"
"1pgVY00000000bEYAQ","INVALID_OR_NULL_FOR_RESTRICTED_PICKLIST:Status: bad value for restricted picklist field: Cancelled:Status --","1pgVY00000000bEYAQ","Cancelled"
"1pgVY00000000bFYAQ","INVALID_OR_NULL_FOR_RESTRICTED_PICKLIST:Status: bad value for restricted picklist field: Cancelled:Status --","1pgVY00000000bFYAQ","Cancelled"
"1pgVY00000000bGYAQ","INVALID_OR_NULL_FOR_RESTRICTED_PICKLIST:Status: bad value for restricted picklist field: Cancelled:Status --","1pgVY00000000bGYAQ","Cancelled"
"1pgVY00000000bHYAQ","INVALID_OR_NULL_FOR_RESTRICTED_PICKLIST:Status: bad value for restricted picklist field: Cancelled:Status --","1pgVY00000000bHYAQ","Cancelled"
"1pgVY00000000bIYAQ","INVALID_OR_NULL_FOR_RESTRICTED_PICKLIST:Status: bad value for restricted picklist field: Cancelled:Status --","1pgVY00000000bIYAQ","Cancelled"
"1pgVY00000000bJYAQ","INVALID_OR_NULL_FOR_RESTRICTED_PICKLIST:Status: bad value for restricted picklist field: Cancelled:Status --","1pgVY00000000bJYAQ","Cancelled"
"1pgVY00000000bKYAQ","INVALID_OR_NULL_FOR_RESTRICTED_PICKLIST:Status: bad value for restricted picklist field: Cancelled:Status --","1pgVY00000000bKYAQ","Cancelled"
"1pgVY00000000bLYAQ","INVALID_OR_NULL_FOR_RESTRICTED_PICKLIST:Status: bad value for restricted picklist field: Cancelled:Status --","1pgVY00000000bLYAQ","Cancelled"
"1pgVY00000000bMYAQ","INVALID_OR_NULL_FOR_RESTRICTED_PICKLIST:Status: bad value for restricted picklist field: Cancelled:Status --","1pgVY00000000bMYAQ","Cancelled"
"1pgVY00000000bNYAQ","INVALID_OR_NULL_FOR_RESTRICTED_PICKLIST:Status: bad value for restricted picklist field: Cancelled:Status --","1pgVY00000000bNYAQ","Cancelled"
"1pgVY00000000bOYAQ","INVALID_OR_NULL_FOR_RESTRICTED_PICKLIST:Status: bad value for restricted picklist field: Cancelled:Status --","1pgVY00000000bOYAQ","Cancelled"
"1pgVY00000000bPYAQ","INVALID_OR_NULL_FOR_RESTRICTED_PICKLIST:Status: bad value for restricted picklist field: Cancelled:Status --","1pgVY00000000bPYAQ","Cancelled"
"1pgVY00000000bQYAQ","INVALID_OR_NULL_FOR_RESTRICTED_PICKLIST:Status: bad value for restricted picklist field: Cancelled:Status --","1pgVY00000000bQYAQ","Cancelled"
"1pgVY00000000bRYAQ","INVALID_OR_NULL_FOR_RESTRICTED_PICKLIST:Status: bad value for restricted picklist field: Cancelled:Status --","1pgVY00000000bRYAQ","Cancelled"
"1pgVY00000000bSYAQ","INVALID_OR_NULL_FOR_RESTRICTED_PICKLIST:Status: bad value for restricted picklist field: Cancelled:Status --","1pgVY00000000bSYAQ","Cancelled"
"1pgVY00000000bTYAQ","INVALID_OR_NULL_FOR_RESTRICTED_PICKLIST:Status: bad value for restricted picklist field: Cancelled:Status --","1pgVY00000000bTYAQ","Cancelled"
"1pgVY00000000bUYAQ","INVALID_OR_NULL_FOR_RESTRICTED_PICKLIST:Status: bad value for restricted picklist field: Cancelled:Status --","1pgVY00000000bUYAQ","Cancelled"
"1pgVY00000000bVYAQ","INVALID_OR_NULL_FOR_RESTRICTED_PICKLIST:Status: bad value for restricted picklist field: Cancelled:Status --","1pgVY00000000bVYAQ","Cancelled"
"1pgVY00000000bWYAQ","INVALID_OR_NULL_FOR_RESTRICTED_PICKLIST:Status: bad value for restricted picklist field: Cancelled:Status --","1pgVY00000000bWYAQ","Cancelled"
"1pgVY00000000bXYAQ","INVALID_OR_NULL_FOR_RESTRICTED_PICKLIST:Status: bad value for restricted picklist field: Cancelled:Status --","1pgVY00000000bXYAQ","Cancelled"
"1pgVY00000000bYYAQ","INVALID_OR_NULL_FOR_RESTRICTED_PICKLIST:Status: bad value for restricted picklist field: Cancelled:Status --","1pgVY00000000bYYAQ","Cancelled"
"1pgVY00000000bZYAQ","INVALID_OR_NULL_FOR_RESTRICTED_PICKLIST:Status: bad value for restricted picklist field: Cancelled:Status --","1pgVY00000000bZYAQ","Cancelled"
"1pgVY00000000baYAA","INVALID_OR_NULL_FOR_RESTRICTED_PICKLIST:Status: bad value for restricted picklist field: Cancelled:Status --","1pgVY00000000baYAA","Cancelled"
"1pgVY00000000bbYAA","INVALID_OR_NULL_FOR_RESTRICTED_PICKLIST:Status: bad value for restricted picklist field: Cancelled:Status --","1pgVY00000000bbYAA","Cancelled"
"1pgVY00000000bcYAA","INVALID_OR_NULL_FOR_RESTRICTED_PICKLIST:Status: bad value for restricted picklist field: Cancelled:Status --","1pgVY00000000bcYAA","Cancelled"
"1pgVY00000000bdYAA","INVALID_OR_NULL_FOR_RESTRICTED_PICKLIST:Status: bad value for restricted picklist field: Cancelled:Status --","1pgVY00000000bdYAA","Cancelled"
"1pgVY00000000beYAA","INVALID_OR_NULL_FOR_RESTRICTED_PICKLIST:Status: bad value for restricted picklist field: Cancelled:Status --","1pgVY00000000beYAA","Cancelled"
"1pgVY00000000bfYAA","INVALID_OR_NULL_FOR_RESTRICTED_PICKLIST:Status: bad value for restricted picklist field: Cancelled:Status --","1pgVY00000000bfYAA","Cancelled"
"1pgVY00000000bgYAA","INVALID_OR_NULL_FOR_RESTRICTED_PICKLIST:Status: bad value for restricted picklist field: Cancelled:Status --","1pgVY00000000bgYAA","Cancelled"
"1pgVY00000000bhYAA","INVALID_OR_NULL_FOR_RESTRICTED_PICKLIST:Status: bad value for restricted picklist field: Cancelled:Status --","1pgVY00000000bhYAA","Cancelled"
"1pgVY00000000biYAA","INVALID_OR_NULL_FOR_RESTRICTED_PICKLIST:Status: bad value for restricted picklist field: Cancelled:Status --","1pgVY00000000biYAA","Cancelled"
"1pgVY00000000bjYAA","INVALID_OR_NULL_FOR_RESTRICTED_PICKLIST:Status: bad value for restricted picklist field: Cancelled:Status --","1pgVY00000000bjYAA","Cancelled"
"1pgVY00000000bkYAA","INVALID_OR_NULL_FOR_RESTRICTED_PICKLIST:Status: bad value for restricted picklist field: Cancelled:Status --","1pgVY00000000bkYAA","Cancelled"
"1pgVY00000000blYAA","INVALID_OR_NULL_FOR_RESTRICTED_PICKLIST:Status: bad value for restricted picklist field: Cancelled:Status --","1pgVY00000000blYAA","Cancelled"
"1pgVY00000000bmYAA","INVALID_OR_NULL_FOR_RESTRICTED_PICKLIST:Status: bad value for restricted picklist field: Cancelled:Status --","1pgVY00000000bmYAA","Cancelled"
"1pgVY00000000bnYAA","INVALID_OR_NULL_FOR_RESTRICTED_PICKLIST:Status: bad value for restricted picklist field: Cancelled:Status --","1pgVY00000000bnYAA","Cancelled"
"1pgVY00000000boYAA","INVALID_OR_NULL_FOR_RESTRICTED_PICKLIST:Status: bad value for restricted picklist field: Cancelled:Status --","1pgVY00000000boYAA","Cancelled"
"1pgVY00000000bpYAA","INVALID_OR_NULL_FOR_RESTRICTED_PICKLIST:Status: bad value for restricted picklist field: Cancelled:Status --","1pgVY00000000bpYAA","Cancelled"
"1pgVY00000000bqYAA","INVALID_OR_NULL_FOR_RESTRICTED_PICKLIST:Status: bad value for restricted picklist field: Cancelled:Status --","1pgVY00000000bqYAA","Cancelled"
"1pgVY00000000brYAA","INVALID_OR_NULL_FOR_RESTRICTED_PICKLIST:Status: bad value for restricted picklist field: Cancelled:Status --","1pgVY00000000brYAA","Cancelled"
"1pgVY00000000bsYAA","INVALID_OR_NULL_FOR_RESTRICTED_PICKLIST:Status: bad value for restricted picklist field: Cancelled:Status --","1pgVY00000000bsYAA","Cancelled"
"1pgVY00000000btYAA","INVALID_OR_NULL_FOR_RESTRICTED_PICKLIST:Status: bad value for restricted picklist field: Cancelled:Status --","1pgVY00000000btYAA","Cancelled"
"1pgVY00000000buYAA","INVALID_OR_NULL_FOR_RESTRICTED_PICKLIST:Status: bad value for restricted picklist field: Cancelled:Status --","1pgVY00000000buYAA","Cancelled"
"1pgVY00000000bvYAA","INVALID_OR_NULL_FOR_RESTRICTED_PICKLIST:Status: bad value for restricted picklist field: Cancelled:Status --","1pgVY00000000bvYAA","Cancelled"
"1pgVY00000000bwYAA","INVALID_OR_NULL_FOR_RESTRICTED_PICKLIST:Status: bad value for restricted picklist field: Cancelled:Status --","1pgVY00000000bwYAA","Cancelled"
"1pgVY00000000bxYAA","INVALID_OR_NULL_FOR_RESTRICTED_PICKLIST:Status: bad value for restricted picklist field: Cancelled:Status --","1pgVY00000000bxYAA","Cancelled"
"1pgVY00000000byYAA","INVALID_OR_NULL_FOR_RESTRICTED_PICKLIST:Status: bad value for restricted picklist field: Cancelled:Status --","1pgVY00000000byYAA","Cancelled"
"1pgVY00000000bzYAA","INVALID_OR_NULL_FOR_RESTRICTED_PICKLIST:Status: bad value for restricted picklist field: Cancelled:Status --","1pgVY00000000bzYAA","Cancelled"
"1pgVY00000000c0YAA","INVALID_OR_NULL_FOR_RESTRICTED_PICKLIST:Status: bad value for restricted picklist field: Cancelled:Status --","1pgVY00000000c0YAA","Cancelled"
"1pgVY00000000c1YAA","INVALID_OR_NULL_FOR_RESTRICTED_PICKLIST:Status: bad value for restricted picklist field: Cancelled:Status --","1pgVY00000000c1YAA","Cancelled"
"1pgVY00000000c2YAA","INVALID_OR_NULL_FOR_RESTRICTED_PICKLIST:Status: bad value for restricted picklist field: Cancelled:Status --","1pgVY00000000c2YAA","Cancelled"
"1pgVY00000000c3YAA","INVALID_OR_NULL_FOR_RESTRICTED_PICKLIST:Status: bad value for restricted picklist field: Cancelled:Status --","1pgVY00000000c3YAA","Cancelled"
"1pgVY00000000c4YAA","INVALID_OR_NULL_FOR_RESTRICTED_PICKLIST:Status: bad value for restricted picklist field: Cancelled:Status --","1pgVY00000000c4YAA","Cancelled"
"1pgVY00000000c5YAA","INVALID_OR_NULL_FOR_RESTRICTED_PICKLIST:Status: bad value for restricted picklist field: Cancelled:Status --","1pgVY00000000c5YAA","Cancelled"
"1pgVY00000000c6YAA","INVALID_OR_NULL_FOR_RESTRICTED_PICKLIST:Status: bad value for restricted picklist field: Cancelled:Status --","1pgVY00000000c6YAA","Cancelled"
"1pgVY00000000c7YAA","INVALID_OR_NULL_FOR_RESTRICTED_PICKLIST:Status: bad value for restricted picklist field: Cancelled:Status --","1pgVY00000000c7YAA","Cancelled"
"1pgVY00000000c8YAA","INVALID_OR_NULL_FOR_RESTRICTED_PICKLIST:Status: bad value for restricted picklist field: Cancelled:Status --","1pgVY00000000c8YAA","Cancelled"
"1pgVY00000000c9YAA","INVALID_OR_NULL_FOR_RESTRICTED_PICKLIST:Status: bad value for restricted picklist field: Cancelled:Status --","1pgVY00000000c9YAA","Cancelled"
"1pgVY00000000cAYAQ","INVALID_OR_NULL_FOR_RESTRICTED_PICKLIST:Status: bad value for restricted picklist field: Cancelled:Status --","1pgVY00000000cAYAQ","Cancelled"
"1pgVY00000000cBYAQ","INVALID_OR_NULL_FOR_RESTRICTED_PICKLIST:Status: bad value for restricted picklist field: Cancelled:Status --","1pgVY00000000cBYAQ","Cancelled"
"1pgVY00000000cCYAQ","INVALID_OR_NULL_FOR_RESTRICTED_PICKLIST:Status: bad value for restricted picklist field: Cancelled:Status --","1pgVY00000000cCYAQ","Cancelled"
"1pgVY00000000cDYAQ","INVALID_OR_NULL_FOR_RESTRICTED_PICKLIST:Status: bad value for restricted picklist field: Cancelled:Status --","1pgVY00000000cDYAQ","Cancelled"
"1pgVY00000000cEYAQ","INVALID_OR_NULL_FOR_RESTRICTED_PICKLIST:Status: bad value for restricted picklist field: Cancelled:Status --","1pgVY00000000cEYAQ","Cancelled"
"1pgVY00000000cFYAQ","INVALID_OR_NULL_FOR_RESTRICTED_PICKLIST:Status: bad value for restricted picklist field: Cancelled:Status --","1pgVY00000000cFYAQ","Cancelled"
"1pgVY00000000cGYAQ","INVALID_OR_NULL_FOR_RESTRICTED_PICKLIST:Status: bad value for restricted picklist field: Cancelled:Status --","1pgVY00000000cGYAQ","Cancelled"
"1pgVY00000000cHYAQ","INVALID_OR_NULL_FOR_RESTRICTED_PICKLIST:Status: bad value for restricted picklist field: Cancelled:Status --","1pgVY00000000cHYAQ","Cancelled"
"1pgVY00000000cIYAQ","INVALID_OR_NULL_FOR_RESTRICTED_PICKLIST:Status: bad value for restricted picklist field: Cancelled:Status --","1pgVY00000000cIYAQ","Cancelled"
"1pgVY00000000cJYAQ","INVALID_OR_NULL_FOR_RESTRICTED_PICKLIST:Status: bad value for restricted picklist field: Cancelled:Status --","1pgVY00000000cJYAQ","Cancelled"
"1pgVY00000000cKYAQ","INVALID_OR_NULL_FOR_RESTRICTED_PICKLIST:Status: bad value for restricted picklist field: Cancelled:Status --","1pgVY00000000cKYAQ","Cancelled"
"1pgVY00000000cLYAQ","INVALID_OR_NULL_FOR_RESTRICTED_PICKLIST:Status: bad value for restricted picklist field: Cancelled:Status --","1pgVY00000000cLYAQ","Cancelled"
"1pgVY00000000cMYAQ","INVALID_OR_NULL_FOR_RESTRICTED_PICKLIST:Status: bad value for restricted picklist field: Cancelled:Status --","1pgVY00000000cMYAQ","Cancelled"
"1pgVY00000000cNYAQ","INVALID_OR_NULL_FOR_RESTRICTED_PICKLIST:Status: bad value for restricted picklist field: Cancelled:Status --","1pgVY00000000cNYAQ","Cancelled"
"1pgVY00000000cOYAQ","INVALID_OR_NULL_FOR_RESTRICTED_PICKLIST:Status: bad value for restricted picklist field: Cancelled:Status --","1pgVY00000000cOYAQ","Cancelled"
"1pgVY00000000cPYAQ","INVALID_OR_NULL_FOR_RESTRICTED_PICKLIST:Status: bad value for restricted picklist field: Cancelled:Status --","1pgVY00000000cPYAQ","Cancelled"
"1pgVY00000000cQYAQ","INVALID_OR_NULL_FOR_RESTRICTED_PICKLIST:Status: bad value for restricted picklist field: Cancelled:Status --","1pgVY00000000cQYAQ","Cancelled"
"1pgVY00000000cRYAQ","INVALID_OR_NULL_FOR_RESTRICTED_PICKLIST:Status: bad value for restricted picklist field: Cancelled:Status --","1pgVY00000000cRYAQ","Cancelled"
"1pgVY00000000cSYAQ","INVALID_OR_NULL_FOR_RESTRICTED_PICKLIST:Status: bad value for restricted picklist field: Cancelled:Status --","1pgVY00000000cSYAQ","Cancelled"
"1pgVY00000000cTYAQ","INVALID_OR_NULL_FOR_RESTRICTED_PICKLIST:Status: bad value for restricted picklist field: Cancelled:Status --","1pgVY00000000cTYAQ","Cancelled"
"1pgVY00000000cUYAQ","INVALID_OR_NULL_FOR_RESTRICTED_PICKLIST:Status: bad value for restricted picklist field: Cancelled:Status --","1pgVY00000000cUYAQ","Cancelled"
"1pgVY00000000cVYAQ","INVALID_OR_NULL_FOR_RESTRICTED_PICKLIST:Status: bad value for restricted picklist field: Cancelled:Status --","1pgVY00000000cVYAQ","Cancelled"
"1pgVY00000000cWYAQ","INVALID_OR_NULL_FOR_RESTRICTED_PICKLIST:Status: bad value for restricted picklist field: Cancelled:Status --","1pgVY00000000cWYAQ","Cancelled"
"1pgVY00000000cXYAQ","INVALID_OR_NULL_FOR_RESTRICTED_PICKLIST:Status: bad value for restricted picklist field: Cancelled:Status --","1pgVY00000000cXYAQ","Cancelled"
"1pgVY00000000cYYAQ","INVALID_OR_NULL_FOR_RESTRICTED_PICKLIST:Status: bad value for restricted picklist field: Cancelled:Status --","1pgVY00000000cYYAQ","Cancelled"
"1pgVY00000000cZYAQ","INVALID_OR_NULL_FOR_RESTRICTED_PICKLIST:Status: bad value for restricted picklist field: Cancelled:Status --","1pgVY00000000cZYAQ","Cancelled"
"1pgVY00000000caYAA","INVALID_OR_NULL_FOR_RESTRICTED_PICKLIST:Status: bad value for restricted picklist field: Cancelled:Status --","1pgVY00000000caYAA","Cancelled"
"1pgVY00000000cbYAA","INVALID_OR_NULL_FOR_RESTRICTED_PICKLIST:Status: bad value for restricted picklist field: Cancelled:Status --","1pgVY00000000cbYAA","Cancelled"
"1pgVY00000000ccYAA","INVALID_OR_NULL_FOR_RESTRICTED_PICKLIST:Status: bad value for restricted picklist field: Cancelled:Status --","1pgVY00000000ccYAA","Cancelled"
"1pgVY00000000fwYAA","INVALID_OR_NULL_FOR_RESTRICTED_PICKLIST:Status: bad value for restricted picklist field: Cancelled:Status --","1pgVY00000000fwYAA","Cancelled"
"1pgVY00000000fxYAA","INVALID_OR_NULL_FOR_RESTRICTED_PICKLIST:Status: bad value for restricted picklist field: Cancelled:Status --","1pgVY00000000fxYAA","Cancelled"
"1pgVY00000000fyYAA","INVALID_OR_NULL_FOR_RESTRICTED_PICKLIST:Status: bad value for restricted picklist field: Cancelled:Status --","1pgVY00000000fyYAA","Cancelled"
"1pgVY00000000fzYAA","INVALID_OR_NULL_FOR_RESTRICTED_PICKLIST:Status: bad value for restricted picklist field: Cancelled:Status --","1pgVY00000000fzYAA","Cancelled"
"1pgVY00000000g0YAA","INVALID_OR_NULL_FOR_RESTRICTED_PICKLIST:Status: bad value for restricted picklist field: Cancelled:Status --","1pgVY00000000g0YAA","Cancelled"
"1pgVY00000000g1YAA","INVALID_OR_NULL_FOR_RESTRICTED_PICKLIST:Status: bad value for restricted picklist field: Cancelled:Status --","1pgVY00000000g1YAA","Cancelled"
"1pgVY00000000g2YAA","INVALID_OR_NULL_FOR_RESTRICTED_PICKLIST:Status: bad value for restricted picklist field: Cancelled:Status --","1pgVY00000000g2YAA","Cancelled"
"1pgVY00000000g3YAA","INVALID_OR_NULL_FOR_RESTRICTED_PICKLIST:Status: bad value for restricted picklist field: Cancelled:Status --","1pgVY00000000g3YAA","Cancelled"
"1pgVY00000000g4YAA","INVALID_OR_NULL_FOR_RESTRICTED_PICKLIST:Status: bad value for restricted picklist field: Cancelled:Status --","1pgVY00000000g4YAA","Cancelled"
"1pgVY00000000g5YAA","INVALID_OR_NULL_FOR_RESTRICTED_PICKLIST:Status: bad value for restricted picklist field: Cancelled:Status --","1pgVY00000000g5YAA","Cancelled"
"1pgVY00000000g6YAA","INVALID_OR_NULL_FOR_RESTRICTED_PICKLIST:Status: bad value for restricted picklist field: Cancelled:Status --","1pgVY00000000g6YAA","Cancelled"
"1pgVY00000000g7YAA","INVALID_OR_NULL_FOR_RESTRICTED_PICKLIST:Status: bad value for restricted picklist field: Cancelled:Status --","1pgVY00000000g7YAA","Cancelled"
"1pgVY00000000g8YAA","INVALID_OR_NULL_FOR_RESTRICTED_PICKLIST:Status: bad value for restricted picklist field: Cancelled:Status --","1pgVY00000000g8YAA","Cancelled"
"1pgVY00000000g9YAA","INVALID_OR_NULL_FOR_RESTRICTED_PICKLIST:Status: bad value for restricted picklist field: Cancelled:Status --","1pgVY00000000g9YAA","Cancelled"
"1pgVY00000000gAYAQ","INVALID_OR_NULL_FOR_RESTRICTED_PICKLIST:Status: bad value for restricted picklist field: Cancelled:Status --","1pgVY00000000gAYAQ","Cancelled"
"1pgVY00000000gBYAQ","INVALID_OR_NULL_FOR_RESTRICTED_PICKLIST:Status: bad value for restricted picklist field: Cancelled:Status --","1pgVY00000000gBYAQ","Cancelled"
"1pgVY00000000gCYAQ","INVALID_OR_NULL_FOR_RESTRICTED_PICKLIST:Status: bad value for restricted picklist field: Cancelled:Status --","1pgVY00000000gCYAQ","Cancelled"
"1pgVY00000000gDYAQ","INVALID_OR_NULL_FOR_RESTRICTED_PICKLIST:Status: bad value for restricted picklist field: Cancelled:Status --","1pgVY00000000gDYAQ","Cancelled"
"1pgVY00000000gEYAQ","INVALID_OR_NULL_FOR_RESTRICTED_PICKLIST:Status: bad value for restricted picklist field: Cancelled:Status --","1pgVY00000000gEYAQ","Cancelled"
"1pgVY00000000gFYAQ","INVALID_OR_NULL_FOR_RESTRICTED_PICKLIST:Status: bad value for restricted picklist field: Cancelled:Status --","1pgVY00000000gFYAQ","Cancelled"
"1pgVY00000000gGYAQ","INVALID_OR_NULL_FOR_RESTRICTED_PICKLIST:Status: bad value for restricted picklist field: Cancelled:Status --","1pgVY00000000gGYAQ","Cancelled"
"1pgVY00000000gHYAQ","INVALID_OR_NULL_FOR_RESTRICTED_PICKLIST:Status: bad value for restricted picklist field: Cancelled:Status --","1pgVY00000000gHYAQ","Cancelled"
"1pgVY00000000gIYAQ","INVALID_OR_NULL_FOR_RESTRICTED_PICKLIST:Status: bad value for restricted picklist field: Cancelled:Status --","1pgVY00000000gIYAQ","Cancelled"
"1pgVY00000000gJYAQ","INVALID_OR_NULL_FOR_RESTRICTED_PICKLIST:Status: bad value for restricted picklist field: Cancelled:Status --","1pgVY00000000gJYAQ","Cancelled"
"1pgVY00000000gKYAQ","INVALID_OR_NULL_FOR_RESTRICTED_PICKLIST:Status: bad value for restricted picklist field: Cancelled:Status --","1pgVY00000000gKYAQ","Cancelled"
"1pgVY00000000gLYAQ","INVALID_OR_NULL_FOR_RESTRICTED_PICKLIST:Status: bad value for restricted picklist field: Cancelled:Status --","1pgVY00000000gLYAQ","Cancelled"
"1pgVY00000000gMYAQ","INVALID_OR_NULL_FOR_RESTRICTED_PICKLIST:Status: bad value for restricted picklist field: Cancelled:Status --","1pgVY00000000gMYAQ","Cancelled"
"1pgVY00000000gNYAQ","INVALID_OR_NULL_FOR_RESTRICTED_PICKLIST:Status: bad value for restricted picklist field: Cancelled:Status --","1pgVY00000000gNYAQ","Cancelled"
"1pgVY00000000gOYAQ","INVALID_OR_NULL_FOR_RESTRICTED_PICKLIST:Status: bad value for restricted picklist field: Cancelled:Status --","1pgVY00000000gOYAQ","Cancelled"
"1pgVY00000000gPYAQ","INVALID_OR_NULL_FOR_RESTRICTED_PICKLIST:Status: bad value for restricted picklist field: Cancelled:Status --","1pgVY00000000gPYAQ","Cancelled"
"1pgVY00000000gQYAQ","INVALID_OR_NULL_FOR_RESTRICTED_PICKLIST:Status: bad value for restricted picklist field: Cancelled:Status --","1pgVY00000000gQYAQ","Cancelled"
"1pgVY00000000gRYAQ","INVALID_OR_NULL_FOR_RESTRICTED_PICKLIST:Status: bad value for restricted picklist field: Cancelled:Status --","1pgVY00000000gRYAQ","Cancelled"
"1pgVY00000000gSYAQ","INVALID_OR_NULL_FOR_RESTRICTED_PICKLIST:Status: bad value for restricted picklist field: Cancelled:Status --","1pgVY00000000gSYAQ","Cancelled"
"1pgVY00000000gTYAQ","INVALID_OR_NULL_FOR_RESTRICTED_PICKLIST:Status: bad value for restricted picklist field: Cancelled:Status --","1pgVY00000000gTYAQ","Cancelled"
"1pgVY00000000gUYAQ","INVALID_OR_NULL_FOR_RESTRICTED_PICKLIST:Status: bad value for restricted picklist field: Cancelled:Status --","1pgVY00000000gUYAQ","Cancelled"
"1pgVY00000000gVYAQ","INVALID_OR_NULL_FOR_RESTRICTED_PICKLIST:Status: bad value for restricted picklist field: Cancelled:Status --","1pgVY00000000gVYAQ","Cancelled"
"1pgVY00000000gWYAQ","INVALID_OR_NULL_FOR_RESTRICTED_PICKLIST:Status: bad value for restricted picklist field: Cancelled:Status --","1pgVY00000000gWYAQ","Cancelled"
"1pgVY00000000gXYAQ","INVALID_OR_NULL_FOR_RESTRICTED_PICKLIST:Status: bad value for restricted picklist field: Cancelled:Status --","1pgVY00000000gXYAQ","Cancelled"
"1pgVY00000000gYYAQ","INVALID_OR_NULL_FOR_RESTRICTED_PICKLIST:Status: bad value for restricted picklist field: Cancelled:Status --","1pgVY00000000gYYAQ","Cancelled"
"1pgVY00000000gZYAQ","INVALID_OR_NULL_FOR_RESTRICTED_PICKLIST:Status: bad value for restricted picklist field: Cancelled:Status --","1pgVY00000000gZYAQ","Cancelled"
"1pgVY00000000gaYAA","INVALID_OR_NULL_FOR_RESTRICTED_PICKLIST:Status: bad value for restricted picklist field: Cancelled:Status --","1pgVY00000000gaYAA","Cancelled"
"1pgVY00000000gbYAA","INVALID_OR_NULL_FOR_RESTRICTED_PICKLIST:Status: bad value for restricted picklist field: Cancelled:Status --","1pgVY00000000gbYAA","Cancelled"
"1pgVY00000000gcYAA","INVALID_OR_NULL_FOR_RESTRICTED_PICKLIST:Status: bad value for restricted picklist field: Cancelled:Status --","1pgVY00000000gcYAA","Cancelled"
"1pgVY00000000gdYAA","INVALID_OR_NULL_FOR_RESTRICTED_PICKLIST:Status: bad value for restricted picklist field: Cancelled:Status --","1pgVY00000000gdYAA","Cancelled"
"1pgVY00000000geYAA","INVALID_OR_NULL_FOR_RESTRICTED_PICKLIST:Status: bad value for restricted picklist field: Cancelled:Status --","1pgVY00000000geYAA","Cancelled"
"1pgVY00000000gfYAA","INVALID_OR_NULL_FOR_RESTRICTED_PICKLIST:Status: bad value for restricted picklist field: Cancelled:Status --","1pgVY00000000gfYAA","Cancelled"
"1pgVY00000000ggYAA","INVALID_OR_NULL_FOR_RESTRICTED_PICKLIST:Status: bad value for restricted picklist field: Cancelled:Status --","1pgVY00000000ggYAA","Cancelled"
"1pgVY00000000ghYAA","INVALID_OR_NULL_FOR_RESTRICTED_PICKLIST:Status: bad value for restricted picklist field: Cancelled:Status --","1pgVY00000000ghYAA","Cancelled"
"1pgVY00000000giYAA","INVALID_OR_NULL_FOR_RESTRICTED_PICKLIST:Status: bad value for restricted picklist field: Cancelled:Status --","1pgVY00000000giYAA","Cancelled"
"1pgVY00000000gjYAA","INVALID_OR_NULL_FOR_RESTRICTED_PICKLIST:Status: bad value for restricted picklist field: Cancelled:Status --","1pgVY00000000gjYAA","Cancelled"
"1pgVY00000000gkYAA","INVALID_OR_NULL_FOR_RESTRICTED_PICKLIST:Status: bad value for restricted picklist field: Cancelled:Status --","1pgVY00000000gkYAA","Cancelled"
"1pgVY00000000glYAA","INVALID_OR_NULL_FOR_RESTRICTED_PICKLIST:Status: bad value for restricted picklist field: Cancelled:Status --","1pgVY00000000glYAA","Cancelled"
"1pgVY00000000gmYAA","INVALID_OR_NULL_FOR_RESTRICTED_PICKLIST:Status: bad value for restricted picklist field: Cancelled:Status --","1pgVY00000000gmYAA","Cancelled"
"1pgVY00000000gnYAA","INVALID_OR_NULL_FOR_RESTRICTED_PICKLIST:Status: bad value for restricted picklist field: Cancelled:Status --","1pgVY00000000gnYAA","Cancelled"
"1pgVY00000000goYAA","INVALID_OR_NULL_FOR_RESTRICTED_PICKLIST:Status: bad value for restricted picklist field: Cancelled:Status --","1pgVY00000000goYAA","Cancelled"
"1pgVY00000000gpYAA","INVALID_OR_NULL_FOR_RESTRICTED_PICKLIST:Status: bad value for restricted picklist field: Cancelled:Status --","1pgVY00000000gpYAA","Cancelled"
"1pgVY00000000gqYAA","INVALID_OR_NULL_FOR_RESTRICTED_PICKLIST:Status: bad value for restricted picklist field: Cancelled:Status --","1pgVY00000000gqYAA","Cancelled"
"1pgVY00000000grYAA","INVALID_OR_NULL_FOR_RESTRICTED_PICKLIST:Status: bad value for restricted picklist field: Cancelled:Status --","1pgVY00000000grYAA","Cancelled"
"1pgVY00000000gsYAA","INVALID_OR_NULL_FOR_RESTRICTED_PICKLIST:Status: bad value for restricted picklist field: Cancelled:Status --","1pgVY00000000gsYAA","Cancelled"
"1pgVY00000000gtYAA","INVALID_OR_NULL_FOR_RESTRICTED_PICKLIST:Status: bad value for restricted picklist field: Cancelled:Status --","1pgVY00000000gtYAA","Cancelled"
"1pgVY00000000guYAA","INVALID_OR_NULL_FOR_RESTRICTED_PICKLIST:Status: bad value for restricted picklist field: Cancelled:Status --","1pgVY00000000guYAA","Cancelled"
"1pgVY00000000gvYAA","INVALID_OR_NULL_FOR_RESTRICTED_PICKLIST:Status: bad value for restricted picklist field: Cancelled:Status --","1pgVY00000000gvYAA","Cancelled"
"1pgVY00000000gwYAA","INVALID_OR_NULL_FOR_RESTRICTED_PICKLIST:Status: bad value for restricted picklist field: Cancelled:Status --","1pgVY00000000gwYAA","Cancelled"
"1pgVY00000000gxYAA","INVALID_OR_NULL_FOR_RESTRICTED_PICKLIST:Status: bad value for restricted picklist field: Cancelled:Status --","1pgVY00000000gxYAA","Cancelled"
"1pgVY00000000gyYAA","INVALID_OR_NULL_FOR_RESTRICTED_PICKLIST:Status: bad value for restricted picklist field: Cancelled:Status --","1pgVY00000000gyYAA","Cancelled"
"1pgVY00000000gzYAA","INVALID_OR_NULL_FOR_RESTRICTED_PICKLIST:Status: bad value for restricted picklist field: Cancelled:Status --","1pgVY00000000gzYAA","Cancelled"
"1pgVY00000000h0YAA","INVALID_OR_NULL_FOR_RESTRICTED_PICKLIST:Status: bad value for restricted picklist field: Cancelled:Status --","1pgVY00000000h0YAA","Cancelled"
"1pgVY00000000h1YAA","INVALID_OR_NULL_FOR_RESTRICTED_PICKLIST:Status: bad value for restricted picklist field: Cancelled:Status --","1pgVY00000000h1YAA","Cancelled"
"1pgVY00000000h2YAA","INVALID_OR_NULL_FOR_RESTRICTED_PICKLIST:Status: bad value for restricted picklist field: Cancelled:Status --","1pgVY00000000h2YAA","Cancelled"
"1pgVY00000000h3YAA","INVALID_OR_NULL_FOR_RESTRICTED_PICKLIST:Status: bad value for restricted picklist field: Cancelled:Status --","1pgVY00000000h3YAA","Cancelled"
"1pgVY00000000h4YAA","INVALID_OR_NULL_FOR_RESTRICTED_PICKLIST:Status: bad value for restricted picklist field: Cancelled:Status --","1pgVY00000000h4YAA","Cancelled"
"1pgVY00000000h5YAA","INVALID_OR_NULL_FOR_RESTRICTED_PICKLIST:Status: bad value for restricted picklist field: Cancelled:Status --","1pgVY00000000h5YAA","Cancelled"
"1pgVY00000000h6YAA","INVALID_OR_NULL_FOR_RESTRICTED_PICKLIST:Status: bad value for restricted picklist field: Cancelled:Status --","1pgVY00000000h6YAA","Cancelled"
"1pgVY00000000h7YAA","INVALID_OR_NULL_FOR_RESTRICTED_PICKLIST:Status: bad value for restricted picklist field: Cancelled:Status --","1pgVY00000000h7YAA","Cancelled"
"1pgVY00000000h8YAA","INVALID_OR_NULL_FOR_RESTRICTED_PICKLIST:Status: bad value for restricted picklist field: Cancelled:Status --","1pgVY00000000h8YAA","Cancelled"
"1pgVY00000000h9YAA","INVALID_OR_NULL_FOR_RESTRICTED_PICKLIST:Status: bad value for restricted picklist field: Cancelled:Status --","1pgVY00000000h9YAA","Cancelled"
"1pgVY00000000hAYAQ","INVALID_OR_NULL_FOR_RESTRICTED_PICKLIST:Status: bad value for restricted picklist field: Cancelled:Status --","1pgVY00000000hAYAQ","Cancelled"
"1pgVY00000000hBYAQ","INVALID_OR_NULL_FOR_RESTRICTED_PICKLIST:Status: bad value for restricted picklist field: Cancelled:Status --","1pgVY00000000hBYAQ","Cancelled"
"1pgVY00000000hCYAQ","INVALID_OR_NULL_FOR_RESTRICTED_PICKLIST:Status: bad value for restricted picklist field: Cancelled:Status --","1pgVY00000000hCYAQ","Cancelled"
"1pgVY00000000hDYAQ","INVALID_OR_NULL_FOR_RESTRICTED_PICKLIST:Status: bad value for restricted picklist field: Cancelled:Status --","1pgVY00000000hDYAQ","Cancelled"
"1pgVY00000000hEYAQ","INVALID_OR_NULL_FOR_RESTRICTED_PICKLIST:Status: bad value for restricted picklist field: Cancelled:Status --","1pgVY00000000hEYAQ","Cancelled"
"1pgVY00000000hFYAQ","INVALID_OR_NULL_FOR_RESTRICTED_PICKLIST:Status: bad value for restricted picklist field: Cancelled:Status --","1pgVY00000000hFYAQ","Cancelled"
"1pgVY00000000hGYAQ","INVALID_OR_NULL_FOR_RESTRICTED_PICKLIST:Status: bad value for restricted picklist field: Cancelled:Status --","1pgVY00000000hGYAQ","Cancelled"
"1pgVY00000000hHYAQ","INVALID_OR_NULL_FOR_RESTRICTED_PICKLIST:Status: bad value for restricted picklist field: Cancelled:Status --","1pgVY00000000hHYAQ","Cancelled"
"1pgVY00000000hIYAQ","INVALID_OR_NULL_FOR_RESTRICTED_PICKLIST:Status: bad value for restricted picklist field: Cancelled:Status --","1pgVY00000000hIYAQ","Cancelled"
"1pgVY00000000hJYAQ","INVALID_OR_NULL_FOR_RESTRICTED_PICKLIST:Status: bad value for restricted picklist field: Cancelled:Status --","1pgVY00000000hJYAQ","Cancelled"
"1pgVY00000000hKYAQ","INVALID_OR_NULL_FOR_RESTRICTED_PICKLIST:Status: bad value for restricted picklist field: Cancelled:Status --","1pgVY00000000hKYAQ","Cancelled"
"1pgVY00000000hLYAQ","INVALID_OR_NULL_FOR_RESTRICTED_PICKLIST:Status: bad value for restricted picklist field: Cancelled:Status --","1pgVY00000000hLYAQ","Cancelled"
"1pgVY00000000hMYAQ","INVALID_OR_NULL_FOR_RESTRICTED_PICKLIST:Status: bad value for restricted picklist field: Cancelled:Status --","1pgVY00000000hMYAQ","Cancelled"
"1pgVY00000000hNYAQ","INVALID_OR_NULL_FOR_RESTRICTED_PICKLIST:Status: bad value for restricted picklist field: Cancelled:Status --","1pgVY00000000hNYAQ","Cancelled"
"1pgVY00000000hOYAQ","INVALID_OR_NULL_FOR_RESTRICTED_PICKLIST:Status: bad value for restricted picklist field: Cancelled:Status --","1pgVY00000000hOYAQ","Cancelled"
"1pgVY00000000hPYAQ","INVALID_OR_NULL_FOR_RESTRICTED_PICKLIST:Status: bad value for restricted picklist field: Cancelled:Status --","1pgVY00000000hPYAQ","Cancelled"
"1pgVY00000000hQYAQ","INVALID_OR_NULL_FOR_RESTRICTED_PICKLIST:Status: bad value for restricted picklist field: Cancelled:Status --","1pgVY00000000hQYAQ","Cancelled"
"1pgVY00000000hRYAQ","INVALID_OR_NULL_FOR_RESTRICTED_PICKLIST:Status: bad value for restricted picklist field: Cancelled:Status --","1pgVY00000000hRYAQ","Cancelled"
"1pgVY00000000hSYAQ","INVALID_OR_NULL_FOR_RESTRICTED_PICKLIST:Status: bad value for restricted picklist field: Cancelled:Status --","1pgVY00000000hSYAQ","Cancelled"
"1pgVY00000000hTYAQ","INVALID_OR_NULL_FOR_RESTRICTED_PICKLIST:Status: bad value for restricted picklist field: Cancelled:Status --","1pgVY00000000hTYAQ","Cancelled"
"1pgVY00000000hUYAQ","INVALID_OR_NULL_FOR_RESTRICTED_PICKLIST:Status: bad value for restricted picklist field: Cancelled:Status --","1pgVY00000000hUYAQ","Cancelled"
"1pgVY00000000hVYAQ","INVALID_OR_NULL_FOR_RESTRICTED_PICKLIST:Status: bad value for restricted picklist field: Cancelled:Status --","1pgVY00000000hVYAQ","Cancelled"
"1pgVY00000000hWYAQ","INVALID_OR_NULL_FOR_RESTRICTED_PICKLIST:Status: bad value for restricted picklist field: Cancelled:Status --","1pgVY00000000hWYAQ","Cancelled"
"1pgVY00000000hXYAQ","INVALID_OR_NULL_FOR_RESTRICTED_PICKLIST:Status: bad value for restricted picklist field: Cancelled:Status --","1pgVY00000000hXYAQ","Cancelled"
"1pgVY00000000hYYAQ","INVALID_OR_NULL_FOR_RESTRICTED_PICKLIST:Status: bad value for restricted picklist field: Cancelled:Status --","1pgVY00000000hYYAQ","Cancelled"
"1pgVY00000000hZYAQ","INVALID_OR_NULL_FOR_RESTRICTED_PICKLIST:Status: bad value for restricted picklist field: Cancelled:Status --","1pgVY00000000hZYAQ","Cancelled"
"1pgVY00000000haYAA","INVALID_OR_NULL_FOR_RESTRICTED_PICKLIST:Status: bad value for restricted picklist field: Cancelled:Status --","1pgVY00000000haYAA","Cancelled"
"1pgVY00000000hbYAA","INVALID_OR_NULL_FOR_RESTRICTED_PICKLIST:Status: bad value for restricted picklist field: Cancelled:Status --","1pgVY00000000hbYAA","Cancelled"
"1pgVY00000000hcYAA","INVALID_OR_NULL_FOR_RESTRICTED_PICKLIST:Status: bad value for restricted picklist field: Cancelled:Status --","1pgVY00000000hcYAA","Cancelled"
"1pgVY00000000hdYAA","INVALID_OR_NULL_FOR_RESTRICTED_PICKLIST:Status: bad value for restricted picklist field: Cancelled:Status --","1pgVY00000000hdYAA","Cancelled"
"1pgVY00000000heYAA","INVALID_OR_NULL_FOR_RESTRICTED_PICKLIST:Status: bad value for restricted picklist field: Cancelled:Status --","1pgVY00000000heYAA","Cancelled"
"1pgVY00000000hfYAA","INVALID_OR_NULL_FOR_RESTRICTED_PICKLIST:Status: bad value for restricted picklist field: Cancelled:Status --","1pgVY00000000hfYAA","Cancelled"
"1pgVY00000000hgYAA","INVALID_OR_NULL_FOR_RESTRICTED_PICKLIST:Status: bad value for restricted picklist field: Cancelled:Status --","1pgVY00000000hgYAA","Cancelled"
"1pgVY00000000hhYAA","INVALID_OR_NULL_FOR_RESTRICTED_PICKLIST:Status: bad value for restricted picklist field: Cancelled:Status --","1pgVY00000000hhYAA","Cancelled"
"1pgVY00000000hiYAA","INVALID_OR_NULL_FOR_RESTRICTED_PICKLIST:Status: bad value for restricted picklist field: Cancelled:Status --","1pgVY00000000hiYAA","Cancelled"
"1pgVY00000000hjYAA","INVALID_OR_NULL_FOR_RESTRICTED_PICKLIST:Status: bad value for restricted picklist field: Cancelled:Status --","1pgVY00000000hjYAA","Cancelled"
"1pgVY00000000hkYAA","INVALID_OR_NULL_FOR_RESTRICTED_PICKLIST:Status: bad value for restricted picklist field: Cancelled:Status --","1pgVY00000000hkYAA","Cancelled"
"1pgVY00000000hlYAA","INVALID_OR_NULL_FOR_RESTRICTED_PICKLIST:Status: bad value for restricted picklist field: Cancelled:Status --","1pgVY00000000hlYAA","Cancelled"
"1pgVY00000000hmYAA","INVALID_OR_NULL_FOR_RESTRICTED_PICKLIST:Status: bad value for restricted picklist field: Cancelled:Status --","1pgVY00000000hmYAA","Cancelled"
"1pgVY00000000hnYAA","INVALID_OR_NULL_FOR_RESTRICTED_PICKLIST:Status: bad value for restricted picklist field: Cancelled:Status --","1pgVY00000000hnYAA","Cancelled"
"1pgVY00000000hoYAA","INVALID_OR_NULL_FOR_RESTRICTED_PICKLIST:Status: bad value for restricted picklist field: Cancelled:Status --","1pgVY00000000hoYAA","Cancelled"
"1pgVY00000000hpYAA","INVALID_OR_NULL_FOR_RESTRICTED_PICKLIST:Status: bad value for restricted picklist field: Cancelled:Status --","1pgVY00000000hpYAA","Cancelled"
"1pgVY00000000hqYAA","INVALID_OR_NULL_FOR_RESTRICTED_PICKLIST:Status: bad value for restricted picklist field: Cancelled:Status --","1pgVY00000000hqYAA","Cancelled"
"1pgVY00000000hrYAA","INVALID_OR_NULL_FOR_RESTRICTED_PICKLIST:Status: bad value for restricted picklist field: Cancelled:Status --","1pgVY00000000hrYAA","Cancelled"
"1pgVY00000000hsYAA","INVALID_OR_NULL_FOR_RESTRICTED_PICKLIST:Status: bad value for restricted picklist field: Cancelled:Status --","1pgVY00000000hsYAA","Cancelled"
"1pgVY00000000htYAA","INVALID_OR_NULL_FOR_RESTRICTED_PICKLIST:Status: bad value for restricted picklist field: Cancelled:Status --","1pgVY00000000htYAA","Cancelled"
"1pgVY00000000huYAA","INVALID_OR_NULL_FOR_RESTRICTED_PICKLIST:Status: bad value for restricted picklist field: Cancelled:Status --","1pgVY00000000huYAA","Cancelled"
"1pgVY00000000hvYAA","INVALID_OR_NULL_FOR_RESTRICTED_PICKLIST:Status: bad value for restricted picklist field: Cancelled:Status --","1pgVY00000000hvYAA","Cancelled"
"1pgVY00000000hwYAA","INVALID_OR_NULL_FOR_RESTRICTED_PICKLIST:Status: bad value for restricted picklist field: Cancelled:Status --","1pgVY00000000hwYAA","Cancelled"
"1pgVY00000000hxYAA","INVALID_OR_NULL_FOR_RESTRICTED_PICKLIST:Status: bad value for restricted picklist field: Cancelled:Status --","1pgVY00000000hxYAA","Cancelled"
"1pgVY00000000hyYAA","INVALID_OR_NULL_FOR_RESTRICTED_PICKLIST:Status: bad value for restricted picklist field: Cancelled:Status --","1pgVY00000000hyYAA","Cancelled"
"1pgVY00000000hzYAA","INVALID_OR_NULL_FOR_RESTRICTED_PICKLIST:Status: bad value for restricted picklist field: Cancelled:Status --","1pgVY00000000hzYAA","Cancelled"
"1pgVY00000000i0YAA","INVALID_OR_NULL_FOR_RESTRICTED_PICKLIST:Status: bad value for restricted picklist field: Cancelled:Status --","1pgVY00000000i0YAA","Cancelled"
"1pgVY00000000i1YAA","INVALID_OR_NULL_FOR_RESTRICTED_PICKLIST:Status: bad value for restricted picklist field: Cancelled:Status --","1pgVY00000000i1YAA","Cancelled"
"1pgVY00000000i2YAA","INVALID_OR_NULL_FOR_RESTRICTED_PICKLIST:Status: bad value for restricted picklist field: Cancelled:Status --","1pgVY00000000i2YAA","Cancelled"
"1pgVY00000000i3YAA","INVALID_OR_NULL_FOR_RESTRICTED_PICKLIST:Status: bad value for restricted picklist field: Cancelled:Status --","1pgVY00000000i3YAA","Cancelled"
"1pgVY00000000i4YAA","INVALID_OR_NULL_FOR_RESTRICTED_PICKLIST:Status: bad value for restricted picklist field: Cancelled:Status --","1pgVY00000000i4YAA","Cancelled"
"1pgVY00000000i5YAA","INVALID_OR_NULL_FOR_RESTRICTED_PICKLIST:Status: bad value for restricted picklist field: Cancelled:Status --","1pgVY00000000i5YAA","Cancelled"
"1pgVY00000000i6YAA","INVALID_OR_NULL_FOR_RESTRICTED_PICKLIST:Status: bad value for restricted picklist field: Cancelled:Status --","1pgVY00000000i6YAA","Cancelled"
"1pgVY00000000i7YAA","INVALID_OR_NULL_FOR_RESTRICTED_PICKLIST:Status: bad value for restricted picklist field: Cancelled:Status --","1pgVY00000000i7YAA","Cancelled"
"1pgVY00000000i8YAA","INVALID_OR_NULL_FOR_RESTRICTED_PICKLIST:Status: bad value for restricted picklist field: Cancelled:Status --","1pgVY00000000i8YAA","Cancelled"
"1pgVY00000000i9YAA","INVALID_OR_NULL_FOR_RESTRICTED_PICKLIST:Status: bad value for restricted picklist field: Cancelled:Status --","1pgVY00000000i9YAA","Cancelled"
"1pgVY00000000iAYAQ","INVALID_OR_NULL_FOR_RESTRICTED_PICKLIST:Status: bad value for restricted picklist field: Cancelled:Status --","1pgVY00000000iAYAQ","Cancelled"
"1pgVY00000000iBYAQ","INVALID_OR_NULL_FOR_RESTRICTED_PICKLIST:Status: bad value for restricted picklist field: Cancelled:Status --","1pgVY00000000iBYAQ","Cancelled"
"1pgVY00000000iCYAQ","INVALID_OR_NULL_FOR_RESTRICTED_PICKLIST:Status: bad value for restricted picklist field: Cancelled:Status --","1pgVY00000000iCYAQ","Cancelled"
"1pgVY00000000iDYAQ","INVALID_OR_NULL_FOR_RESTRICTED_PICKLIST:Status: bad value for restricted picklist field: Cancelled:Status --","1pgVY00000000iDYAQ","Cancelled"
"1pgVY00000000iEYAQ","INVALID_OR_NULL_FOR_RESTRICTED_PICKLIST:Status: bad value for restricted picklist field: Cancelled:Status --","1pgVY00000000iEYAQ","Cancelled"
"1pgVY00000000iFYAQ","INVALID_OR_NULL_FOR_RESTRICTED_PICKLIST:Status: bad value for restricted picklist field: Cancelled:Status --","1pgVY00000000iFYAQ","Cancelled"
"1pgVY00000000iGYAQ","INVALID_OR_NULL_FOR_RESTRICTED_PICKLIST:Status: bad value for restricted picklist field: Cancelled:Status --","1pgVY00000000iGYAQ","Cancelled"
"1pgVY00000000iHYAQ","INVALID_OR_NULL_FOR_RESTRICTED_PICKLIST:Status: bad value for restricted picklist field: Cancelled:Status --","1pgVY00000000iHYAQ","Cancelled"
"1pgVY00000000iIYAQ","INVALID_OR_NULL_FOR_RESTRICTED_PICKLIST:Status: bad value for restricted picklist field: Cancelled:Status --","1pgVY00000000iIYAQ","Cancelled"
"1pgVY00000000iJYAQ","INVALID_OR_NULL_FOR_RESTRICTED_PICKLIST:Status: bad value for restricted picklist field: Cancelled:Status --","1pgVY00000000iJYAQ","Cancelled"
"1pgVY00000000iKYAQ","INVALID_OR_NULL_FOR_RESTRICTED_PICKLIST:Status: bad value for restricted picklist field: Cancelled:Status --","1pgVY00000000iKYAQ","Cancelled"
"1pgVY00000000iLYAQ","INVALID_OR_NULL_FOR_RESTRICTED_PICKLIST:Status: bad value for restricted picklist field: Cancelled:Status --","1pgVY00000000iLYAQ","Cancelled"
"1pgVY00000000iMYAQ","INVALID_OR_NULL_FOR_RESTRICTED_PICKLIST:Status: bad value for restricted picklist field: Cancelled:Status --","1pgVY00000000iMYAQ","Cancelled"
"1pgVY00000000iNYAQ","INVALID_OR_NULL_FOR_RESTRICTED_PICKLIST:Status: bad value for restricted picklist field: Cancelled:Status --","1pgVY00000000iNYAQ","Cancelled"
"1pgVY00000000iOYAQ","INVALID_OR_NULL_FOR_RESTRICTED_PICKLIST:Status: bad value for restricted picklist field: Cancelled:Status --","1pgVY00000000iOYAQ","Cancelled"
"1pgVY00000000iPYAQ","INVALID_OR_NULL_FOR_RESTRICTED_PICKLIST:Status: bad value for restricted picklist field: Cancelled:Status --","1pgVY00000000iPYAQ","Cancelled"
"1pgVY00000000iQYAQ","INVALID_OR_NULL_FOR_RESTRICTED_PICKLIST:Status: bad value for restricted picklist field: Cancelled:Status --","1pgVY00000000iQYAQ","Cancelled"
"1pgVY00000000iRYAQ","INVALID_OR_NULL_FOR_RESTRICTED_PICKLIST:Status: bad value for restricted picklist field: Cancelled:Status --","1pgVY00000000iRYAQ","Cancelled"
"1pgVY00000000iSYAQ","INVALID_OR_NULL_FOR_RESTRICTED_PICKLIST:Status: bad value for restricted picklist field: Cancelled:Status --","1pgVY00000000iSYAQ","Cancelled"
"1pgVY00000000iTYAQ","INVALID_OR_NULL_FOR_RESTRICTED_PICKLIST:Status: bad value for restricted picklist field: Cancelled:Status --","1pgVY00000000iTYAQ","Cancelled"
"1pgVY00000000iUYAQ","INVALID_OR_NULL_FOR_RESTRICTED_PICKLIST:Status: bad value for restricted picklist field: Cancelled:Status --","1pgVY00000000iUYAQ","Cancelled"
"1pgVY00000000iVYAQ","INVALID_OR_NULL_FOR_RESTRICTED_PICKLIST:Status: bad value for restricted picklist field: Cancelled:Status --","1pgVY00000000iVYAQ","Cancelled"
"1pgVY00000000iWYAQ","INVALID_OR_NULL_FOR_RESTRICTED_PICKLIST:Status: bad value for restricted picklist field: Cancelled:Status --","1pgVY00000000iWYAQ","Cancelled"
"1pgVY00000000iXYAQ","INVALID_OR_NULL_FOR_RESTRICTED_PICKLIST:Status: bad value for restricted picklist field: Cancelled:Status --","1pgVY00000000iXYAQ","Cancelled"
"1pgVY00000000iYYAQ","INVALID_OR_NULL_FOR_RESTRICTED_PICKLIST:Status: bad value for restricted picklist field: Cancelled:Status --","1pgVY00000000iYYAQ","Cancelled"
"1pgVY00000000iZYAQ","INVALID_OR_NULL_FOR_RESTRICTED_PICKLIST:Status: bad value for restricted picklist field: Cancelled:Status --","1pgVY00000000iZYAQ","Cancelled"
"1pgVY00000000iaYAA","INVALID_OR_NULL_FOR_RESTRICTED_PICKLIST:Status: bad value for restricted picklist field: Cancelled:Status --","1pgVY00000000iaYAA","Cancelled"
"1pgVY00000000ibYAA","INVALID_OR_NULL_FOR_RESTRICTED_PICKLIST:Status: bad value for restricted picklist field: Cancelled:Status --","1pgVY00000000ibYAA","Cancelled"
"1pgVY00000000icYAA","INVALID_OR_NULL_FOR_RESTRICTED_PICKLIST:Status: bad value for restricted picklist field: Cancelled:Status --","1pgVY00000000icYAA","Cancelled"
"1pgVY00000000idYAA","INVALID_OR_NULL_FOR_RESTRICTED_PICKLIST:Status: bad value for restricted picklist field: Cancelled:Status --","1pgVY00000000idYAA","Cancelled"
"1pgVY00000000ieYAA","INVALID_OR_NULL_FOR_RESTRICTED_PICKLIST:Status: bad value for restricted picklist field: Cancelled:Status --","1pgVY00000000ieYAA","Cancelled"
"1pgVY00000000ifYAA","INVALID_OR_NULL_FOR_RESTRICTED_PICKLIST:Status: bad value for restricted picklist field: Cancelled:Status --","1pgVY00000000ifYAA","Cancelled"
"1pgVY00000000igYAA","INVALID_OR_NULL_FOR_RESTRICTED_PICKLIST:Status: bad value for restricted picklist field: Cancelled:Status --","1pgVY00000000igYAA","Cancelled"
"1pgVY00000000ihYAA","INVALID_OR_NULL_FOR_RESTRICTED_PICKLIST:Status: bad value for restricted picklist field: Cancelled:Status --","1pgVY00000000ihYAA","Cancelled"
"1pgVY00000000iiYAA","INVALID_OR_NULL_FOR_RESTRICTED_PICKLIST:Status: bad value for restricted picklist field: Cancelled:Status --","1pgVY00000000iiYAA","Cancelled"
"1pgVY00000000ijYAA","INVALID_OR_NULL_FOR_RESTRICTED_PICKLIST:Status: bad value for restricted picklist field: Cancelled:Status --","1pgVY00000000ijYAA","Cancelled"
"1pgVY00000000ikYAA","INVALID_OR_NULL_FOR_RESTRICTED_PICKLIST:Status: bad value for restricted picklist field: Cancelled:Status --","1pgVY00000000ikYAA","Cancelled"
"1pgVY00000000ilYAA","INVALID_OR_NULL_FOR_RESTRICTED_PICKLIST:Status: bad value for restricted picklist field: Cancelled:Status --","1pgVY00000000ilYAA","Cancelled"
"1pgVY00000000imYAA","INVALID_OR_NULL_FOR_RESTRICTED_PICKLIST:Status: bad value for restricted picklist field: Cancelled:Status --","1pgVY00000000imYAA","Cancelled"
"1pgVY00000000inYAA","INVALID_OR_NULL_FOR_RESTRICTED_PICKLIST:Status: bad value for restricted picklist field: Cancelled:Status --","1pgVY00000000inYAA","Cancelled"
"1pgVY00000000ioYAA","INVALID_OR_NULL_FOR_RESTRICTED_PICKLIST:Status: bad value for restricted picklist field: Cancelled:Status --","1pgVY00000000ioYAA","Cancelled"
"1pgVY00000000ipYAA","INVALID_OR_NULL_FOR_RESTRICTED_PICKLIST:Status: bad value for restricted picklist field: Cancelled:Status --","1pgVY00000000ipYAA","Cancelled"
"1pgVY00000000iqYAA","INVALID_OR_NULL_FOR_RESTRICTED_PICKLIST:Status: bad value for restricted picklist field: Cancelled:Status --","1pgVY00000000iqYAA","Cancelled"
"1pgVY00000000irYAA","INVALID_OR_NULL_FOR_RESTRICTED_PICKLIST:Status: bad value for restricted picklist field: Cancelled:Status --","1pgVY00000000irYAA","Cancelled"
"1pgVY00000000isYAA","INVALID_OR_NULL_FOR_RESTRICTED_PICKLIST:Status: bad value for restricted picklist field: Cancelled:Status --","1pgVY00000000isYAA","Cancelled"
"1pgVY00000000itYAA","INVALID_OR_NULL_FOR_RESTRICTED_PICKLIST:Status: bad value for restricted picklist field: Cancelled:Status --","1pgVY00000000itYAA","Cancelled"
"1pgVY00000000iuYAA","INVALID_OR_NULL_FOR_RESTRICTED_PICKLIST:Status: bad value for restricted picklist field: Cancelled:Status --","1pgVY00000000iuYAA","Cancelled"
"1pgVY00000000ivYAA","INVALID_OR_NULL_FOR_RESTRICTED_PICKLIST:Status: bad value for restricted picklist field: Cancelled:Status --","1pgVY00000000ivYAA","Cancelled"
"1pgVY00000000iwYAA","INVALID_OR_NULL_FOR_RESTRICTED_PICKLIST:Status: bad value for restricted picklist field: Cancelled:Status --","1pgVY00000000iwYAA","Cancelled"
"1pgVY00000000ixYAA","INVALID_OR_NULL_FOR_RESTRICTED_PICKLIST:Status: bad value for restricted picklist field: Cancelled:Status --","1pgVY00000000ixYAA","Cancelled"
"1pgVY00000000iyYAA","INVALID_OR_NULL_FOR_RESTRICTED_PICKLIST:Status: bad value for restricted picklist field: Cancelled:Status --","1pgVY00000000iyYAA","Cancelled"
"1pgVY00000000izYAA","INVALID_OR_NULL_FOR_RESTRICTED_PICKLIST:Status: bad value for restricted picklist field: Cancelled:Status --","1pgVY00000000izYAA","Cancelled"
"1pgVY00000000j0YAA","INVALID_OR_NULL_FOR_RESTRICTED_PICKLIST:Status: bad value for restricted picklist field: Cancelled:Status --","1pgVY00000000j0YAA","Cancelled"
"1pgVY00000000j1YAA","INVALID_OR_NULL_FOR_RESTRICTED_PICKLIST:Status: bad value for restricted picklist field: Cancelled:Status --","1pgVY00000000j1YAA","Cancelled"
"1pgVY00000000j2YAA","INVALID_OR_NULL_FOR_RESTRICTED_PICKLIST:Status: bad value for restricted picklist field: Cancelled:Status --","1pgVY00000000j2YAA","Cancelled"
"1pgVY00000000j3YAA","INVALID_OR_NULL_FOR_RESTRICTED_PICKLIST:Status: bad value for restricted picklist field: Cancelled:Status --","1pgVY00000000j3YAA","Cancelled"
"1pgVY00000000j4YAA","INVALID_OR_NULL_FOR_RESTRICTED_PICKLIST:Status: bad value for restricted picklist field: Cancelled:Status --","1pgVY00000000j4YAA","Cancelled"
"1pgVY00000000j5YAA","INVALID_OR_NULL_FOR_RESTRICTED_PICKLIST:Status: bad value for restricted picklist field: Cancelled:Status --","1pgVY00000000j5YAA","Cancelled"
"1pgVY00000000j6YAA","INVALID_OR_NULL_FOR_RESTRICTED_PICKLIST:Status: bad value for restricted picklist field: Cancelled:Status --","1pgVY00000000j6YAA","Cancelled"
"1pgVY00000000j7YAA","INVALID_OR_NULL_FOR_RESTRICTED_PICKLIST:Status: bad value for restricted picklist field: Cancelled:Status --","1pgVY00000000j7YAA","Cancelled"
"1pgVY00000000j8YAA","INVALID_OR_NULL_FOR_RESTRICTED_PICKLIST:Status: bad value for restricted picklist field: Cancelled:Status --","1pgVY00000000j8YAA","Cancelled"
"1pgVY00000000mLYAQ","INVALID_OR_NULL_FOR_RESTRICTED_PICKLIST:Status: bad value for restricted picklist field: Cancelled:Status --","1pgVY00000000mLYAQ","Cancelled"
"1pgVY00000000mMYAQ","INVALID_OR_NULL_FOR_RESTRICTED_PICKLIST:Status: bad value for restricted picklist field: Cancelled:Status --","1pgVY00000000mMYAQ","Cancelled"
"1pgVY00000000mNYAQ","INVALID_OR_NULL_FOR_RESTRICTED_PICKLIST:Status: bad value for restricted picklist field: Cancelled:Status --","1pgVY00000000mNYAQ","Cancelled"
"1pgVY00000000mOYAQ","INVALID_OR_NULL_FOR_RESTRICTED_PICKLIST:Status: bad value for restricted picklist field: Cancelled:Status --","1pgVY00000000mOYAQ","Cancelled"
"1pgVY00000000mPYAQ","INVALID_OR_NULL_FOR_RESTRICTED_PICKLIST:Status: bad value for restricted picklist field: Cancelled:Status --","1pgVY00000000mPYAQ","Cancelled"
"1pgVY00000000mQYAQ","INVALID_OR_NULL_FOR_RESTRICTED_PICKLIST:Status: bad value for restricted picklist field: Cancelled:Status --","1pgVY00000000mQYAQ","Cancelled"
"1pgVY00000000mRYAQ","INVALID_OR_NULL_FOR_RESTRICTED_PICKLIST:Status: bad value for restricted picklist field: Cancelled:Status --","1pgVY00000000mRYAQ","Cancelled"
"1pgVY00000000mSYAQ","INVALID_OR_NULL_FOR_RESTRICTED_PICKLIST:Status: bad value for restricted picklist field: Cancelled:Status --","1pgVY00000000mSYAQ","Cancelled"
"1pgVY00000000mTYAQ","INVALID_OR_NULL_FOR_RESTRICTED_PICKLIST:Status: bad value for restricted picklist field: Cancelled:Status --","1pgVY00000000mTYAQ","Cancelled"
"1pgVY00000000mUYAQ","INVALID_OR_NULL_FOR_RESTRICTED_PICKLIST:Status: bad value for restricted picklist field: Cancelled:Status --","1pgVY00000000mUYAQ","Cancelled"
"1pgVY00000000mVYAQ","INVALID_OR_NULL_FOR_RESTRICTED_PICKLIST:Status: bad value for restricted picklist field: Cancelled:Status --","1pgVY00000000mVYAQ","Cancelled"
"1pgVY00000000mWYAQ","INVALID_OR_NULL_FOR_RESTRICTED_PICKLIST:Status: bad value for restricted picklist field: Cancelled:Status --","1pgVY00000000mWYAQ","Cancelled"
"1pgVY00000000mXYAQ","INVALID_OR_NULL_FOR_RESTRICTED_PICKLIST:Status: bad value for restricted picklist field: Cancelled:Status --","1pgVY00000000mXYAQ","Cancelled"
"1pgVY00000000mYYAQ","INVALID_OR_NULL_FOR_RESTRICTED_PICKLIST:Status: bad value for restricted picklist field: Cancelled:Status --","1pgVY00000000mYYAQ","Cancelled"
"1pgVY00000000mZYAQ","INVALID_OR_NULL_FOR_RESTRICTED_PICKLIST:Status: bad value for restricted picklist field: Cancelled:Status --","1pgVY00000000mZYAQ","Cancelled"
"1pgVY00000000maYAA","INVALID_OR_NULL_FOR_RESTRICTED_PICKLIST:Status: bad value for restricted picklist field: Cancelled:Status --","1pgVY00000000maYAA","Cancelled"
"1pgVY00000000mbYAA","INVALID_OR_NULL_FOR_RESTRICTED_PICKLIST:Status: bad value for restricted picklist field: Cancelled:Status --","1pgVY00000000mbYAA","Cancelled"
"1pgVY00000000mcYAA","INVALID_OR_NULL_FOR_RESTRICTED_PICKLIST:Status: bad value for restricted picklist field: Cancelled:Status --","1pgVY00000000mcYAA","Cancelled"
"1pgVY00000000mdYAA","INVALID_OR_NULL_FOR_RESTRICTED_PICKLIST:Status: bad value for restricted picklist field: Cancelled:Status --","1pgVY00000000mdYAA","Cancelled"
"1pgVY00000000meYAA","INVALID_OR_NULL_FOR_RESTRICTED_PICKLIST:Status: bad value for restricted picklist field: Cancelled:Status --","1pgVY00000000meYAA","Cancelled"
"1pgVY00000000mfYAA","INVALID_OR_NULL_FOR_RESTRICTED_PICKLIST:Status: bad value for restricted picklist field: Cancelled:Status --","1pgVY00000000mfYAA","Cancelled"
"1pgVY00000000mgYAA","INVALID_OR_NULL_FOR_RESTRICTED_PICKLIST:Status: bad value for restricted picklist field: Cancelled:Status --","1pgVY00000000mgYAA","Cancelled"
"1pgVY00000000mhYAA","INVALID_OR_NULL_FOR_RESTRICTED_PICKLIST:Status: bad value for restricted picklist field: Cancelled:Status --","1pgVY00000000mhYAA","Cancelled"
"1pgVY00000000miYAA","INVALID_OR_NULL_FOR_RESTRICTED_PICKLIST:Status: bad value for restricted picklist field: Cancelled:Status --","1pgVY00000000miYAA","Cancelled"
"1pgVY00000000mjYAA","INVALID_OR_NULL_FOR_RESTRICTED_PICKLIST:Status: bad value for restricted picklist field: Cancelled:Status --","1pgVY00000000mjYAA","Cancelled"
"1pgVY00000000mkYAA","INVALID_OR_NULL_FOR_RESTRICTED_PICKLIST:Status: bad value for restricted picklist field: Cancelled:Status --","1pgVY00000000mkYAA","Cancelled"
"1pgVY00000000mlYAA","INVALID_OR_NULL_FOR_RESTRICTED_PICKLIST:Status: bad value for restricted picklist field: Cancelled:Status --","1pgVY00000000mlYAA","Cancelled"
"1pgVY00000000mmYAA","INVALID_OR_NULL_FOR_RESTRICTED_PICKLIST:Status: bad value for restricted picklist field: Cancelled:Status --","1pgVY00000000mmYAA","Cancelled"
"1pgVY00000000mnYAA","INVALID_OR_NULL_FOR_RESTRICTED_PICKLIST:Status: bad value for restricted picklist field: Cancelled:Status --","1pgVY00000000mnYAA","Cancelled"
"1pgVY00000000moYAA","INVALID_OR_NULL_FOR_RESTRICTED_PICKLIST:Status: bad value for restricted picklist field: Cancelled:Status --","1pgVY00000000moYAA","Cancelled"
"1pgVY00000000mpYAA","INVALID_OR_NULL_FOR_RESTRICTED_PICKLIST:Status: bad value for restricted picklist field: Cancelled:Status --","1pgVY00000000mpYAA","Cancelled"
"1pgVY00000000mqYAA","INVALID_OR_NULL_FOR_RESTRICTED_PICKLIST:Status: bad value for restricted picklist field: Cancelled:Status --","1pgVY00000000mqYAA","Cancelled"
"1pgVY00000000mrYAA","INVALID_OR_NULL_FOR_RESTRICTED_PICKLIST:Status: bad value for restricted picklist field: Cancelled:Status --","1pgVY00000000mrYAA","Cancelled"
"1pgVY00000000msYAA","INVALID_OR_NULL_FOR_RESTRICTED_PICKLIST:Status: bad value for restricted picklist field: Cancelled:Status --","1pgVY00000000msYAA","Cancelled"
"1pgVY00000000mtYAA","INVALID_OR_NULL_FOR_RESTRICTED_PICKLIST:Status: bad value for restricted picklist field: Cancelled:Status --","1pgVY00000000mtYAA","Cancelled"
"1pgVY00000000muYAA","INVALID_OR_NULL_FOR_RESTRICTED_PICKLIST:Status: bad value for restricted picklist field: Cancelled:Status --","1pgVY00000000muYAA","Cancelled"
"1pgVY00000000mvYAA","INVALID_OR_NULL_FOR_RESTRICTED_PICKLIST:Status: bad value for restricted picklist field: Cancelled:Status --","1pgVY00000000mvYAA","Cancelled"
"1pgVY00000000mwYAA","INVALID_OR_NULL_FOR_RESTRICTED_PICKLIST:Status: bad value for restricted picklist field: Cancelled:Status --","1pgVY00000000mwYAA","Cancelled"
"1pgVY00000000mxYAA","INVALID_OR_NULL_FOR_RESTRICTED_PICKLIST:Status: bad value for restricted picklist field: Cancelled:Status --","1pgVY00000000mxYAA","Cancelled"
"1pgVY00000000myYAA","INVALID_OR_NULL_FOR_RESTRICTED_PICKLIST:Status: bad value for restricted picklist field: Cancelled:Status --","1pgVY00000000myYAA","Cancelled"
"1pgVY00000000mzYAA","INVALID_OR_NULL_FOR_RESTRICTED_PICKLIST:Status: bad value for restricted picklist field: Cancelled:Status --","1pgVY00000000mzYAA","Cancelled"
"1pgVY00000000n0YAA","INVALID_OR_NULL_FOR_RESTRICTED_PICKLIST:Status: bad value for restricted picklist field: Cancelled:Status --","1pgVY00000000n0YAA","Cancelled"
"1pgVY00000000n1YAA","INVALID_OR_NULL_FOR_RESTRICTED_PICKLIST:Status: bad value for restricted picklist field: Cancelled:Status --","1pgVY00000000n1YAA","Cancelled"
"1pgVY00000000n2YAA","INVALID_OR_NULL_FOR_RESTRICTED_PICKLIST:Status: bad value for restricted picklist field: Cancelled:Status --","1pgVY00000000n2YAA","Cancelled"
"1pgVY00000000n3YAA","INVALID_OR_NULL_FOR_RESTRICTED_PICKLIST:Status: bad value for restricted picklist field: Cancelled:Status --","1pgVY00000000n3YAA","Cancelled"
"1pgVY00000000n4YAA","INVALID_OR_NULL_FOR_RESTRICTED_PICKLIST:Status: bad value for restricted picklist field: Cancelled:Status --","1pgVY00000000n4YAA","Cancelled"
"1pgVY00000000n5YAA","INVALID_OR_NULL_FOR_RESTRICTED_PICKLIST:Status: bad value for restricted picklist field: Cancelled:Status --","1pgVY00000000n5YAA","Cancelled"
"1pgVY00000000n6YAA","INVALID_OR_NULL_FOR_RESTRICTED_PICKLIST:Status: bad value for restricted picklist field: Cancelled:Status --","1pgVY00000000n6YAA","Cancelled"
"1pgVY00000000n7YAA","INVALID_OR_NULL_FOR_RESTRICTED_PICKLIST:Status: bad value for restricted picklist field: Cancelled:Status --","1pgVY00000000n7YAA","Cancelled"
"1pgVY00000000n8YAA","INVALID_OR_NULL_FOR_RESTRICTED_PICKLIST:Status: bad value for restricted picklist field: Cancelled:Status --","1pgVY00000000n8YAA","Cancelled"
"1pgVY00000000n9YAA","INVALID_OR_NULL_FOR_RESTRICTED_PICKLIST:Status: bad value for restricted picklist field: Cancelled:Status --","1pgVY00000000n9YAA","Cancelled"
"1pgVY00000000nAYAQ","INVALID_OR_NULL_FOR_RESTRICTED_PICKLIST:Status: bad value for restricted picklist field: Cancelled:Status --","1pgVY00000000nAYAQ","Cancelled"
"1pgVY00000000nBYAQ","INVALID_OR_NULL_FOR_RESTRICTED_PICKLIST:Status: bad value for restricted picklist field: Cancelled:Status --","1pgVY00000000nBYAQ","Cancelled"
"1pgVY00000000nCYAQ","INVALID_OR_NULL_FOR_RESTRICTED_PICKLIST:Status: bad value for restricted picklist field: Cancelled:Status --","1pgVY00000000nCYAQ","Cancelled"
"1pgVY00000000nDYAQ","INVALID_OR_NULL_FOR_RESTRICTED_PICKLIST:Status: bad value for restricted picklist field: Cancelled:Status --","1pgVY00000000nDYAQ","Cancelled"
"1pgVY00000000nEYAQ","INVALID_OR_NULL_FOR_RESTRICTED_PICKLIST:Status: bad value for restricted picklist field: Cancelled:Status --","1pgVY00000000nEYAQ","Cancelled"
"1pgVY00000000nFYAQ","INVALID_OR_NULL_FOR_RESTRICTED_PICKLIST:Status: bad value for restricted picklist field: Cancelled:Status --","1pgVY00000000nFYAQ","Cancelled"
"1pgVY00000000nGYAQ","INVALID_OR_NULL_FOR_RESTRICTED_PICKLIST:Status: bad value for restricted picklist field: Cancelled:Status --","1pgVY00000000nGYAQ","Cancelled"
"1pgVY00000000nHYAQ","INVALID_OR_NULL_FOR_RESTRICTED_PICKLIST:Status: bad value for restricted picklist field: Cancelled:Status --","1pgVY00000000nHYAQ","Cancelled"
"1pgVY00000000nIYAQ","INVALID_OR_NULL_FOR_RESTRICTED_PICKLIST:Status: bad value for restricted picklist field: Cancelled:Status --","1pgVY00000000nIYAQ","Cancelled"
"1pgVY00000000nJYAQ","INVALID_OR_NULL_FOR_RESTRICTED_PICKLIST:Status: bad value for restricted picklist field: Cancelled:Status --","1pgVY00000000nJYAQ","Cancelled"
"1pgVY00000000nKYAQ","INVALID_OR_NULL_FOR_RESTRICTED_PICKLIST:Status: bad value for restricted picklist field: Cancelled:Status --","1pgVY00000000nKYAQ","Cancelled"
"1pgVY00000000nLYAQ","INVALID_OR_NULL_FOR_RESTRICTED_PICKLIST:Status: bad value for restricted picklist field: Cancelled:Status --","1pgVY00000000nLYAQ","Cancelled"
"1pgVY00000000nMYAQ","INVALID_OR_NULL_FOR_RESTRICTED_PICKLIST:Status: bad value for restricted picklist field: Cancelled:Status --","1pgVY00000000nMYAQ","Cancelled"
"1pgVY00000000nNYAQ","INVALID_OR_NULL_FOR_RESTRICTED_PICKLIST:Status: bad value for restricted picklist field: Cancelled:Status --","1pgVY00000000nNYAQ","Cancelled"
"1pgVY00000000nOYAQ","INVALID_OR_NULL_FOR_RESTRICTED_PICKLIST:Status: bad value for restricted picklist field: Cancelled:Status --","1pgVY00000000nOYAQ","Cancelled"
"1pgVY00000000nPYAQ","INVALID_OR_NULL_FOR_RESTRICTED_PICKLIST:Status: bad value for restricted picklist field: Cancelled:Status --","1pgVY00000000nPYAQ","Cancelled"
"1pgVY00000000nQYAQ","INVALID_OR_NULL_FOR_RESTRICTED_PICKLIST:Status: bad value for restricted picklist field: Cancelled:Status --","1pgVY00000000nQYAQ","Cancelled"
"1pgVY00000000nRYAQ","INVALID_OR_NULL_FOR_RESTRICTED_PICKLIST:Status: bad value for restricted picklist field: Cancelled:Status --","1pgVY00000000nRYAQ","Cancelled"
"1pgVY00000000nSYAQ","INVALID_OR_NULL_FOR_RESTRICTED_PICKLIST:Status: bad value for restricted picklist field: Cancelled:Status --","1pgVY00000000nSYAQ","Cancelled"
"1pgVY00000000nTYAQ","INVALID_OR_NULL_FOR_RESTRICTED_PICKLIST:Status: bad value for restricted picklist field: Cancelled:Status --","1pgVY00000000nTYAQ","Cancelled"
"1pgVY00000000nUYAQ","INVALID_OR_NULL_FOR_RESTRICTED_PICKLIST:Status: bad value for restricted picklist field: Cancelled:Status --","1pgVY00000000nUYAQ","Cancelled"
"1pgVY00000000nVYAQ","INVALID_OR_NULL_FOR_RESTRICTED_PICKLIST:Status: bad value for restricted picklist field: Cancelled:Status --","1pgVY00000000nVYAQ","Cancelled"
"1pgVY00000000nWYAQ","INVALID_OR_NULL_FOR_RESTRICTED_PICKLIST:Status: bad value for restricted picklist field: Cancelled:Status --","1pgVY00000000nWYAQ","Cancelled"
"1pgVY00000000nXYAQ","INVALID_OR_NULL_FOR_RESTRICTED_PICKLIST:Status: bad value for restricted picklist field: Cancelled:Status --","1pgVY00000000nXYAQ","Cancelled"
"1pgVY00000000nYYAQ","INVALID_OR_NULL_FOR_RESTRICTED_PICKLIST:Status: bad value for restricted picklist field: Cancelled:Status --","1pgVY00000000nYYAQ","Cancelled"
"1pgVY00000000nZYAQ","INVALID_OR_NULL_FOR_RESTRICTED_PICKLIST:Status: bad value for restricted picklist field: Cancelled:Status --","1pgVY00000000nZYAQ","Cancelled"
"1pgVY00000000naYAA","INVALID_OR_NULL_FOR_RESTRICTED_PICKLIST:Status: bad value for restricted picklist field: Cancelled:Status --","1pgVY00000000naYAA","Cancelled"
"1pgVY00000000nbYAA","INVALID_OR_NULL_FOR_RESTRICTED_PICKLIST:Status: bad value for restricted picklist field: Cancelled:Status --","1pgVY00000000nbYAA","Cancelled"
"1pgVY00000000ncYAA","INVALID_OR_NULL_FOR_RESTRICTED_PICKLIST:Status: bad value for restricted picklist field: Cancelled:Status --","1pgVY00000000ncYAA","Cancelled"
"1pgVY00000000ndYAA","INVALID_OR_NULL_FOR_RESTRICTED_PICKLIST:Status: bad value for restricted picklist field: Cancelled:Status --","1pgVY00000000ndYAA","Cancelled"
"1pgVY00000000neYAA","INVALID_OR_NULL_FOR_RESTRICTED_PICKLIST:Status: bad value for restricted picklist field: Cancelled:Status --","1pgVY00000000neYAA","Cancelled"
"1pgVY00000000nfYAA","INVALID_OR_NULL_FOR_RESTRICTED_PICKLIST:Status: bad value for restricted picklist field: Cancelled:Status --","1pgVY00000000nfYAA","Cancelled"
"1pgVY00000000ngYAA","INVALID_OR_NULL_FOR_RESTRICTED_PICKLIST:Status: bad value for restricted picklist field: Cancelled:Status --","1pgVY00000000ngYAA","Cancelled"
"1pgVY00000000nhYAA","INVALID_OR_NULL_FOR_RESTRICTED_PICKLIST:Status: bad value for restricted picklist field: Cancelled:Status --","1pgVY00000000nhYAA","Cancelled"
"1pgVY00000000niYAA","INVALID_OR_NULL_FOR_RESTRICTED_PICKLIST:Status: bad value for restricted picklist field: Cancelled:Status --","1pgVY00000000niYAA","Cancelled"
"1pgVY00000000njYAA","INVALID_OR_NULL_FOR_RESTRICTED_PICKLIST:Status: bad value for restricted picklist field: Cancelled:Status --","1pgVY00000000njYAA","Cancelled"
"1pgVY00000000nkYAA","INVALID_OR_NULL_FOR_RESTRICTED_PICKLIST:Status: bad value for restricted picklist field: Cancelled:Status --","1pgVY00000000nkYAA","Cancelled"
"1pgVY00000000nlYAA","INVALID_OR_NULL_FOR_RESTRICTED_PICKLIST:Status: bad value for restricted picklist field: Cancelled:Status --","1pgVY00000000nlYAA","Cancelled"
"1pgVY00000000nmYAA","INVALID_OR_NULL_FOR_RESTRICTED_PICKLIST:Status: bad value for restricted picklist field: Cancelled:Status --","1pgVY00000000nmYAA","Cancelled"
"1pgVY00000000nnYAA","INVALID_OR_NULL_FOR_RESTRICTED_PICKLIST:Status: bad value for restricted picklist field: Cancelled:Status --","1pgVY00000000nnYAA","Cancelled"
"1pgVY00000000noYAA","INVALID_OR_NULL_FOR_RESTRICTED_PICKLIST:Status: bad value for restricted picklist field: Cancelled:Status --","1pgVY00000000noYAA","Cancelled"
"1pgVY00000000npYAA","INVALID_OR_NULL_FOR_RESTRICTED_PICKLIST:Status: bad value for restricted picklist field: Cancelled:Status --","1pgVY00000000npYAA","Cancelled"
"1pgVY00000000nqYAA","INVALID_OR_NULL_FOR_RESTRICTED_PICKLIST:Status: bad value for restricted picklist field: Cancelled:Status --","1pgVY00000000nqYAA","Cancelled"
"1pgVY00000000nrYAA","INVALID_OR_NULL_FOR_RESTRICTED_PICKLIST:Status: bad value for restricted picklist field: Cancelled:Status --","1pgVY00000000nrYAA","Cancelled"
"1pgVY00000000nsYAA","INVALID_OR_NULL_FOR_RESTRICTED_PICKLIST:Status: bad value for restricted picklist field: Cancelled:Status --","1pgVY00000000nsYAA","Cancelled"
"1pgVY00000000ntYAA","INVALID_OR_NULL_FOR_RESTRICTED_PICKLIST:Status: bad value for restricted picklist field: Cancelled:Status --","1pgVY00000000ntYAA","Cancelled"
"1pgVY00000000nuYAA","INVALID_OR_NULL_FOR_RESTRICTED_PICKLIST:Status: bad value for restricted picklist field: Cancelled:Status --","1pgVY00000000nuYAA","Cancelled"
"1pgVY00000000nvYAA","INVALID_OR_NULL_FOR_RESTRICTED_PICKLIST:Status: bad value for restricted picklist field: Cancelled:Status --","1pgVY00000000nvYAA","Cancelled"
"1pgVY00000000nwYAA","INVALID_OR_NULL_FOR_RESTRICTED_PICKLIST:Status: bad value for restricted picklist field: Cancelled:Status --","1pgVY00000000nwYAA","Cancelled"
"1pgVY00000000nxYAA","INVALID_OR_NULL_FOR_RESTRICTED_PICKLIST:Status: bad value for restricted picklist field: Cancelled:Status --","1pgVY00000000nxYAA","Cancelled"
"1pgVY00000000nyYAA","INVALID_OR_NULL_FOR_RESTRICTED_PICKLIST:Status: bad value for restricted picklist field: Cancelled:Status --","1pgVY00000000nyYAA","Cancelled"
"1pgVY00000000nzYAA","INVALID_OR_NULL_FOR_RESTRICTED_PICKLIST:Status: bad value for restricted picklist field: Cancelled:Status --","1pgVY00000000nzYAA","Cancelled"
"1pgVY00000000o0YAA","INVALID_OR_NULL_FOR_RESTRICTED_PICKLIST:Status: bad value for restricted picklist field: Cancelled:Status --","1pgVY00000000o0YAA","Cancelled"
"1pgVY00000000o1YAA","INVALID_OR_NULL_FOR_RESTRICTED_PICKLIST:Status: bad value for restricted picklist field: Cancelled:Status --","1pgVY00000000o1YAA","Cancelled"
"1pgVY00000000o2YAA","INVALID_OR_NULL_FOR_RESTRICTED_PICKLIST:Status: bad value for restricted picklist field: Cancelled:Status --","1pgVY00000000o2YAA","Cancelled"
"1pgVY00000000o3YAA","INVALID_OR_NULL_FOR_RESTRICTED_PICKLIST:Status: bad value for restricted picklist field: Cancelled:Status --","1pgVY00000000o3YAA","Cancelled"
"1pgVY00000000o4YAA","INVALID_OR_NULL_FOR_RESTRICTED_PICKLIST:Status: bad value for restricted picklist field: Cancelled:Status --","1pgVY00000000o4YAA","Cancelled"
"1pgVY00000000o5YAA","INVALID_OR_NULL_FOR_RESTRICTED_PICKLIST:Status: bad value for restricted picklist field: Cancelled:Status --","1pgVY00000000o5YAA","Cancelled"
"1pgVY00000000o6YAA","INVALID_OR_NULL_FOR_RESTRICTED_PICKLIST:Status: bad value for restricted picklist field: Cancelled:Status --","1pgVY00000000o6YAA","Cancelled"
"1pgVY00000000o7YAA","INVALID_OR_NULL_FOR_RESTRICTED_PICKLIST:Status: bad value for restricted picklist field: Cancelled:Status --","1pgVY00000000o7YAA","Cancelled"
"1pgVY00000000o8YAA","INVALID_OR_NULL_FOR_RESTRICTED_PICKLIST:Status: bad value for restricted picklist field: Cancelled:Status --","1pgVY00000000o8YAA","Cancelled"
"1pgVY00000000o9YAA","INVALID_OR_NULL_FOR_RESTRICTED_PICKLIST:Status: bad value for restricted picklist field: Cancelled:Status --","1pgVY00000000o9YAA","Cancelled"
"1pgVY00000000oAYAQ","INVALID_OR_NULL_FOR_RESTRICTED_PICKLIST:Status: bad value for restricted picklist field: Cancelled:Status --","1pgVY00000000oAYAQ","Cancelled"
"1pgVY00000000oBYAQ","INVALID_OR_NULL_FOR_RESTRICTED_PICKLIST:Status: bad value for restricted picklist field: Cancelled:Status --","1pgVY00000000oBYAQ","Cancelled"
"1pgVY00000000oCYAQ","INVALID_OR_NULL_FOR_RESTRICTED_PICKLIST:Status: bad value for restricted picklist field: Cancelled:Status --","1pgVY00000000oCYAQ","Cancelled"
"1pgVY00000000oDYAQ","INVALID_OR_NULL_FOR_RESTRICTED_PICKLIST:Status: bad value for restricted picklist field: Cancelled:Status --","1pgVY00000000oDYAQ","Cancelled"
"1pgVY00000000oEYAQ","INVALID_OR_NULL_FOR_RESTRICTED_PICKLIST:Status: bad value for restricted picklist field: Cancelled:Status --","1pgVY00000000oEYAQ","Cancelled"
"1pgVY00000000oFYAQ","INVALID_OR_NULL_FOR_RESTRICTED_PICKLIST:Status: bad value for restricted picklist field: Cancelled:Status --","1pgVY00000000oFYAQ","Cancelled"
"1pgVY00000000oGYAQ","INVALID_OR_NULL_FOR_RESTRICTED_PICKLIST:Status: bad value for restricted picklist field: Cancelled:Status --","1pgVY00000000oGYAQ","Cancelled"
"1pgVY00000000oHYAQ","INVALID_OR_NULL_FOR_RESTRICTED_PICKLIST:Status: bad value for restricted picklist field: Cancelled:Status --","1pgVY00000000oHYAQ","Cancelled"
"1pgVY00000000oIYAQ","INVALID_OR_NULL_FOR_RESTRICTED_PICKLIST:Status: bad value for restricted picklist field: Cancelled:Status --","1pgVY00000000oIYAQ","Cancelled"
"1pgVY00000000oJYAQ","INVALID_OR_NULL_FOR_RESTRICTED_PICKLIST:Status: bad value for restricted picklist field: Cancelled:Status --","1pgVY00000000oJYAQ","Cancelled"
"1pgVY00000000oKYAQ","INVALID_OR_NULL_FOR_RESTRICTED_PICKLIST:Status: bad value for restricted picklist field: Cancelled:Status --","1pgVY00000000oKYAQ","Cancelled"
"1pgVY00000000oLYAQ","INVALID_OR_NULL_FOR_RESTRICTED_PICKLIST:Status: bad value for restricted picklist field: Cancelled:Status --","1pgVY00000000oLYAQ","Cancelled"
"1pgVY00000000oMYAQ","INVALID_OR_NULL_FOR_RESTRICTED_PICKLIST:Status: bad value for restricted picklist field: Cancelled:Status --","1pgVY00000000oMYAQ","Cancelled"
"1pgVY00000000oNYAQ","INVALID_OR_NULL_FOR_RESTRICTED_PICKLIST:Status: bad value for restricted picklist field: Cancelled:Status --","1pgVY00000000oNYAQ","Cancelled"
"1pgVY00000000oOYAQ","INVALID_OR_NULL_FOR_RESTRICTED_PICKLIST:Status: bad value for restricted picklist field: Cancelled:Status --","1pgVY00000000oOYAQ","Cancelled"
"1pgVY00000000oPYAQ","INVALID_OR_NULL_FOR_RESTRICTED_PICKLIST:Status: bad value for restricted picklist field: Cancelled:Status --","1pgVY00000000oPYAQ","Cancelled"
"1pgVY00000000oQYAQ","INVALID_OR_NULL_FOR_RESTRICTED_PICKLIST:Status: bad value for restricted picklist field: Cancelled:Status --","1pgVY00000000oQYAQ","Cancelled"
"1pgVY00000000oRYAQ","INVALID_OR_NULL_FOR_RESTRICTED_PICKLIST:Status: bad value for restricted picklist field: Cancelled:Status --","1pgVY00000000oRYAQ","Cancelled"
"1pgVY00000000oSYAQ","INVALID_OR_NULL_FOR_RESTRICTED_PICKLIST:Status: bad value for restricted picklist field: Cancelled:Status --","1pgVY00000000oSYAQ","Cancelled"
"1pgVY00000000oTYAQ","INVALID_OR_NULL_FOR_RESTRICTED_PICKLIST:Status: bad value for restricted picklist field: Cancelled:Status --","1pgVY00000000oTYAQ","Cancelled"
"1pgVY00000000oUYAQ","INVALID_OR_NULL_FOR_RESTRICTED_PICKLIST:Status: bad value for restricted picklist field: Cancelled:Status --","1pgVY00000000oUYAQ","Cancelled"
"1pgVY00000000oVYAQ","INVALID_OR_NULL_FOR_RESTRICTED_PICKLIST:Status: bad value for restricted picklist field: Cancelled:Status --","1pgVY00000000oVYAQ","Cancelled"
"1pgVY00000000oWYAQ","INVALID_OR_NULL_FOR_RESTRICTED_PICKLIST:Status: bad value for restricted picklist field: Cancelled:Status --","1pgVY00000000oWYAQ","Cancelled"
"1pgVY00000000oXYAQ","INVALID_OR_NULL_FOR_RESTRICTED_PICKLIST:Status: bad value for restricted picklist field: Cancelled:Status --","1pgVY00000000oXYAQ","Cancelled"
"1pgVY00000000oYYAQ","INVALID_OR_NULL_FOR_RESTRICTED_PICKLIST:Status: bad value for restricted picklist field: Cancelled:Status --","1pgVY00000000oYYAQ","Cancelled"
"1pgVY00000000oZYAQ","INVALID_OR_NULL_FOR_RESTRICTED_PICKLIST:Status: bad value for restricted picklist field: Cancelled:Status --","1pgVY00000000oZYAQ","Cancelled"
"1pgVY00000000oaYAA","INVALID_OR_NULL_FOR_RESTRICTED_PICKLIST:Status: bad value for restricted picklist field: Cancelled:Status --","1pgVY00000000oaYAA","Cancelled"
"1pgVY00000000obYAA","INVALID_OR_NULL_FOR_RESTRICTED_PICKLIST:Status: bad value for restricted picklist field: Cancelled:Status --","1pgVY00000000obYAA","Cancelled"
"1pgVY00000000ocYAA","INVALID_OR_NULL_FOR_RESTRICTED_PICKLIST:Status: bad value for restricted picklist field: Cancelled:Status --","1pgVY00000000ocYAA","Cancelled"
"1pgVY00000000odYAA","INVALID_OR_NULL_FOR_RESTRICTED_PICKLIST:Status: bad value for restricted picklist field: Cancelled:Status --","1pgVY00000000odYAA","Cancelled"
"1pgVY00000000oeYAA","INVALID_OR_NULL_FOR_RESTRICTED_PICKLIST:Status: bad value for restricted picklist field: Cancelled:Status --","1pgVY00000000oeYAA","Cancelled"
"1pgVY00000000ofYAA","INVALID_OR_NULL_FOR_RESTRICTED_PICKLIST:Status: bad value for restricted picklist field: Cancelled:Status --","1pgVY00000000ofYAA","Cancelled"
"1pgVY00000000ogYAA","INVALID_OR_NULL_FOR_RESTRICTED_PICKLIST:Status: bad value for restricted picklist field: Cancelled:Status --","1pgVY00000000ogYAA","Cancelled"
"1pgVY00000000ohYAA","INVALID_OR_NULL_FOR_RESTRICTED_PICKLIST:Status: bad value for restricted picklist field: Cancelled:Status --","1pgVY00000000ohYAA","Cancelled"
"1pgVY00000000oiYAA","INVALID_OR_NULL_FOR_RESTRICTED_PICKLIST:Status: bad value for restricted picklist field: Cancelled:Status --","1pgVY00000000oiYAA","Cancelled"
"1pgVY00000000ojYAA","INVALID_OR_NULL_FOR_RESTRICTED_PICKLIST:Status: bad value for restricted picklist field: Cancelled:Status --","1pgVY00000000ojYAA","Cancelled"
"1pgVY00000000okYAA","INVALID_OR_NULL_FOR_RESTRICTED_PICKLIST:Status: bad value for restricted picklist field: Cancelled:Status --","1pgVY00000000okYAA","Cancelled"
"1pgVY00000000olYAA","INVALID_OR_NULL_FOR_RESTRICTED_PICKLIST:Status: bad value for restricted picklist field: Cancelled:Status --","1pgVY00000000olYAA","Cancelled"
"1pgVY00000000omYAA","INVALID_OR_NULL_FOR_RESTRICTED_PICKLIST:Status: bad value for restricted picklist field: Cancelled:Status --","1pgVY00000000omYAA","Cancelled"
"1pgVY00000000onYAA","INVALID_OR_NULL_FOR_RESTRICTED_PICKLIST:Status: bad value for restricted picklist field: Cancelled:Status --","1pgVY00000000onYAA","Cancelled"
"1pgVY00000000ooYAA","INVALID_OR_NULL_FOR_RESTRICTED_PICKLIST:Status: bad value for restricted picklist field: Cancelled:Status --","1pgVY00000000ooYAA","Cancelled"
"1pgVY00000000opYAA","INVALID_OR_NULL_FOR_RESTRICTED_PICKLIST:Status: bad value for restricted picklist field: Cancelled:Status --","1pgVY00000000opYAA","Cancelled"
"1pgVY00000000oqYAA","INVALID_OR_NULL_FOR_RESTRICTED_PICKLIST:Status: bad value for restricted picklist field: Cancelled:Status --","1pgVY00000000oqYAA","Cancelled"
"1pgVY00000000orYAA","INVALID_OR_NULL_FOR_RESTRICTED_PICKLIST:Status: bad value for restricted picklist field: Cancelled:Status --","1pgVY00000000orYAA","Cancelled"
"1pgVY00000000osYAA","INVALID_OR_NULL_FOR_RESTRICTED_PICKLIST:Status: bad value for restricted picklist field: Cancelled:Status --","1pgVY00000000osYAA","Cancelled"
"1pgVY00000000otYAA","INVALID_OR_NULL_FOR_RESTRICTED_PICKLIST:Status: bad value for restricted picklist field: Cancelled:Status --","1pgVY00000000otYAA","Cancelled"
"1pgVY00000000ouYAA","INVALID_OR_NULL_FOR_RESTRICTED_PICKLIST:Status: bad value for restricted picklist field: Cancelled:Status --","1pgVY00000000ouYAA","Cancelled"
"1pgVY00000000ovYAA","INVALID_OR_NULL_FOR_RESTRICTED_PICKLIST:Status: bad value for restricted picklist field: Cancelled:Status --","1pgVY00000000ovYAA","Cancelled"
"1pgVY00000000owYAA","INVALID_OR_NULL_FOR_RESTRICTED_PICKLIST:Status: bad value for restricted picklist field: Cancelled:Status --","1pgVY00000000owYAA","Cancelled"
"1pgVY00000000oxYAA","INVALID_OR_NULL_FOR_RESTRICTED_PICKLIST:Status: bad value for restricted picklist field: Cancelled:Status --","1pgVY00000000oxYAA","Cancelled"
"1pgVY00000000oyYAA","INVALID_OR_NULL_FOR_RESTRICTED_PICKLIST:Status: bad value for restricted picklist field: Cancelled:Status --","1pgVY00000000oyYAA","Cancelled"
"1pgVY00000000ozYAA","INVALID_OR_NULL_FOR_RESTRICTED_PICKLIST:Status: bad value for restricted picklist field: Cancelled:Status --","1pgVY00000000ozYAA","Cancelled"
"1pgVY00000000p0YAA","INVALID_OR_NULL_FOR_RESTRICTED_PICKLIST:Status: bad value for restricted picklist field: Cancelled:Status --","1pgVY00000000p0YAA","Cancelled"
"1pgVY00000000p1YAA","INVALID_OR_NULL_FOR_RESTRICTED_PICKLIST:Status: bad value for restricted picklist field: Cancelled:Status --","1pgVY00000000p1YAA","Cancelled"
"1pgVY00000000p2YAA","INVALID_OR_NULL_FOR_RESTRICTED_PICKLIST:Status: bad value for restricted picklist field: Cancelled:Status --","1pgVY00000000p2YAA","Cancelled"
"1pgVY00000000p3YAA","INVALID_OR_NULL_FOR_RESTRICTED_PICKLIST:Status: bad value for restricted picklist field: Cancelled:Status --","1pgVY00000000p3YAA","Cancelled"
"1pgVY00000000p4YAA","INVALID_OR_NULL_FOR_RESTRICTED_PICKLIST:Status: bad value for restricted picklist field: Cancelled:Status --","1pgVY00000000p4YAA","Cancelled"
"1pgVY00000000p5YAA","INVALID_OR_NULL_FOR_RESTRICTED_PICKLIST:Status: bad value for restricted picklist field: Cancelled:Status --","1pgVY00000000p5YAA","Cancelled"
"1pgVY00000000p6YAA","INVALID_OR_NULL_FOR_RESTRICTED_PICKLIST:Status: bad value for restricted picklist field: Cancelled:Status --","1pgVY00000000p6YAA","Cancelled"
"1pgVY00000000p7YAA","INVALID_OR_NULL_FOR_RESTRICTED_PICKLIST:Status: bad value for restricted picklist field: Cancelled:Status --","1pgVY00000000p7YAA","Cancelled"
"1pgVY00000000p8YAA","INVALID_OR_NULL_FOR_RESTRICTED_PICKLIST:Status: bad value for restricted picklist field: Cancelled:Status --","1pgVY00000000p8YAA","Cancelled"
"1pgVY00000000p9YAA","INVALID_OR_NULL_FOR_RESTRICTED_PICKLIST:Status: bad value for restricted picklist field: Cancelled:Status --","1pgVY00000000p9YAA","Cancelled"
"1pgVY00000000pAYAQ","INVALID_OR_NULL_FOR_RESTRICTED_PICKLIST:Status: bad value for restricted picklist field: Cancelled:Status --","1pgVY00000000pAYAQ","Cancelled"
"1pgVY00000000pBYAQ","INVALID_OR_NULL_FOR_RESTRICTED_PICKLIST:Status: bad value for restricted picklist field: Cancelled:Status --","1pgVY00000000pBYAQ","Cancelled"
"1pgVY00000000pCYAQ","INVALID_OR_NULL_FOR_RESTRICTED_PICKLIST:Status: bad value for restricted picklist field: Cancelled:Status --","1pgVY00000000pCYAQ","Cancelled"
"1pgVY00000000pDYAQ","INVALID_OR_NULL_FOR_RESTRICTED_PICKLIST:Status: bad value for restricted picklist field: Cancelled:Status --","1pgVY00000000pDYAQ","Cancelled"
"1pgVY00000000pEYAQ","INVALID_OR_NULL_FOR_RESTRICTED_PICKLIST:Status: bad value for restricted picklist field: Cancelled:Status --","1pgVY00000000pEYAQ","Cancelled"
"1pgVY00000000pFYAQ","INVALID_OR_NULL_FOR_RESTRICTED_PICKLIST:Status: bad value for restricted picklist field: Cancelled:Status --","1pgVY00000000pFYAQ","Cancelled"
"1pgVY00000000pGYAQ","INVALID_OR_NULL_FOR_RESTRICTED_PICKLIST:Status: bad value for restricted picklist field: Cancelled:Status --","1pgVY00000000pGYAQ","Cancelled"
"1pgVY00000000pHYAQ","INVALID_OR_NULL_FOR_RESTRICTED_PICKLIST:Status: bad value for restricted picklist field: Cancelled:Status --","1pgVY00000000pHYAQ","Cancelled"
"1pgVY00000000pIYAQ","INVALID_OR_NULL_FOR_RESTRICTED_PICKLIST:Status: bad value for restricted picklist field: Cancelled:Status --","1pgVY00000000pIYAQ","Cancelled"
"1pgVY00000000pJYAQ","INVALID_OR_NULL_FOR_RESTRICTED_PICKLIST:Status: bad value for restricted picklist field: Cancelled:Status --","1pgVY00000000pJYAQ","Cancelled"
"1pgVY00000000pKYAQ","INVALID_OR_NULL_FOR_RESTRICTED_PICKLIST:Status: bad value for restricted picklist field: Cancelled:Status --","1pgVY00000000pKYAQ","Cancelled"
"1pgVY00000000pLYAQ","INVALID_OR_NULL_FOR_RESTRICTED_PICKLIST:Status: bad value for restricted picklist field: Cancelled:Status --","1pgVY00000000pLYAQ","Cancelled"
"1pgVY00000000pMYAQ","INVALID_OR_NULL_FOR_RESTRICTED_PICKLIST:Status: bad value for restricted picklist field: Cancelled:Status --","1pgVY00000000pMYAQ","Cancelled"
"1pgVY00000000pNYAQ","INVALID_OR_NULL_FOR_RESTRICTED_PICKLIST:Status: bad value for restricted picklist field: Cancelled:Status --","1pgVY00000000pNYAQ","Cancelled"
"1pgVY00000000pOYAQ","INVALID_OR_NULL_FOR_RESTRICTED_PICKLIST:Status: bad value for restricted picklist field: Cancelled:Status --","1pgVY00000000pOYAQ","Cancelled"
"1pgVY00000000pPYAQ","INVALID_OR_NULL_FOR_RESTRICTED_PICKLIST:Status: bad value for restricted picklist field: Cancelled:Status --","1pgVY00000000pPYAQ","Cancelled"
"1pgVY00000000pQYAQ","INVALID_OR_NULL_FOR_RESTRICTED_PICKLIST:Status: bad value for restricted picklist field: Cancelled:Status --","1pgVY00000000pQYAQ","Cancelled"
"1pgVY00000000pRYAQ","INVALID_OR_NULL_FOR_RESTRICTED_PICKLIST:Status: bad value for restricted picklist field: Cancelled:Status --","1pgVY00000000pRYAQ","Cancelled"
"1pgVY00000000pSYAQ","INVALID_OR_NULL_FOR_RESTRICTED_PICKLIST:Status: bad value for restricted picklist field: Cancelled:Status --","1pgVY00000000pSYAQ","Cancelled"
"1pgVY00000000pTYAQ","INVALID_OR_NULL_FOR_RESTRICTED_PICKLIST:Status: bad value for restricted picklist field: Cancelled:Status --","1pgVY00000000pTYAQ","Cancelled"
"1pgVY00000000pUYAQ","INVALID_OR_NULL_FOR_RESTRICTED_PICKLIST:Status: bad value for restricted picklist field: Cancelled:Status --","1pgVY00000000pUYAQ","Cancelled"
"1pgVY00000000spYAA","INVALID_OR_NULL_FOR_RESTRICTED_PICKLIST:Status: bad value for restricted picklist field: Cancelled:Status --","1pgVY00000000spYAA","Cancelled"
"1pgVY00000000sqYAA","INVALID_OR_NULL_FOR_RESTRICTED_PICKLIST:Status: bad value for restricted picklist field: Cancelled:Status --","1pgVY00000000sqYAA","Cancelled"
"1pgVY00000000srYAA","INVALID_OR_NULL_FOR_RESTRICTED_PICKLIST:Status: bad value for restricted picklist field: Cancelled:Status --","1pgVY00000000srYAA","Cancelled"
"1pgVY00000000ssYAA","INVALID_OR_NULL_FOR_RESTRICTED_PICKLIST:Status: bad value for restricted picklist field: Cancelled:Status --","1pgVY00000000ssYAA","Cancelled"
"1pgVY00000000stYAA","INVALID_OR_NULL_FOR_RESTRICTED_PICKLIST:Status: bad value for restricted picklist field: Cancelled:Status --","1pgVY00000000stYAA","Cancelled"
"1pgVY00000000suYAA","INVALID_OR_NULL_FOR_RESTRICTED_PICKLIST:Status: bad value for restricted picklist field: Cancelled:Status --","1pgVY00000000suYAA","Cancelled"
"1pgVY00000000svYAA","INVALID_OR_NULL_FOR_RESTRICTED_PICKLIST:Status: bad value for restricted picklist field: Cancelled:Status --","1pgVY00000000svYAA","Cancelled"
"1pgVY00000000swYAA","INVALID_OR_NULL_FOR_RESTRICTED_PICKLIST:Status: bad value for restricted picklist field: Cancelled:Status --","1pgVY00000000swYAA","Cancelled"
"1pgVY00000000sxYAA","INVALID_OR_NULL_FOR_RESTRICTED_PICKLIST:Status: bad value for restricted picklist field: Cancelled:Status --","1pgVY00000000sxYAA","Cancelled"
"1pgVY00000000syYAA","INVALID_OR_NULL_FOR_RESTRICTED_PICKLIST:Status: bad value for restricted picklist field: Cancelled:Status --","1pgVY00000000syYAA","Cancelled"
"1pgVY00000000szYAA","INVALID_OR_NULL_FOR_RESTRICTED_PICKLIST:Status: bad value for restricted picklist field: Cancelled:Status --","1pgVY00000000szYAA","Cancelled"
"1pgVY00000000t0YAA","INVALID_OR_NULL_FOR_RESTRICTED_PICKLIST:Status: bad value for restricted picklist field: Cancelled:Status --","1pgVY00000000t0YAA","Cancelled"
"1pgVY00000000t1YAA","INVALID_OR_NULL_FOR_RESTRICTED_PICKLIST:Status: bad value for restricted picklist field: Cancelled:Status --","1pgVY00000000t1YAA","Cancelled"
"1pgVY00000000t2YAA","INVALID_OR_NULL_FOR_RESTRICTED_PICKLIST:Status: bad value for restricted picklist field: Cancelled:Status --","1pgVY00000000t2YAA","Cancelled"
"1pgVY00000000t3YAA","INVALID_OR_NULL_FOR_RESTRICTED_PICKLIST:Status: bad value for restricted picklist field: Cancelled:Status --","1pgVY00000000t3YAA","Cancelled"
"1pgVY00000000t4YAA","INVALID_OR_NULL_FOR_RESTRICTED_PICKLIST:Status: bad value for restricted picklist field: Cancelled:Status --","1pgVY00000000t4YAA","Cancelled"
"1pgVY00000000t5YAA","INVALID_OR_NULL_FOR_RESTRICTED_PICKLIST:Status: bad value for restricted picklist field: Cancelled:Status --","1pgVY00000000t5YAA","Cancelled"
"1pgVY00000000t6YAA","INVALID_OR_NULL_FOR_RESTRICTED_PICKLIST:Status: bad value for restricted picklist field: Cancelled:Status --","1pgVY00000000t6YAA","Cancelled"
"1pgVY00000000t7YAA","INVALID_OR_NULL_FOR_RESTRICTED_PICKLIST:Status: bad value for restricted picklist field: Cancelled:Status --","1pgVY00000000t7YAA","Cancelled"
"1pgVY00000000t8YAA","INVALID_OR_NULL_FOR_RESTRICTED_PICKLIST:Status: bad value for restricted picklist field: Cancelled:Status --","1pgVY00000000t8YAA","Cancelled"
"1pgVY00000000t9YAA","INVALID_OR_NULL_FOR_RESTRICTED_PICKLIST:Status: bad value for restricted picklist field: Cancelled:Status --","1pgVY00000000t9YAA","Cancelled"
"1pgVY00000000tAYAQ","INVALID_OR_NULL_FOR_RESTRICTED_PICKLIST:Status: bad value for restricted picklist field: Cancelled:Status --","1pgVY00000000tAYAQ","Cancelled"
"1pgVY00000000tBYAQ","INVALID_OR_NULL_FOR_RESTRICTED_PICKLIST:Status: bad value for restricted picklist field: Cancelled:Status --","1pgVY00000000tBYAQ","Cancelled"
"1pgVY00000000tCYAQ","INVALID_OR_NULL_FOR_RESTRICTED_PICKLIST:Status: bad value for restricted picklist field: Cancelled:Status --","1pgVY00000000tCYAQ","Cancelled"
"1pgVY00000000tDYAQ","INVALID_OR_NULL_FOR_RESTRICTED_PICKLIST:Status: bad value for restricted picklist field: Cancelled:Status --","1pgVY00000000tDYAQ","Cancelled"
"1pgVY00000000tEYAQ","INVALID_OR_NULL_FOR_RESTRICTED_PICKLIST:Status: bad value for restricted picklist field: Cancelled:Status --","1pgVY00000000tEYAQ","Cancelled"
"1pgVY00000000tFYAQ","INVALID_OR_NULL_FOR_RESTRICTED_PICKLIST:Status: bad value for restricted picklist field: Cancelled:Status --","1pgVY00000000tFYAQ","Cancelled"
"1pgVY00000000tGYAQ","INVALID_OR_NULL_FOR_RESTRICTED_PICKLIST:Status: bad value for restricted picklist field: Cancelled:Status --","1pgVY00000000tGYAQ","Cancelled"
"1pgVY00000000tHYAQ","INVALID_OR_NULL_FOR_RESTRICTED_PICKLIST:Status: bad value for restricted picklist field: Cancelled:Status --","1pgVY00000000tHYAQ","Cancelled"
"1pgVY00000000tIYAQ","INVALID_OR_NULL_FOR_RESTRICTED_PICKLIST:Status: bad value for restricted picklist field: Cancelled:Status --","1pgVY00000000tIYAQ","Cancelled"
"1pgVY00000000tJYAQ","INVALID_OR_NULL_FOR_RESTRICTED_PICKLIST:Status: bad value for restricted picklist field: Cancelled:Status --","1pgVY00000000tJYAQ","Cancelled"
"1pgVY00000000tKYAQ","INVALID_OR_NULL_FOR_RESTRICTED_PICKLIST:Status: bad value for restricted picklist field: Cancelled:Status --","1pgVY00000000tKYAQ","Cancelled"
"1pgVY00000000tLYAQ","INVALID_OR_NULL_FOR_RESTRICTED_PICKLIST:Status: bad value for restricted picklist field: Cancelled:Status --","1pgVY00000000tLYAQ","Cancelled"
"1pgVY00000000tMYAQ","INVALID_OR_NULL_FOR_RESTRICTED_PICKLIST:Status: bad value for restricted picklist field: Cancelled:Status --","1pgVY00000000tMYAQ","Cancelled"
"1pgVY00000000tNYAQ","INVALID_OR_NULL_FOR_RESTRICTED_PICKLIST:Status: bad value for restricted picklist field: Cancelled:Status --","1pgVY00000000tNYAQ","Cancelled"
"1pgVY00000000tOYAQ","INVALID_OR_NULL_FOR_RESTRICTED_PICKLIST:Status: bad value for restricted picklist field: Cancelled:Status --","1pgVY00000000tOYAQ","Cancelled"
"1pgVY00000000tPYAQ","INVALID_OR_NULL_FOR_RESTRICTED_PICKLIST:Status: bad value for restricted picklist field: Cancelled:Status --","1pgVY00000000tPYAQ","Cancelled"
"1pgVY00000000tQYAQ","INVALID_OR_NULL_FOR_RESTRICTED_PICKLIST:Status: bad value for restricted picklist field: Cancelled:Status --","1pgVY00000000tQYAQ","Cancelled"
"1pgVY00000000tRYAQ","INVALID_OR_NULL_FOR_RESTRICTED_PICKLIST:Status: bad value for restricted picklist field: Cancelled:Status --","1pgVY00000000tRYAQ","Cancelled"
"1pgVY00000000tSYAQ","INVALID_OR_NULL_FOR_RESTRICTED_PICKLIST:Status: bad value for restricted picklist field: Cancelled:Status --","1pgVY00000000tSYAQ","Cancelled"
"1pgVY00000000tTYAQ","INVALID_OR_NULL_FOR_RESTRICTED_PICKLIST:Status: bad value for restricted picklist field: Cancelled:Status --","1pgVY00000000tTYAQ","Cancelled"
"1pgVY00000000tUYAQ","INVALID_OR_NULL_FOR_RESTRICTED_PICKLIST:Status: bad value for restricted picklist field: Cancelled:Status --","1pgVY00000000tUYAQ","Cancelled"
"1pgVY00000000tVYAQ","INVALID_OR_NULL_FOR_RESTRICTED_PICKLIST:Status: bad value for restricted picklist field: Cancelled:Status --","1pgVY00000000tVYAQ","Cancelled"
"1pgVY00000000tWYAQ","INVALID_OR_NULL_FOR_RESTRICTED_PICKLIST:Status: bad value for restricted picklist field: Cancelled:Status --","1pgVY00000000tWYAQ","Cancelled"
"1pgVY00000000tXYAQ","INVALID_OR_NULL_FOR_RESTRICTED_PICKLIST:Status: bad value for restricted picklist field: Cancelled:Status --","1pgVY00000000tXYAQ","Cancelled"
"1pgVY00000000tYYAQ","INVALID_OR_NULL_FOR_RESTRICTED_PICKLIST:Status: bad value for restricted picklist field: Cancelled:Status --","1pgVY00000000tYYAQ","Cancelled"
"1pgVY00000000tZYAQ","INVALID_OR_NULL_FOR_RESTRICTED_PICKLIST:Status: bad value for restricted picklist field: Cancelled:Status --","1pgVY00000000tZYAQ","Cancelled"
"1pgVY00000000taYAA","INVALID_OR_NULL_FOR_RESTRICTED_PICKLIST:Status: bad value for restricted picklist field: Cancelled:Status --","1pgVY00000000taYAA","Cancelled"
"1pgVY00000000tbYAA","INVALID_OR_NULL_FOR_RESTRICTED_PICKLIST:Status: bad value for restricted picklist field: Cancelled:Status --","1pgVY00000000tbYAA","Cancelled"
"1pgVY00000000tcYAA","INVALID_OR_NULL_FOR_RESTRICTED_PICKLIST:Status: bad value for restricted picklist field: Cancelled:Status --","1pgVY00000000tcYAA","Cancelled"
"1pgVY00000000tdYAA","INVALID_OR_NULL_FOR_RESTRICTED_PICKLIST:Status: bad value for restricted picklist field: Cancelled:Status --","1pgVY00000000tdYAA","Cancelled"
"1pgVY00000000teYAA","INVALID_OR_NULL_FOR_RESTRICTED_PICKLIST:Status: bad value for restricted picklist field: Cancelled:Status --","1pgVY00000000teYAA","Cancelled"
"1pgVY00000000tfYAA","INVALID_OR_NULL_FOR_RESTRICTED_PICKLIST:Status: bad value for restricted picklist field: Cancelled:Status --","1pgVY00000000tfYAA","Cancelled"
"1pgVY00000000tgYAA","INVALID_OR_NULL_FOR_RESTRICTED_PICKLIST:Status: bad value for restricted picklist field: Cancelled:Status --","1pgVY00000000tgYAA","Cancelled"
"1pgVY00000000thYAA","INVALID_OR_NULL_FOR_RESTRICTED_PICKLIST:Status: bad value for restricted picklist field: Cancelled:Status --","1pgVY00000000thYAA","Cancelled"
"1pgVY00000000tiYAA","INVALID_OR_NULL_FOR_RESTRICTED_PICKLIST:Status: bad value for restricted picklist field: Cancelled:Status --","1pgVY00000000tiYAA","Cancelled"
"1pgVY00000000tjYAA","INVALID_OR_NULL_FOR_RESTRICTED_PICKLIST:Status: bad value for restricted picklist field: Cancelled:Status --","1pgVY00000000tjYAA","Cancelled"
"1pgVY00000000tkYAA","INVALID_OR_NULL_FOR_RESTRICTED_PICKLIST:Status: bad value for restricted picklist field: Cancelled:Status --","1pgVY00000000tkYAA","Cancelled"
"1pgVY00000000tlYAA","INVALID_OR_NULL_FOR_RESTRICTED_PICKLIST:Status: bad value for restricted picklist field: Cancelled:Status --","1pgVY00000000tlYAA","Cancelled"
"1pgVY00000000tmYAA","INVALID_OR_NULL_FOR_RESTRICTED_PICKLIST:Status: bad value for restricted picklist field: Cancelled:Status --","1pgVY00000000tmYAA","Cancelled"
"1pgVY00000000tnYAA","INVALID_OR_NULL_FOR_RESTRICTED_PICKLIST:Status: bad value for restricted picklist field: Cancelled:Status --","1pgVY00000000tnYAA","Cancelled"
"1pgVY00000000toYAA","INVALID_OR_NULL_FOR_RESTRICTED_PICKLIST:Status: bad value for restricted picklist field: Cancelled:Status --","1pgVY00000000toYAA","Cancelled"
"1pgVY00000000tpYAA","INVALID_OR_NULL_FOR_RESTRICTED_PICKLIST:Status: bad value for restricted picklist field: Cancelled:Status --","1pgVY00000000tpYAA","Cancelled"
"1pgVY00000000tqYAA","INVALID_OR_NULL_FOR_RESTRICTED_PICKLIST:Status: bad value for restricted picklist field: Cancelled:Status --","1pgVY00000000tqYAA","Cancelled"
"1pgVY00000000trYAA","INVALID_OR_NULL_FOR_RESTRICTED_PICKLIST:Status: bad value for restricted picklist field: Cancelled:Status --","1pgVY00000000trYAA","Cancelled"
"1pgVY00000000tsYAA","INVALID_OR_NULL_FOR_RESTRICTED_PICKLIST:Status: bad value for restricted picklist field: Cancelled:Status --","1pgVY00000000tsYAA","Cancelled"
"1pgVY00000000ttYAA","INVALID_OR_NULL_FOR_RESTRICTED_PICKLIST:Status: bad value for restricted picklist field: Cancelled:Status --","1pgVY00000000ttYAA","Cancelled"
"1pgVY00000000tuYAA","INVALID_OR_NULL_FOR_RESTRICTED_PICKLIST:Status: bad value for restricted picklist field: Cancelled:Status --","1pgVY00000000tuYAA","Cancelled"
"1pgVY00000000tvYAA","INVALID_OR_NULL_FOR_RESTRICTED_PICKLIST:Status: bad value for restricted picklist field: Cancelled:Status --","1pgVY00000000tvYAA","Cancelled"
"1pgVY00000000twYAA","INVALID_OR_NULL_FOR_RESTRICTED_PICKLIST:Status: bad value for restricted picklist field: Cancelled:Status --","1pgVY00000000twYAA","Cancelled"
"1pgVY00000000txYAA","INVALID_OR_NULL_FOR_RESTRICTED_PICKLIST:Status: bad value for restricted picklist field: Cancelled:Status --","1pgVY00000000txYAA","Cancelled"
"1pgVY00000000tyYAA","INVALID_OR_NULL_FOR_RESTRICTED_PICKLIST:Status: bad value for restricted picklist field: Cancelled:Status --","1pgVY00000000tyYAA","Cancelled"
"1pgVY00000000tzYAA","INVALID_OR_NULL_FOR_RESTRICTED_PICKLIST:Status: bad value for restricted picklist field: Cancelled:Status --","1pgVY00000000tzYAA","Cancelled"
"1pgVY00000000u0YAA","INVALID_OR_NULL_FOR_RESTRICTED_PICKLIST:Status: bad value for restricted picklist field: Cancelled:Status --","1pgVY00000000u0YAA","Cancelled"
"1pgVY00000000u1YAA","INVALID_OR_NULL_FOR_RESTRICTED_PICKLIST:Status: bad value for restricted picklist field: Cancelled:Status --","1pgVY00000000u1YAA","Cancelled"
"1pgVY00000000u2YAA","INVALID_OR_NULL_FOR_RESTRICTED_PICKLIST:Status: bad value for restricted picklist field: Cancelled:Status --","1pgVY00000000u2YAA","Cancelled"
"1pgVY00000000u3YAA","INVALID_OR_NULL_FOR_RESTRICTED_PICKLIST:Status: bad value for restricted picklist field: Cancelled:Status --","1pgVY00000000u3YAA","Cancelled"
"1pgVY00000000u4YAA","INVALID_OR_NULL_FOR_RESTRICTED_PICKLIST:Status: bad value for restricted picklist field: Cancelled:Status --","1pgVY00000000u4YAA","Cancelled"
"1pgVY00000000u5YAA","INVALID_OR_NULL_FOR_RESTRICTED_PICKLIST:Status: bad value for restricted picklist field: Cancelled:Status --","1pgVY00000000u5YAA","Cancelled"
"1pgVY00000000u6YAA","INVALID_OR_NULL_FOR_RESTRICTED_PICKLIST:Status: bad value for restricted picklist field: Cancelled:Status --","1pgVY00000000u6YAA","Cancelled"
"1pgVY00000000u7YAA","INVALID_OR_NULL_FOR_RESTRICTED_PICKLIST:Status: bad value for restricted picklist field: Cancelled:Status --","1pgVY00000000u7YAA","Cancelled"
"1pgVY00000000u8YAA","INVALID_OR_NULL_FOR_RESTRICTED_PICKLIST:Status: bad value for restricted picklist field: Cancelled:Status --","1pgVY00000000u8YAA","Cancelled"
"1pgVY00000000u9YAA","INVALID_OR_NULL_FOR_RESTRICTED_PICKLIST:Status: bad value for restricted picklist field: Cancelled:Status --","1pgVY00000000u9YAA","Cancelled"
"1pgVY00000000uAYAQ","INVALID_OR_NULL_FOR_RESTRICTED_PICKLIST:Status: bad value for restricted picklist field: Cancelled:Status --","1pgVY00000000uAYAQ","Cancelled"
"1pgVY00000000uBYAQ","INVALID_OR_NULL_FOR_RESTRICTED_PICKLIST:Status: bad value for restricted picklist field: Cancelled:Status --","1pgVY00000000uBYAQ","Cancelled"
"1pgVY00000000uCYAQ","INVALID_OR_NULL_FOR_RESTRICTED_PICKLIST:Status: bad value for restricted picklist field: Cancelled:Status --","1pgVY00000000uCYAQ","Cancelled"
"1pgVY00000000uDYAQ","INVALID_OR_NULL_FOR_RESTRICTED_PICKLIST:Status: bad value for restricted picklist field: Cancelled:Status --","1pgVY00000000uDYAQ","Cancelled"
"1pgVY00000000uEYAQ","INVALID_OR_NULL_FOR_RESTRICTED_PICKLIST:Status: bad value for restricted picklist field: Cancelled:Status --","1pgVY00000000uEYAQ","Cancelled"
"1pgVY00000000uFYAQ","INVALID_OR_NULL_FOR_RESTRICTED_PICKLIST:Status: bad value for restricted picklist field: Cancelled:Status --","1pgVY00000000uFYAQ","Cancelled"
"1pgVY00000000uGYAQ","INVALID_OR_NULL_FOR_RESTRICTED_PICKLIST:Status: bad value for restricted picklist field: Cancelled:Status --","1pgVY00000000uGYAQ","Cancelled"
"1pgVY00000000uHYAQ","INVALID_OR_NULL_FOR_RESTRICTED_PICKLIST:Status: bad value for restricted picklist field: Cancelled:Status --","1pgVY00000000uHYAQ","Cancelled"
"1pgVY00000000uIYAQ","INVALID_OR_NULL_FOR_RESTRICTED_PICKLIST:Status: bad value for restricted picklist field: Cancelled:Status --","1pgVY00000000uIYAQ","Cancelled"
"1pgVY00000000uJYAQ","INVALID_OR_NULL_FOR_RESTRICTED_PICKLIST:Status: bad value for restricted picklist field: Cancelled:Status --","1pgVY00000000uJYAQ","Cancelled"
"1pgVY00000000uKYAQ","INVALID_OR_NULL_FOR_RESTRICTED_PICKLIST:Status: bad value for restricted picklist field: Cancelled:Status --","1pgVY00000000uKYAQ","Cancelled"
"1pgVY00000000uLYAQ","INVALID_OR_NULL_FOR_RESTRICTED_PICKLIST:Status: bad value for restricted picklist field: Cancelled:Status --","1pgVY00000000uLYAQ","Cancelled"
"1pgVY00000000uMYAQ","INVALID_OR_NULL_FOR_RESTRICTED_PICKLIST:Status: bad value for restricted picklist field: Cancelled:Status --","1pgVY00000000uMYAQ","Cancelled"
"1pgVY00000000uNYAQ","INVALID_OR_NULL_FOR_RESTRICTED_PICKLIST:Status: bad value for restricted picklist field: Cancelled:Status --","1pgVY00000000uNYAQ","Cancelled"
"1pgVY00000000uOYAQ","INVALID_OR_NULL_FOR_RESTRICTED_PICKLIST:Status: bad value for restricted picklist field: Cancelled:Status --","1pgVY00000000uOYAQ","Cancelled"
"1pgVY00000000uPYAQ","INVALID_OR_NULL_FOR_RESTRICTED_PICKLIST:Status: bad value for restricted picklist field: Cancelled:Status --","1pgVY00000000uPYAQ","Cancelled"
"1pgVY00000000uQYAQ","INVALID_OR_NULL_FOR_RESTRICTED_PICKLIST:Status: bad value for restricted picklist field: Cancelled:Status --","1pgVY00000000uQYAQ","Cancelled"
"1pgVY00000000uRYAQ","INVALID_OR_NULL_FOR_RESTRICTED_PICKLIST:Status: bad value for restricted picklist field: Cancelled:Status --","1pgVY00000000uRYAQ","Cancelled"
"1pgVY00000000uSYAQ","INVALID_OR_NULL_FOR_RESTRICTED_PICKLIST:Status: bad value for restricted picklist field: Cancelled:Status --","1pgVY00000000uSYAQ","Cancelled"
"1pgVY00000000uTYAQ","INVALID_OR_NULL_FOR_RESTRICTED_PICKLIST:Status: bad value for restricted picklist field: Cancelled:Status --","1pgVY00000000uTYAQ","Cancelled"
"1pgVY00000000uUYAQ","INVALID_OR_NULL_FOR_RESTRICTED_PICKLIST:Status: bad value for restricted picklist field: Cancelled:Status --","1pgVY00000000uUYAQ","Cancelled"
"1pgVY00000000uVYAQ","INVALID_OR_NULL_FOR_RESTRICTED_PICKLIST:Status: bad value for restricted picklist field: Cancelled:Status --","1pgVY00000000uVYAQ","Cancelled"
"1pgVY00000000uWYAQ","INVALID_OR_NULL_FOR_RESTRICTED_PICKLIST:Status: bad value for restricted picklist field: Cancelled:Status --","1pgVY00000000uWYAQ","Cancelled"
"1pgVY00000000uXYAQ","INVALID_OR_NULL_FOR_RESTRICTED_PICKLIST:Status: bad value for restricted picklist field: Cancelled:Status --","1pgVY00000000uXYAQ","Cancelled"
"1pgVY00000000uYYAQ","INVALID_OR_NULL_FOR_RESTRICTED_PICKLIST:Status: bad value for restricted picklist field: Cancelled:Status --","1pgVY00000000uYYAQ","Cancelled"
"1pgVY00000000uZYAQ","INVALID_OR_NULL_FOR_RESTRICTED_PICKLIST:Status: bad value for restricted picklist field: Cancelled:Status --","1pgVY00000000uZYAQ","Cancelled"
"1pgVY00000000uaYAA","INVALID_OR_NULL_FOR_RESTRICTED_PICKLIST:Status: bad value for restricted picklist field: Cancelled:Status --","1pgVY00000000uaYAA","Cancelled"
"1pgVY00000000ubYAA","INVALID_OR_NULL_FOR_RESTRICTED_PICKLIST:Status: bad value for restricted picklist field: Cancelled:Status --","1pgVY00000000ubYAA","Cancelled"
"1pgVY00000000ucYAA","INVALID_OR_NULL_FOR_RESTRICTED_PICKLIST:Status: bad value for restricted picklist field: Cancelled:Status --","1pgVY00000000ucYAA","Cancelled"
"1pgVY00000000udYAA","INVALID_OR_NULL_FOR_RESTRICTED_PICKLIST:Status: bad value for restricted picklist field: Cancelled:Status --","1pgVY00000000udYAA","Cancelled"
"1pgVY00000000ueYAA","INVALID_OR_NULL_FOR_RESTRICTED_PICKLIST:Status: bad value for restricted picklist field: Cancelled:Status --","1pgVY00000000ueYAA","Cancelled"
"1pgVY00000000ufYAA","INVALID_OR_NULL_FOR_RESTRICTED_PICKLIST:Status: bad value for restricted picklist field: Cancelled:Status --","1pgVY00000000ufYAA","Cancelled"
"1pgVY00000000ugYAA","INVALID_OR_NULL_FOR_RESTRICTED_PICKLIST:Status: bad value for restricted picklist field: Cancelled:Status --","1pgVY00000000ugYAA","Cancelled"
"1pgVY00000000uhYAA","INVALID_OR_NULL_FOR_RESTRICTED_PICKLIST:Status: bad value for restricted picklist field: Cancelled:Status --","1pgVY00000000uhYAA","Cancelled"
"1pgVY00000000uiYAA","INVALID_OR_NULL_FOR_RESTRICTED_PICKLIST:Status: bad value for restricted picklist field: Cancelled:Status --","1pgVY00000000uiYAA","Cancelled"
"1pgVY00000000ujYAA","INVALID_OR_NULL_FOR_RESTRICTED_PICKLIST:Status: bad value for restricted picklist field: Cancelled:Status --","1pgVY00000000ujYAA","Cancelled"
"1pgVY00000000ukYAA","INVALID_OR_NULL_FOR_RESTRICTED_PICKLIST:Status: bad value for restricted picklist field: Cancelled:Status --","1pgVY00000000ukYAA","Cancelled"
"1pgVY00000000ulYAA","INVALID_OR_NULL_FOR_RESTRICTED_PICKLIST:Status: bad value for restricted picklist field: Cancelled:Status --","1pgVY00000000ulYAA","Cancelled"
"1pgVY00000000umYAA","INVALID_OR_NULL_FOR_RESTRICTED_PICKLIST:Status: bad value for restricted picklist field: Cancelled:Status --","1pgVY00000000umYAA","Cancelled"
"1pgVY00000000unYAA","INVALID_OR_NULL_FOR_RESTRICTED_PICKLIST:Status: bad value for restricted picklist field: Cancelled:Status --","1pgVY00000000unYAA","Cancelled"
"1pgVY00000000uoYAA","INVALID_OR_NULL_FOR_RESTRICTED_PICKLIST:Status: bad value for restricted picklist field: Cancelled:Status --","1pgVY00000000uoYAA","Cancelled"
"1pgVY00000000upYAA","INVALID_OR_NULL_FOR_RESTRICTED_PICKLIST:Status: bad value for restricted picklist field: Cancelled:Status --","1pgVY00000000upYAA","Cancelled"
"1pgVY00000000uqYAA","INVALID_OR_NULL_FOR_RESTRICTED_PICKLIST:Status: bad value for restricted picklist field: Cancelled:Status --","1pgVY00000000uqYAA","Cancelled"
"1pgVY00000000urYAA","INVALID_OR_NULL_FOR_RESTRICTED_PICKLIST:Status: bad value for restricted picklist field: Cancelled:Status --","1pgVY00000000urYAA","Cancelled"
"1pgVY00000000usYAA","INVALID_OR_NULL_FOR_RESTRICTED_PICKLIST:Status: bad value for restricted picklist field: Cancelled:Status --","1pgVY00000000usYAA","Cancelled"
"1pgVY00000000utYAA","INVALID_OR_NULL_FOR_RESTRICTED_PICKLIST:Status: bad value for restricted picklist field: Cancelled:Status --","1pgVY00000000utYAA","Cancelled"
"1pgVY00000000uuYAA","INVALID_OR_NULL_FOR_RESTRICTED_PICKLIST:Status: bad value for restricted picklist field: Cancelled:Status --","1pgVY00000000uuYAA","Cancelled"
"1pgVY00000000uvYAA","INVALID_OR_NULL_FOR_RESTRICTED_PICKLIST:Status: bad value for restricted picklist field: Cancelled:Status --","1pgVY00000000uvYAA","Cancelled"
"1pgVY00000000uwYAA","INVALID_OR_NULL_FOR_RESTRICTED_PICKLIST:Status: bad value for restricted picklist field: Cancelled:Status --","1pgVY00000000uwYAA","Cancelled"
"1pgVY00000000uxYAA","INVALID_OR_NULL_FOR_RESTRICTED_PICKLIST:Status: bad value for restricted picklist field: Cancelled:Status --","1pgVY00000000uxYAA","Cancelled"
"1pgVY00000000uyYAA","INVALID_OR_NULL_FOR_RESTRICTED_PICKLIST:Status: bad value for restricted picklist field: Cancelled:Status --","1pgVY00000000uyYAA","Cancelled"
"1pgVY00000000uzYAA","INVALID_OR_NULL_FOR_RESTRICTED_PICKLIST:Status: bad value for restricted picklist field: Cancelled:Status --","1pgVY00000000uzYAA","Cancelled"
"1pgVY00000000v0YAA","INVALID_OR_NULL_FOR_RESTRICTED_PICKLIST:Status: bad value for restricted picklist field: Cancelled:Status --","1pgVY00000000v0YAA","Cancelled"
"1pgVY00000000v1YAA","INVALID_OR_NULL_FOR_RESTRICTED_PICKLIST:Status: bad value for restricted picklist field: Cancelled:Status --","1pgVY00000000v1YAA","Cancelled"
"1pgVY00000000v2YAA","INVALID_OR_NULL_FOR_RESTRICTED_PICKLIST:Status: bad value for restricted picklist field: Cancelled:Status --","1pgVY00000000v2YAA","Cancelled"
"1pgVY00000000v3YAA","INVALID_OR_NULL_FOR_RESTRICTED_PICKLIST:Status: bad value for restricted picklist field: Cancelled:Status --","1pgVY00000000v3YAA","Cancelled"
"1pgVY00000000v4YAA","INVALID_OR_NULL_FOR_RESTRICTED_PICKLIST:Status: bad value for restricted picklist field: Cancelled:Status --","1pgVY00000000v4YAA","Cancelled"
"1pgVY00000000v5YAA","INVALID_OR_NULL_FOR_RESTRICTED_PICKLIST:Status: bad value for restricted picklist field: Cancelled:Status --","1pgVY00000000v5YAA","Cancelled"
"1pgVY00000000v6YAA","INVALID_OR_NULL_FOR_RESTRICTED_PICKLIST:Status: bad value for restricted picklist field: Cancelled:Status --","1pgVY00000000v6YAA","Cancelled"
"1pgVY00000000v7YAA","INVALID_OR_NULL_FOR_RESTRICTED_PICKLIST:Status: bad value for restricted picklist field: Cancelled:Status --","1pgVY00000000v7YAA","Cancelled"
"1pgVY00000000v8YAA","INVALID_OR_NULL_FOR_RESTRICTED_PICKLIST:Status: bad value for restricted picklist field: Cancelled:Status --","1pgVY00000000v8YAA","Cancelled"
"1pgVY00000000v9YAA","INVALID_OR_NULL_FOR_RESTRICTED_PICKLIST:Status: bad value for restricted picklist field: Cancelled:Status --","1pgVY00000000v9YAA","Cancelled"
"1pgVY00000000vAYAQ","INVALID_OR_NULL_FOR_RESTRICTED_PICKLIST:Status: bad value for restricted picklist field: Cancelled:Status --","1pgVY00000000vAYAQ","Cancelled"
"1pgVY00000000vBYAQ","INVALID_OR_NULL_FOR_RESTRICTED_PICKLIST:Status: bad value for restricted picklist field: Cancelled:Status --","1pgVY00000000vBYAQ","Cancelled"
"1pgVY00000000vCYAQ","INVALID_OR_NULL_FOR_RESTRICTED_PICKLIST:Status: bad value for restricted picklist field: Cancelled:Status --","1pgVY00000000vCYAQ","Cancelled"
"1pgVY00000000vDYAQ","INVALID_OR_NULL_FOR_RESTRICTED_PICKLIST:Status: bad value for restricted picklist field: Cancelled:Status --","1pgVY00000000vDYAQ","Cancelled"
"1pgVY00000000vEYAQ","INVALID_OR_NULL_FOR_RESTRICTED_PICKLIST:Status: bad value for restricted picklist field: Cancelled:Status --","1pgVY00000000vEYAQ","Cancelled"
"1pgVY00000000vFYAQ","INVALID_OR_NULL_FOR_RESTRICTED_PICKLIST:Status: bad value for restricted picklist field: Cancelled:Status --","1pgVY00000000vFYAQ","Cancelled"
"1pgVY00000000vGYAQ","INVALID_OR_NULL_FOR_RESTRICTED_PICKLIST:Status: bad value for restricted picklist field: Cancelled:Status --","1pgVY00000000vGYAQ","Cancelled"
"1pgVY00000000vHYAQ","INVALID_OR_NULL_FOR_RESTRICTED_PICKLIST:Status: bad value for restricted picklist field: Cancelled:Status --","1pgVY00000000vHYAQ","Cancelled"
"1pgVY00000000vIYAQ","INVALID_OR_NULL_FOR_RESTRICTED_PICKLIST:Status: bad value for restricted picklist field: Cancelled:Status --","1pgVY00000000vIYAQ","Cancelled"
"1pgVY00000000vJYAQ","INVALID_OR_NULL_FOR_RESTRICTED_PICKLIST:Status: bad value for restricted picklist field: Cancelled:Status --","1pgVY00000000vJYAQ","Cancelled"
"1pgVY00000000vKYAQ","INVALID_OR_NULL_FOR_RESTRICTED_PICKLIST:Status: bad value for restricted picklist field: Cancelled:Status --","1pgVY00000000vKYAQ","Cancelled"
"1pgVY00000000vLYAQ","INVALID_OR_NULL_FOR_RESTRICTED_PICKLIST:Status: bad value for restricted picklist field: Cancelled:Status --","1pgVY00000000vLYAQ","Cancelled"
"1pgVY00000000vMYAQ","INVALID_OR_NULL_FOR_RESTRICTED_PICKLIST:Status: bad value for restricted picklist field: Cancelled:Status --","1pgVY00000000vMYAQ","Cancelled"
"1pgVY00000000vNYAQ","INVALID_OR_NULL_FOR_RESTRICTED_PICKLIST:Status: bad value for restricted picklist field: Cancelled:Status --","1pgVY00000000vNYAQ","Cancelled"
"1pgVY00000000vOYAQ","INVALID_OR_NULL_FOR_RESTRICTED_PICKLIST:Status: bad value for restricted picklist field: Cancelled:Status --","1pgVY00000000vOYAQ","Cancelled"
"1pgVY00000000vPYAQ","INVALID_OR_NULL_FOR_RESTRICTED_PICKLIST:Status: bad value for restricted picklist field: Cancelled:Status --","1pgVY00000000vPYAQ","Cancelled"
"1pgVY00000000vQYAQ","INVALID_OR_NULL_FOR_RESTRICTED_PICKLIST:Status: bad value for restricted picklist field: Cancelled:Status --","1pgVY00000000vQYAQ","Cancelled"
"1pgVY00000000vRYAQ","INVALID_OR_NULL_FOR_RESTRICTED_PICKLIST:Status: bad value for restricted picklist field: Cancelled:Status --","1pgVY00000000vRYAQ","Cancelled"
"1pgVY00000000vSYAQ","INVALID_OR_NULL_FOR_RESTRICTED_PICKLIST:Status: bad value for restricted picklist field: Cancelled:Status --","1pgVY00000000vSYAQ","Cancelled"
"1pgVY00000000vTYAQ","INVALID_OR_NULL_FOR_RESTRICTED_PICKLIST:Status: bad value for restricted picklist field: Cancelled:Status --","1pgVY00000000vTYAQ","Cancelled"
"1pgVY00000000vUYAQ","INVALID_OR_NULL_FOR_RESTRICTED_PICKLIST:Status: bad value for restricted picklist field: Cancelled:Status --","1pgVY00000000vUYAQ","Cancelled"
"1pgVY00000000vVYAQ","INVALID_OR_NULL_FOR_RESTRICTED_PICKLIST:Status: bad value for restricted picklist field: Cancelled:Status --","1pgVY00000000vVYAQ","Cancelled"
"1pgVY00000000vWYAQ","INVALID_OR_NULL_FOR_RESTRICTED_PICKLIST:Status: bad value for restricted picklist field: Cancelled:Status --","1pgVY00000000vWYAQ","Cancelled"
"1pgVY00000000vXYAQ","INVALID_OR_NULL_FOR_RESTRICTED_PICKLIST:Status: bad value for restricted picklist field: Cancelled:Status --","1pgVY00000000vXYAQ","Cancelled"
"1pgVY00000000vYYAQ","INVALID_OR_NULL_FOR_RESTRICTED_PICKLIST:Status: bad value for restricted picklist field: Cancelled:Status --","1pgVY00000000vYYAQ","Cancelled"
"1pgVY00000000vZYAQ","INVALID_OR_NULL_FOR_RESTRICTED_PICKLIST:Status: bad value for restricted picklist field: Cancelled:Status --","1pgVY00000000vZYAQ","Cancelled"
"1pgVY00000000vaYAA","INVALID_OR_NULL_FOR_RESTRICTED_PICKLIST:Status: bad value for restricted picklist field: Cancelled:Status --","1pgVY00000000vaYAA","Cancelled"
"1pgVY00000000vbYAA","INVALID_OR_NULL_FOR_RESTRICTED_PICKLIST:Status: bad value for restricted picklist field: Cancelled:Status --","1pgVY00000000vbYAA","Cancelled"
"1pgVY00000000vcYAA","INVALID_OR_NULL_FOR_RESTRICTED_PICKLIST:Status: bad value for restricted picklist field: Cancelled:Status --","1pgVY00000000vcYAA","Cancelled"
"1pgVY00000000vdYAA","INVALID_OR_NULL_FOR_RESTRICTED_PICKLIST:Status: bad value for restricted picklist field: Cancelled:Status --","1pgVY00000000vdYAA","Cancelled"
"1pgVY00000000veYAA","INVALID_OR_NULL_FOR_RESTRICTED_PICKLIST:Status: bad value for restricted picklist field: Cancelled:Status --","1pgVY00000000veYAA","Cancelled"
"1pgVY00000000vfYAA","INVALID_OR_NULL_FOR_RESTRICTED_PICKLIST:Status: bad value for restricted picklist field: Cancelled:Status --","1pgVY00000000vfYAA","Cancelled"
"1pgVY00000000vgYAA","INVALID_OR_NULL_FOR_RESTRICTED_PICKLIST:Status: bad value for restricted picklist field: Cancelled:Status --","1pgVY00000000vgYAA","Cancelled"
"1pgVY00000000vhYAA","INVALID_OR_NULL_FOR_RESTRICTED_PICKLIST:Status: bad value for restricted picklist field: Cancelled:Status --","1pgVY00000000vhYAA","Cancelled"
"1pgVY00000000viYAA","INVALID_OR_NULL_FOR_RESTRICTED_PICKLIST:Status: bad value for restricted picklist field: Cancelled:Status --","1pgVY00000000viYAA","Cancelled"
"1pgVY00000000vjYAA","INVALID_OR_NULL_FOR_RESTRICTED_PICKLIST:Status: bad value for restricted picklist field: Cancelled:Status --","1pgVY00000000vjYAA","Cancelled"
"1pgVY00000000vkYAA","INVALID_OR_NULL_FOR_RESTRICTED_PICKLIST:Status: bad value for restricted picklist field: Cancelled:Status --","1pgVY00000000vkYAA","Cancelled"
"1pgVY00000000vlYAA","INVALID_OR_NULL_FOR_RESTRICTED_PICKLIST:Status: bad value for restricted picklist field: Cancelled:Status --","1pgVY00000000vlYAA","Cancelled"
"1pgVY00000000vmYAA","INVALID_OR_NULL_FOR_RESTRICTED_PICKLIST:Status: bad value for restricted picklist field: Cancelled:Status --","1pgVY00000000vmYAA","Cancelled"
"1pgVY00000000vnYAA","INVALID_OR_NULL_FOR_RESTRICTED_PICKLIST:Status: bad value for restricted picklist field: Cancelled:Status --","1pgVY00000000vnYAA","Cancelled"
"1pgVY00000000voYAA","INVALID_OR_NULL_FOR_RESTRICTED_PICKLIST:Status: bad value for restricted picklist field: Cancelled:Status --","1pgVY00000000voYAA","Cancelled"
"1pgVY00000000vpYAA","INVALID_OR_NULL_FOR_RESTRICTED_PICKLIST:Status: bad value for restricted picklist field: Cancelled:Status --","1pgVY00000000vpYAA","Cancelled"
"1pgVY00000000vqYAA","INVALID_OR_NULL_FOR_RESTRICTED_PICKLIST:Status: bad value for restricted picklist field: Cancelled:Status --","1pgVY00000000vqYAA","Cancelled"
"1pgVY00000000vrYAA","INVALID_OR_NULL_FOR_RESTRICTED_PICKLIST:Status: bad value for restricted picklist field: Cancelled:Status --","1pgVY00000000vrYAA","Cancelled"
"1pgVY00000000vsYAA","INVALID_OR_NULL_FOR_RESTRICTED_PICKLIST:Status: bad value for restricted picklist field: Cancelled:Status --","1pgVY00000000vsYAA","Cancelled"
"1pgVY00000000vtYAA","INVALID_OR_NULL_FOR_RESTRICTED_PICKLIST:Status: bad value for restricted picklist field: Cancelled:Status --","1pgVY00000000vtYAA","Cancelled"
"1pgVY00000000vuYAA","INVALID_OR_NULL_FOR_RESTRICTED_PICKLIST:Status: bad value for restricted picklist field: Cancelled:Status --","1pgVY00000000vuYAA","Cancelled"
"1pgVY00000000vvYAA","INVALID_OR_NULL_FOR_RESTRICTED_PICKLIST:Status: bad value for restricted picklist field: Cancelled:Status --","1pgVY00000000vvYAA","Cancelled"
"1pgVY00000000vwYAA","INVALID_OR_NULL_FOR_RESTRICTED_PICKLIST:Status: bad value for restricted picklist field: Cancelled:Status --","1pgVY00000000vwYAA","Cancelled"
"1pgVY00000000vxYAA","INVALID_OR_NULL_FOR_RESTRICTED_PICKLIST:Status: bad value for restricted picklist field: Cancelled:Status --","1pgVY00000000vxYAA","Cancelled"
"1pgVY00000000vyYAA","INVALID_OR_NULL_FOR_RESTRICTED_PICKLIST:Status: bad value for restricted picklist field: Cancelled:Status --","1pgVY00000000vyYAA","Cancelled"
"1pgVY00000000vzYAA","INVALID_OR_NULL_FOR_RESTRICTED_PICKLIST:Status: bad value for restricted picklist field: Cancelled:Status --","1pgVY00000000vzYAA","Cancelled"
"1pgVY00000000w0YAA","INVALID_OR_NULL_FOR_RESTRICTED_PICKLIST:Status: bad value for restricted picklist field: Cancelled:Status --","1pgVY00000000w0YAA","Cancelled"
"1pgVY00000000w5YAA","INVALID_OR_NULL_FOR_RESTRICTED_PICKLIST:Status: bad value for restricted picklist field: Cancelled:Status --","1pgVY00000000w5YAA","Cancelled"
"1pgVY00000000w6YAA","INVALID_OR_NULL_FOR_RESTRICTED_PICKLIST:Status: bad value for restricted picklist field: Cancelled:Status --","1pgVY00000000w6YAA","Cancelled"
"1pgVY00000000w7YAA","INVALID_OR_NULL_FOR_RESTRICTED_PICKLIST:Status: bad value for restricted picklist field: Cancelled:Status --","1pgVY00000000w7YAA","Cancelled"
"1pgVY00000000w8YAA","INVALID_OR_NULL_FOR_RESTRICTED_PICKLIST:Status: bad value for restricted picklist field: Cancelled:Status --","1pgVY00000000w8YAA","Cancelled"
"1pgVY00000000w9YAA","INVALID_OR_NULL_FOR_RESTRICTED_PICKLIST:Status: bad value for restricted picklist field: Cancelled:Status --","1pgVY00000000w9YAA","Cancelled"
"1pgVY00000000wAYAQ","INVALID_OR_NULL_FOR_RESTRICTED_PICKLIST:Status: bad value for restricted picklist field: Cancelled:Status --","1pgVY00000000wAYAQ","Cancelled"
"1pgVY00000000wBYAQ","INVALID_OR_NULL_FOR_RESTRICTED_PICKLIST:Status: bad value for restricted picklist field: Cancelled:Status --","1pgVY00000000wBYAQ","Cancelled"
"1pgVY00000000wCYAQ","INVALID_OR_NULL_FOR_RESTRICTED_PICKLIST:Status: bad value for restricted picklist field: Cancelled:Status --","1pgVY00000000wCYAQ","Cancelled"
"1pgVY00000000wDYAQ","INVALID_OR_NULL_FOR_RESTRICTED_PICKLIST:Status: bad value for restricted picklist field: Cancelled:Status --","1pgVY00000000wDYAQ","Cancelled"
"1pgVY00000000wEYAQ","INVALID_OR_NULL_FOR_RESTRICTED_PICKLIST:Status: bad value for restricted picklist field: Cancelled:Status --","1pgVY00000000wEYAQ","Cancelled"
"1pgVY00000000wFYAQ","INVALID_OR_NULL_FOR_RESTRICTED_PICKLIST:Status: bad value for restricted picklist field: Cancelled:Status --","1pgVY00000000wFYAQ","Cancelled"
"1pgVY00000000wGYAQ","INVALID_OR_NULL_FOR_RESTRICTED_PICKLIST:Status: bad value for restricted picklist field: Cancelled:Status --","1pgVY00000000wGYAQ","Cancelled"
"1pgVY00000000wHYAQ","INVALID_OR_NULL_FOR_RESTRICTED_PICKLIST:Status: bad value for restricted picklist field: Cancelled:Status --","1pgVY00000000wHYAQ","Cancelled"
"1pgVY00000000wIYAQ","INVALID_OR_NULL_FOR_RESTRICTED_PICKLIST:Status: bad value for restricted picklist field: Cancelled:Status --","1pgVY00000000wIYAQ","Cancelled"
"1pgVY00000000wJYAQ","INVALID_OR_NULL_FOR_RESTRICTED_PICKLIST:Status: bad value for restricted picklist field: Cancelled:Status --","1pgVY00000000wJYAQ","Cancelled"
"1pgVY00000000wKYAQ","INVALID_OR_NULL_FOR_RESTRICTED_PICKLIST:Status: bad value for restricted picklist field: Cancelled:Status --","1pgVY00000000wKYAQ","Cancelled"
"1pgVY00000000wLYAQ","INVALID_OR_NULL_FOR_RESTRICTED_PICKLIST:Status: bad value for restricted picklist field: Cancelled:Status --","1pgVY00000000wLYAQ","Cancelled"
"1pgVY00000000wMYAQ","INVALID_OR_NULL_FOR_RESTRICTED_PICKLIST:Status: bad value for restricted picklist field: Cancelled:Status --","1pgVY00000000wMYAQ","Cancelled"
"1pgVY00000000wNYAQ","INVALID_OR_NULL_FOR_RESTRICTED_PICKLIST:Status: bad value for restricted picklist field: Cancelled:Status --","1pgVY00000000wNYAQ","Cancelled"
"1pgVY00000000wOYAQ","INVALID_OR_NULL_FOR_RESTRICTED_PICKLIST:Status: bad value for restricted picklist field: Cancelled:Status --","1pgVY00000000wOYAQ","Cancelled"
"1pgVY00000000wPYAQ","INVALID_OR_NULL_FOR_RESTRICTED_PICKLIST:Status: bad value for restricted picklist field: Cancelled:Status --","1pgVY00000000wPYAQ","Cancelled"
"1pgVY00000000wQYAQ","INVALID_OR_NULL_FOR_RESTRICTED_PICKLIST:Status: bad value for restricted picklist field: Cancelled:Status --","1pgVY00000000wQYAQ","Cancelled"
"1pgVY00000000wRYAQ","INVALID_OR_NULL_FOR_RESTRICTED_PICKLIST:Status: bad value for restricted picklist field: Cancelled:Status --","1pgVY00000000wRYAQ","Cancelled"
"1pgVY00000000wSYAQ","INVALID_OR_NULL_FOR_RESTRICTED_PICKLIST:Status: bad value for restricted picklist field: Cancelled:Status --","1pgVY00000000wSYAQ","Cancelled"
"1pgVY00000000wTYAQ","INVALID_OR_NULL_FOR_RESTRICTED_PICKLIST:Status: bad value for restricted picklist field: Cancelled:Status --","1pgVY00000000wTYAQ","Cancelled"
"1pgVY00000000wUYAQ","INVALID_OR_NULL_FOR_RESTRICTED_PICKLIST:Status: bad value for restricted picklist field: Cancelled:Status --","1pgVY00000000wUYAQ","Cancelled"
"1pgVY00000000wVYAQ","INVALID_OR_NULL_FOR_RESTRICTED_PICKLIST:Status: bad value for restricted picklist field: Cancelled:Status --","1pgVY00000000wVYAQ","Cancelled"
"1pgVY00000000wWYAQ","INVALID_OR_NULL_FOR_RESTRICTED_PICKLIST:Status: bad value for restricted picklist field: Cancelled:Status --","1pgVY00000000wWYAQ","Cancelled"
"1pgVY00000000wXYAQ","INVALID_OR_NULL_FOR_RESTRICTED_PICKLIST:Status: bad value for restricted picklist field: Cancelled:Status --","1pgVY00000000wXYAQ","Cancelled"
"1pgVY00000000wYYAQ","INVALID_OR_NULL_FOR_RESTRICTED_PICKLIST:Status: bad value for restricted picklist field: Cancelled:Status --","1pgVY00000000wYYAQ","Cancelled"
"1pgVY00000000wZYAQ","INVALID_OR_NULL_FOR_RESTRICTED_PICKLIST:Status: bad value for restricted picklist field: Cancelled:Status --","1pgVY00000000wZYAQ","Cancelled"
"1pgVY00000000waYAA","INVALID_OR_NULL_FOR_RESTRICTED_PICKLIST:Status: bad value for restricted picklist field: Cancelled:Status --","1pgVY00000000waYAA","Cancelled"
"1pgVY00000000wbYAA","INVALID_OR_NULL_FOR_RESTRICTED_PICKLIST:Status: bad value for restricted picklist field: Cancelled:Status --","1pgVY00000000wbYAA","Cancelled"
"1pgVY00000000wcYAA","INVALID_OR_NULL_FOR_RESTRICTED_PICKLIST:Status: bad value for restricted picklist field: Cancelled:Status --","1pgVY00000000wcYAA","Cancelled"
"1pgVY00000000wdYAA","INVALID_OR_NULL_FOR_RESTRICTED_PICKLIST:Status: bad value for restricted picklist field: Cancelled:Status --","1pgVY00000000wdYAA","Cancelled"
"1pgVY00000000weYAA","INVALID_OR_NULL_FOR_RESTRICTED_PICKLIST:Status: bad value for restricted picklist field: Cancelled:Status --","1pgVY00000000weYAA","Cancelled"
"1pgVY00000000wfYAA","INVALID_OR_NULL_FOR_RESTRICTED_PICKLIST:Status: bad value for restricted picklist field: Cancelled:Status --","1pgVY00000000wfYAA","Cancelled"
"1pgVY00000000wgYAA","INVALID_OR_NULL_FOR_RESTRICTED_PICKLIST:Status: bad value for restricted picklist field: Cancelled:Status --","1pgVY00000000wgYAA","Cancelled"
"1pgVY00000000whYAA","INVALID_OR_NULL_FOR_RESTRICTED_PICKLIST:Status: bad value for restricted picklist field: Cancelled:Status --","1pgVY00000000whYAA","Cancelled"
"1pgVY00000000wiYAA","INVALID_OR_NULL_FOR_RESTRICTED_PICKLIST:Status: bad value for restricted picklist field: Cancelled:Status --","1pgVY00000000wiYAA","Cancelled"
"1pgVY00000000wjYAA","INVALID_OR_NULL_FOR_RESTRICTED_PICKLIST:Status: bad value for restricted picklist field: Cancelled:Status --","1pgVY00000000wjYAA","Cancelled"
"1pgVY00000000wkYAA","INVALID_OR_NULL_FOR_RESTRICTED_PICKLIST:Status: bad value for restricted picklist field: Cancelled:Status --","1pgVY00000000wkYAA","Cancelled"
"1pgVY00000000wlYAA","INVALID_OR_NULL_FOR_RESTRICTED_PICKLIST:Status: bad value for restricted picklist field: Cancelled:Status --","1pgVY00000000wlYAA","Cancelled"
"1pgVY00000000wmYAA","INVALID_OR_NULL_FOR_RESTRICTED_PICKLIST:Status: bad value for restricted picklist field: Cancelled:Status --","1pgVY00000000wmYAA","Cancelled"
"1pgVY00000000wnYAA","INVALID_OR_NULL_FOR_RESTRICTED_PICKLIST:Status: bad value for restricted picklist field: Cancelled:Status --","1pgVY00000000wnYAA","Cancelled"
"1pgVY00000000woYAA","INVALID_OR_NULL_FOR_RESTRICTED_PICKLIST:Status: bad value for restricted picklist field: Cancelled:Status --","1pgVY00000000woYAA","Cancelled"
"1pgVY00000000wpYAA","INVALID_OR_NULL_FOR_RESTRICTED_PICKLIST:Status: bad value for restricted picklist field: Cancelled:Status --","1pgVY00000000wpYAA","Cancelled"
"1pgVY00000000wqYAA","INVALID_OR_NULL_FOR_RESTRICTED_PICKLIST:Status: bad value for restricted picklist field: Cancelled:Status --","1pgVY00000000wqYAA","Cancelled"
"1pgVY00000000wrYAA","INVALID_OR_NULL_FOR_RESTRICTED_PICKLIST:Status: bad value for restricted picklist field: Cancelled:Status --","1pgVY00000000wrYAA","Cancelled"
"1pgVY00000000wsYAA","INVALID_OR_NULL_FOR_RESTRICTED_PICKLIST:Status: bad value for restricted picklist field: Cancelled:Status --","1pgVY00000000wsYAA","Cancelled"
"1pgVY00000000wtYAA","INVALID_OR_NULL_FOR_RESTRICTED_PICKLIST:Status: bad value for restricted picklist field: Cancelled:Status --","1pgVY00000000wtYAA","Cancelled"
"1pgVY00000000wuYAA","INVALID_OR_NULL_FOR_RESTRICTED_PICKLIST:Status: bad value for restricted picklist field: Cancelled:Status --","1pgVY00000000wuYAA","Cancelled"
"1pgVY00000000wvYAA","INVALID_OR_NULL_FOR_RESTRICTED_PICKLIST:Status: bad value for restricted picklist field: Cancelled:Status --","1pgVY00000000wvYAA","Cancelled"
"1pgVY00000000wwYAA","INVALID_OR_NULL_FOR_RESTRICTED_PICKLIST:Status: bad value for restricted picklist field: Cancelled:Status --","1pgVY00000000wwYAA","Cancelled"
"1pgVY00000000wxYAA","INVALID_OR_NULL_FOR_RESTRICTED_PICKLIST:Status: bad value for restricted picklist field: Cancelled:Status --","1pgVY00000000wxYAA","Cancelled"
"1pgVY00000000wyYAA","INVALID_OR_NULL_FOR_RESTRICTED_PICKLIST:Status: bad value for restricted picklist field: Cancelled:Status --","1pgVY00000000wyYAA","Cancelled"
"1pgVY00000000wzYAA","INVALID_OR_NULL_FOR_RESTRICTED_PICKLIST:Status: bad value for restricted picklist field: Cancelled:Status --","1pgVY00000000wzYAA","Cancelled"
"1pgVY00000000x0YAA","INVALID_OR_NULL_FOR_RESTRICTED_PICKLIST:Status: bad value for restricted picklist field: Cancelled:Status --","1pgVY00000000x0YAA","Cancelled"
"1pgVY00000000x1YAA","INVALID_OR_NULL_FOR_RESTRICTED_PICKLIST:Status: bad value for restricted picklist field: Cancelled:Status --","1pgVY00000000x1YAA","Cancelled"
"1pgVY00000000x2YAA","INVALID_OR_NULL_FOR_RESTRICTED_PICKLIST:Status: bad value for restricted picklist field: Cancelled:Status --","1pgVY00000000x2YAA","Cancelled"
"1pgVY00000000x3YAA","INVALID_OR_NULL_FOR_RESTRICTED_PICKLIST:Status: bad value for restricted picklist field: Cancelled:Status --","1pgVY00000000x3YAA","Cancelled"
"1pgVY00000000x4YAA","INVALID_OR_NULL_FOR_RESTRICTED_PICKLIST:Status: bad value for restricted picklist field: Cancelled:Status --","1pgVY00000000x4YAA","Cancelled"
"1pgVY00000000x5YAA","INVALID_OR_NULL_FOR_RESTRICTED_PICKLIST:Status: bad value for restricted picklist field: Cancelled:Status --","1pgVY00000000x5YAA","Cancelled"
"1pgVY00000000x6YAA","INVALID_OR_NULL_FOR_RESTRICTED_PICKLIST:Status: bad value for restricted picklist field: Cancelled:Status --","1pgVY00000000x6YAA","Cancelled"
"1pgVY00000000x7YAA","INVALID_OR_NULL_FOR_RESTRICTED_PICKLIST:Status: bad value for restricted picklist field: Cancelled:Status --","1pgVY00000000x7YAA","Cancelled"
"1pgVY00000000x8YAA","INVALID_OR_NULL_FOR_RESTRICTED_PICKLIST:Status: bad value for restricted picklist field: Cancelled:Status --","1pgVY00000000x8YAA","Cancelled"
"1pgVY00000000x9YAA","INVALID_OR_NULL_FOR_RESTRICTED_PICKLIST:Status: bad value for restricted picklist field: Cancelled:Status --","1pgVY00000000x9YAA","Cancelled"
"1pgVY00000000xAYAQ","INVALID_OR_NULL_FOR_RESTRICTED_PICKLIST:Status: bad value for restricted picklist field: Cancelled:Status --","1pgVY00000000xAYAQ","Cancelled"
"1pgVY00000000xBYAQ","INVALID_OR_NULL_FOR_RESTRICTED_PICKLIST:Status: bad value for restricted picklist field: Cancelled:Status --","1pgVY00000000xBYAQ","Cancelled"
"1pgVY00000000xCYAQ","INVALID_OR_NULL_FOR_RESTRICTED_PICKLIST:Status: bad value for restricted picklist field: Cancelled:Status --","1pgVY00000000xCYAQ","Cancelled"
"1pgVY00000000xDYAQ","INVALID_OR_NULL_FOR_RESTRICTED_PICKLIST:Status: bad value for restricted picklist field: Cancelled:Status --","1pgVY00000000xDYAQ","Cancelled"
"1pgVY00000000xEYAQ","INVALID_OR_NULL_FOR_RESTRICTED_PICKLIST:Status: bad value for restricted picklist field: Cancelled:Status --","1pgVY00000000xEYAQ","Cancelled"
"1pgVY00000000xFYAQ","INVALID_OR_NULL_FOR_RESTRICTED_PICKLIST:Status: bad value for restricted picklist field: Cancelled:Status --","1pgVY00000000xFYAQ","Cancelled"
"1pgVY00000000xGYAQ","INVALID_OR_NULL_FOR_RESTRICTED_PICKLIST:Status: bad value for restricted picklist field: Cancelled:Status --","1pgVY00000000xGYAQ","Cancelled"
"1pgVY00000000xHYAQ","INVALID_OR_NULL_FOR_RESTRICTED_PICKLIST:Status: bad value for restricted picklist field: Cancelled:Status --","1pgVY00000000xHYAQ","Cancelled"
"1pgVY00000000xIYAQ","INVALID_OR_NULL_FOR_RESTRICTED_PICKLIST:Status: bad value for restricted picklist field: Cancelled:Status --","1pgVY00000000xIYAQ","Cancelled"
"1pgVY00000000xJYAQ","INVALID_OR_NULL_FOR_RESTRICTED_PICKLIST:Status: bad value for restricted picklist field: Cancelled:Status --","1pgVY00000000xJYAQ","Cancelled"
"1pgVY00000000xKYAQ","INVALID_OR_NULL_FOR_RESTRICTED_PICKLIST:Status: bad value for restricted picklist field: Cancelled:Status --","1pgVY00000000xKYAQ","Cancelled"
"1pgVY00000000xLYAQ","INVALID_OR_NULL_FOR_RESTRICTED_PICKLIST:Status: bad value for restricted picklist field: Cancelled:Status --","1pgVY00000000xLYAQ","Cancelled"
"1pgVY00000000xMYAQ","INVALID_OR_NULL_FOR_RESTRICTED_PICKLIST:Status: bad value for restricted picklist field: Cancelled:Status --","1pgVY00000000xMYAQ","Cancelled"
"1pgVY00000000xNYAQ","INVALID_OR_NULL_FOR_RESTRICTED_PICKLIST:Status: bad value for restricted picklist field: Cancelled:Status --","1pgVY00000000xNYAQ","Cancelled"
"1pgVY00000000xOYAQ","INVALID_OR_NULL_FOR_RESTRICTED_PICKLIST:Status: bad value for restricted picklist field: Cancelled:Status --","1pgVY00000000xOYAQ","Cancelled"
"1pgVY00000000xPYAQ","INVALID_OR_NULL_FOR_RESTRICTED_PICKLIST:Status: bad value for restricted picklist field: Cancelled:Status --","1pgVY00000000xPYAQ","Cancelled"
"1pgVY00000000xQYAQ","INVALID_OR_NULL_FOR_RESTRICTED_PICKLIST:Status: bad value for restricted picklist field: Cancelled:Status --","1pgVY00000000xQYAQ","Cancelled"
"1pgVY00000000xRYAQ","INVALID_OR_NULL_FOR_RESTRICTED_PICKLIST:Status: bad value for restricted picklist field: Cancelled:Status --","1pgVY00000000xRYAQ","Cancelled"
"1pgVY00000000xSYAQ","INVALID_OR_NULL_FOR_RESTRICTED_PICKLIST:Status: bad value for restricted picklist field: Cancelled:Status --","1pgVY00000000xSYAQ","Cancelled"
"1pgVY00000000xTYAQ","INVALID_OR_NULL_FOR_RESTRICTED_PICKLIST:Status: bad value for restricted picklist field: Cancelled:Status --","1pgVY00000000xTYAQ","Cancelled"
"1pgVY00000000xUYAQ","INVALID_OR_NULL_FOR_RESTRICTED_PICKLIST:Status: bad value for restricted picklist field: Cancelled:Status --","1pgVY00000000xUYAQ","Cancelled"
"1pgVY00000000xVYAQ","INVALID_OR_NULL_FOR_RESTRICTED_PICKLIST:Status: bad value for restricted picklist field: Cancelled:Status --","1pgVY00000000xVYAQ","Cancelled"
"1pgVY00000000xWYAQ","INVALID_OR_NULL_FOR_RESTRICTED_PICKLIST:Status: bad value for restricted picklist field: Cancelled:Status --","1pgVY00000000xWYAQ","Cancelled"
"1pgVY00000000xXYAQ","INVALID_OR_NULL_FOR_RESTRICTED_PICKLIST:Status: bad value for restricted picklist field: Cancelled:Status --","1pgVY00000000xXYAQ","Cancelled"
"1pgVY00000000xYYAQ","INVALID_OR_NULL_FOR_RESTRICTED_PICKLIST:Status: bad value for restricted picklist field: Cancelled:Status --","1pgVY00000000xYYAQ","Cancelled"
"1pgVY00000000xZYAQ","INVALID_OR_NULL_FOR_RESTRICTED_PICKLIST:Status: bad value for restricted picklist field: Cancelled:Status --","1pgVY00000000xZYAQ","Cancelled"
"1pgVY00000000xaYAA","INVALID_OR_NULL_FOR_RESTRICTED_PICKLIST:Status: bad value for restricted picklist field: Cancelled:Status --","1pgVY00000000xaYAA","Cancelled"
"1pgVY00000000xbYAA","INVALID_OR_NULL_FOR_RESTRICTED_PICKLIST:Status: bad value for restricted picklist field: Cancelled:Status --","1pgVY00000000xbYAA","Cancelled"
"1pgVY00000000xcYAA","INVALID_OR_NULL_FOR_RESTRICTED_PICKLIST:Status: bad value for restricted picklist field: Cancelled:Status --","1pgVY00000000xcYAA","Cancelled"
"1pgVY00000000xdYAA","INVALID_OR_NULL_FOR_RESTRICTED_PICKLIST:Status: bad value for restricted picklist field: Cancelled:Status --","1pgVY00000000xdYAA","Cancelled"
"1pgVY00000000xeYAA","INVALID_OR_NULL_FOR_RESTRICTED_PICKLIST:Status: bad value for restricted picklist field: Cancelled:Status --","1pgVY00000000xeYAA","Cancelled"
"1pgVY00000000xfYAA","INVALID_OR_NULL_FOR_RESTRICTED_PICKLIST:Status: bad value for restricted picklist field: Cancelled:Status --","1pgVY00000000xfYAA","Cancelled"
"1pgVY00000000xgYAA","INVALID_OR_NULL_FOR_RESTRICTED_PICKLIST:Status: bad value for restricted picklist field: Cancelled:Status --","1pgVY00000000xgYAA","Cancelled"
"1pgVY00000000xhYAA","INVALID_OR_NULL_FOR_RESTRICTED_PICKLIST:Status: bad value for restricted picklist field: Cancelled:Status --","1pgVY00000000xhYAA","Cancelled"
"1pgVY00000000xiYAA","INVALID_OR_NULL_FOR_RESTRICTED_PICKLIST:Status: bad value for restricted picklist field: Cancelled:Status --","1pgVY00000000xiYAA","Cancelled"
"1pgVY00000000xjYAA","INVALID_OR_NULL_FOR_RESTRICTED_PICKLIST:Status: bad value for restricted picklist field: Cancelled:Status --","1pgVY00000000xjYAA","Cancelled"
"1pgVY00000000xkYAA","INVALID_OR_NULL_FOR_RESTRICTED_PICKLIST:Status: bad value for restricted picklist field: Cancelled:Status --","1pgVY00000000xkYAA","Cancelled"
"1pgVY00000000xlYAA","INVALID_OR_NULL_FOR_RESTRICTED_PICKLIST:Status: bad value for restricted picklist field: Cancelled:Status --","1pgVY00000000xlYAA","Cancelled"
"1pgVY00000000xmYAA","INVALID_OR_NULL_FOR_RESTRICTED_PICKLIST:Status: bad value for restricted picklist field: Cancelled:Status --","1pgVY00000000xmYAA","Cancelled"
"1pgVY00000000xnYAA","INVALID_OR_NULL_FOR_RESTRICTED_PICKLIST:Status: bad value for restricted picklist field: Cancelled:Status --","1pgVY00000000xnYAA","Cancelled"
"1pgVY00000000xoYAA","INVALID_OR_NULL_FOR_RESTRICTED_PICKLIST:Status: bad value for restricted picklist field: Cancelled:Status --","1pgVY00000000xoYAA","Cancelled"
"1pgVY00000000xpYAA","INVALID_OR_NULL_FOR_RESTRICTED_PICKLIST:Status: bad value for restricted picklist field: Cancelled:Status --","1pgVY00000000xpYAA","Cancelled"
"1pgVY00000000xqYAA","INVALID_OR_NULL_FOR_RESTRICTED_PICKLIST:Status: bad value for restricted picklist field: Cancelled:Status --","1pgVY00000000xqYAA","Cancelled"
"1pgVY00000000xrYAA","INVALID_OR_NULL_FOR_RESTRICTED_PICKLIST:Status: bad value for restricted picklist field: Cancelled:Status --","1pgVY00000000xrYAA","Cancelled"
"1pgVY00000000xsYAA","INVALID_OR_NULL_FOR_RESTRICTED_PICKLIST:Status: bad value for restricted picklist field: Cancelled:Status --","1pgVY00000000xsYAA","Cancelled"
"1pgVY00000000xtYAA","INVALID_OR_NULL_FOR_RESTRICTED_PICKLIST:Status: bad value for restricted picklist field: Cancelled:Status --","1pgVY00000000xtYAA","Cancelled"
"1pgVY00000000xuYAA","INVALID_OR_NULL_FOR_RESTRICTED_PICKLIST:Status: bad value for restricted picklist field: Cancelled:Status --","1pgVY00000000xuYAA","Cancelled"
"1pgVY00000000xvYAA","INVALID_OR_NULL_FOR_RESTRICTED_PICKLIST:Status: bad value for restricted picklist field: Cancelled:Status --","1pgVY00000000xvYAA","Cancelled"
"1pgVY00000000xwYAA","INVALID_OR_NULL_FOR_RESTRICTED_PICKLIST:Status: bad value for restricted picklist field: Cancelled:Status --","1pgVY00000000xwYAA","Cancelled"
"1pgVY00000000xxYAA","INVALID_OR_NULL_FOR_RESTRICTED_PICKLIST:Status: bad value for restricted picklist field: Cancelled:Status --","1pgVY00000000xxYAA","Cancelled"
"1pgVY00000000xyYAA","INVALID_OR_NULL_FOR_RESTRICTED_PICKLIST:Status: bad value for restricted picklist field: Cancelled:Status --","1pgVY00000000xyYAA","Cancelled"
"1pgVY00000000xzYAA","INVALID_OR_NULL_FOR_RESTRICTED_PICKLIST:Status: bad value for restricted picklist field: Cancelled:Status --","1pgVY00000000xzYAA","Cancelled"
"1pgVY00000000y0YAA","INVALID_OR_NULL_FOR_RESTRICTED_PICKLIST:Status: bad value for restricted picklist field: Cancelled:Status --","1pgVY00000000y0YAA","Cancelled"
"1pgVY00000000y1YAA","INVALID_OR_NULL_FOR_RESTRICTED_PICKLIST:Status: bad value for restricted picklist field: Cancelled:Status --","1pgVY00000000y1YAA","Cancelled"
"1pgVY00000000y2YAA","INVALID_OR_NULL_FOR_RESTRICTED_PICKLIST:Status: bad value for restricted picklist field: Cancelled:Status --","1pgVY00000000y2YAA","Cancelled"
"1pgVY00000000y3YAA","INVALID_OR_NULL_FOR_RESTRICTED_PICKLIST:Status: bad value for restricted picklist field: Cancelled:Status --","1pgVY00000000y3YAA","Cancelled"
"1pgVY00000000y4YAA","INVALID_OR_NULL_FOR_RESTRICTED_PICKLIST:Status: bad value for restricted picklist field: Cancelled:Status --","1pgVY00000000y4YAA","Cancelled"
"1pgVY00000000y5YAA","INVALID_OR_NULL_FOR_RESTRICTED_PICKLIST:Status: bad value for restricted picklist field: Cancelled:Status --","1pgVY00000000y5YAA","Cancelled"
"1pgVY00000000y6YAA","INVALID_OR_NULL_FOR_RESTRICTED_PICKLIST:Status: bad value for restricted picklist field: Cancelled:Status --","1pgVY00000000y6YAA","Cancelled"
"1pgVY00000000y7YAA","INVALID_OR_NULL_FOR_RESTRICTED_PICKLIST:Status: bad value for restricted picklist field: Cancelled:Status --","1pgVY00000000y7YAA","Cancelled"
"1pgVY00000000y8YAA","INVALID_OR_NULL_FOR_RESTRICTED_PICKLIST:Status: bad value for restricted picklist field: Cancelled:Status --","1pgVY00000000y8YAA","Cancelled"
"1pgVY00000000y9YAA","INVALID_OR_NULL_FOR_RESTRICTED_PICKLIST:Status: bad value for restricted picklist field: Cancelled:Status --","1pgVY00000000y9YAA","Cancelled"
"1pgVY00000000yAYAQ","INVALID_OR_NULL_FOR_RESTRICTED_PICKLIST:Status: bad value for restricted picklist field: Cancelled:Status --","1pgVY00000000yAYAQ","Cancelled"
"1pgVY00000000yBYAQ","INVALID_OR_NULL_FOR_RESTRICTED_PICKLIST:Status: bad value for restricted picklist field: Cancelled:Status --","1pgVY00000000yBYAQ","Cancelled"
"1pgVY00000000yCYAQ","INVALID_OR_NULL_FOR_RESTRICTED_PICKLIST:Status: bad value for restricted picklist field: Cancelled:Status --","1pgVY00000000yCYAQ","Cancelled"
"1pgVY00000000yDYAQ","INVALID_OR_NULL_FOR_RESTRICTED_PICKLIST:Status: bad value for restricted picklist field: Cancelled:Status --","1pgVY00000000yDYAQ","Cancelled"
"1pgVY00000000yEYAQ","INVALID_OR_NULL_FOR_RESTRICTED_PICKLIST:Status: bad value for restricted picklist field: Cancelled:Status --","1pgVY00000000yEYAQ","Cancelled"
"1pgVY00000000yFYAQ","INVALID_OR_NULL_FOR_RESTRICTED_PICKLIST:Status: bad value for restricted picklist field: Cancelled:Status --","1pgVY00000000yFYAQ","Cancelled"
"1pgVY00000000yGYAQ","INVALID_OR_NULL_FOR_RESTRICTED_PICKLIST:Status: bad value for restricted picklist field: Cancelled:Status --","1pgVY00000000yGYAQ","Cancelled"
"1pgVY00000000yHYAQ","INVALID_OR_NULL_FOR_RESTRICTED_PICKLIST:Status: bad value for restricted picklist field: Cancelled:Status --","1pgVY00000000yHYAQ","Cancelled"
"1pgVY00000000yIYAQ","INVALID_OR_NULL_FOR_RESTRICTED_PICKLIST:Status: bad value for restricted picklist field: Cancelled:Status --","1pgVY00000000yIYAQ","Cancelled"
"1pgVY00000000yJYAQ","INVALID_OR_NULL_FOR_RESTRICTED_PICKLIST:Status: bad value for restricted picklist field: Cancelled:Status --","1pgVY00000000yJYAQ","Cancelled"
"1pgVY00000000yKYAQ","INVALID_OR_NULL_FOR_RESTRICTED_PICKLIST:Status: bad value for restricted picklist field: Cancelled:Status --","1pgVY00000000yKYAQ","Cancelled"
"1pgVY00000000yLYAQ","INVALID_OR_NULL_FOR_RESTRICTED_PICKLIST:Status: bad value for restricted picklist field: Cancelled:Status --","1pgVY00000000yLYAQ","Cancelled"
"1pgVY00000000yMYAQ","INVALID_OR_NULL_FOR_RESTRICTED_PICKLIST:Status: bad value for restricted picklist field: Cancelled:Status --","1pgVY00000000yMYAQ","Cancelled"
"1pgVY00000000yNYAQ","INVALID_OR_NULL_FOR_RESTRICTED_PICKLIST:Status: bad value for restricted picklist field: Cancelled:Status --","1pgVY00000000yNYAQ","Cancelled"
"1pgVY00000000yOYAQ","INVALID_OR_NULL_FOR_RESTRICTED_PICKLIST:Status: bad value for restricted picklist field: Cancelled:Status --","1pgVY00000000yOYAQ","Cancelled"
"1pgVY00000000yPYAQ","INVALID_OR_NULL_FOR_RESTRICTED_PICKLIST:Status: bad value for restricted picklist field: Cancelled:Status --","1pgVY00000000yPYAQ","Cancelled"
"1pgVY00000000yQYAQ","INVALID_OR_NULL_FOR_RESTRICTED_PICKLIST:Status: bad value for restricted picklist field: Cancelled:Status --","1pgVY00000000yQYAQ","Cancelled"
"1pgVY00000000yRYAQ","INVALID_OR_NULL_FOR_RESTRICTED_PICKLIST:Status: bad value for restricted picklist field: Cancelled:Status --","1pgVY00000000yRYAQ","Cancelled"
"1pgVY00000000ySYAQ","INVALID_OR_NULL_FOR_RESTRICTED_PICKLIST:Status: bad value for restricted picklist field: Cancelled:Status --","1pgVY00000000ySYAQ","Cancelled"
"1pgVY00000000yTYAQ","INVALID_OR_NULL_FOR_RESTRICTED_PICKLIST:Status: bad value for restricted picklist field: Cancelled:Status --","1pgVY00000000yTYAQ","Cancelled"
"1pgVY00000000yUYAQ","INVALID_OR_NULL_FOR_RESTRICTED_PICKLIST:Status: bad value for restricted picklist field: Cancelled:Status --","1pgVY00000000yUYAQ","Cancelled"
"1pgVY00000000yVYAQ","INVALID_OR_NULL_FOR_RESTRICTED_PICKLIST:Status: bad value for restricted picklist field: Cancelled:Status --","1pgVY00000000yVYAQ","Cancelled"
"1pgVY00000000yWYAQ","INVALID_OR_NULL_FOR_RESTRICTED_PICKLIST:Status: bad value for restricted picklist field: Cancelled:Status --","1pgVY00000000yWYAQ","Cancelled"
"1pgVY00000000yXYAQ","INVALID_OR_NULL_FOR_RESTRICTED_PICKLIST:Status: bad value for restricted picklist field: Cancelled:Status --","1pgVY00000000yXYAQ","Cancelled"
"1pgVY00000000yYYAQ","INVALID_OR_NULL_FOR_RESTRICTED_PICKLIST:Status: bad value for restricted picklist field: Cancelled:Status --","1pgVY00000000yYYAQ","Cancelled"
"1pgVY00000000yZYAQ","INVALID_OR_NULL_FOR_RESTRICTED_PICKLIST:Status: bad value for restricted picklist field: Cancelled:Status --","1pgVY00000000yZYAQ","Cancelled"
"1pgVY00000000yaYAA","INVALID_OR_NULL_FOR_RESTRICTED_PICKLIST:Status: bad value for restricted picklist field: Cancelled:Status --","1pgVY00000000yaYAA","Cancelled"
"1pgVY00000000ybYAA","INVALID_OR_NULL_FOR_RESTRICTED_PICKLIST:Status: bad value for restricted picklist field: Cancelled:Status --","1pgVY00000000ybYAA","Cancelled"
"1pgVY00000000ycYAA","INVALID_OR_NULL_FOR_RESTRICTED_PICKLIST:Status: bad value for restricted picklist field: Cancelled:Status --","1pgVY00000000ycYAA","Cancelled"
"1pgVY00000000ydYAA","INVALID_OR_NULL_FOR_RESTRICTED_PICKLIST:Status: bad value for restricted picklist field: Cancelled:Status --","1pgVY00000000ydYAA","Cancelled"
"1pgVY00000000yeYAA","INVALID_OR_NULL_FOR_RESTRICTED_PICKLIST:Status: bad value for restricted picklist field: Cancelled:Status --","1pgVY00000000yeYAA","Cancelled"
"1pgVY00000000yfYAA","INVALID_OR_NULL_FOR_RESTRICTED_PICKLIST:Status: bad value for restricted picklist field: Cancelled:Status --","1pgVY00000000yfYAA","Cancelled"
"1pgVY00000000ygYAA","INVALID_OR_NULL_FOR_RESTRICTED_PICKLIST:Status: bad value for restricted picklist field: Cancelled:Status --","1pgVY00000000ygYAA","Cancelled"
"1pgVY00000000yhYAA","INVALID_OR_NULL_FOR_RESTRICTED_PICKLIST:Status: bad value for restricted picklist field: Cancelled:Status --","1pgVY00000000yhYAA","Cancelled"
"1pgVY00000000yiYAA","INVALID_OR_NULL_FOR_RESTRICTED_PICKLIST:Status: bad value for restricted picklist field: Cancelled:Status --","1pgVY00000000yiYAA","Cancelled"
"1pgVY00000000yjYAA","INVALID_OR_NULL_FOR_RESTRICTED_PICKLIST:Status: bad value for restricted picklist field: Cancelled:Status --","1pgVY00000000yjYAA","Cancelled"
"1pgVY00000000ykYAA","INVALID_OR_NULL_FOR_RESTRICTED_PICKLIST:Status: bad value for restricted picklist field: Cancelled:Status --","1pgVY00000000ykYAA","Cancelled"
"1pgVY00000000ylYAA","INVALID_OR_NULL_FOR_RESTRICTED_PICKLIST:Status: bad value for restricted picklist field: Cancelled:Status --","1pgVY00000000ylYAA","Cancelled"
"1pgVY00000000ymYAA","INVALID_OR_NULL_FOR_RESTRICTED_PICKLIST:Status: bad value for restricted picklist field: Cancelled:Status --","1pgVY00000000ymYAA","Cancelled"
"1pgVY00000000ynYAA","INVALID_OR_NULL_FOR_RESTRICTED_PICKLIST:Status: bad value for restricted picklist field: Cancelled:Status --","1pgVY00000000ynYAA","Cancelled"
"1pgVY00000000yoYAA","INVALID_OR_NULL_FOR_RESTRICTED_PICKLIST:Status: bad value for restricted picklist field: Cancelled:Status --","1pgVY00000000yoYAA","Cancelled"
"1pgVY00000000ypYAA","INVALID_OR_NULL_FOR_RESTRICTED_PICKLIST:Status: bad value for restricted picklist field: Cancelled:Status --","1pgVY00000000ypYAA","Cancelled"
"1pgVY00000000yqYAA","INVALID_OR_NULL_FOR_RESTRICTED_PICKLIST:Status: bad value for restricted picklist field: Cancelled:Status --","1pgVY00000000yqYAA","Cancelled"
"1pgVY00000000yrYAA","INVALID_OR_NULL_FOR_RESTRICTED_PICKLIST:Status: bad value for restricted picklist field: Cancelled:Status --","1pgVY00000000yrYAA","Cancelled"
"1pgVY00000000ysYAA","INVALID_OR_NULL_FOR_RESTRICTED_PICKLIST:Status: bad value for restricted picklist field: Cancelled:Status --","1pgVY00000000ysYAA","Cancelled"
"1pgVY00000000ytYAA","INVALID_OR_NULL_FOR_RESTRICTED_PICKLIST:Status: bad value for restricted picklist field: Cancelled:Status --","1pgVY00000000ytYAA","Cancelled"
"1pgVY00000000yuYAA","INVALID_OR_NULL_FOR_RESTRICTED_PICKLIST:Status: bad value for restricted picklist field: Cancelled:Status --","1pgVY00000000yuYAA","Cancelled"
"1pgVY00000000yvYAA","INVALID_OR_NULL_FOR_RESTRICTED_PICKLIST:Status: bad value for restricted picklist field: Cancelled:Status --","1pgVY00000000yvYAA","Cancelled"
"1pgVY00000000ywYAA","INVALID_OR_NULL_FOR_RESTRICTED_PICKLIST:Status: bad value for restricted picklist field: Cancelled:Status --","1pgVY00000000ywYAA","Cancelled"
"1pgVY00000000yxYAA","INVALID_OR_NULL_FOR_RESTRICTED_PICKLIST:Status: bad value for restricted picklist field: Cancelled:Status --","1pgVY00000000yxYAA","Cancelled"
"1pgVY00000000yyYAA","INVALID_OR_NULL_FOR_RESTRICTED_PICKLIST:Status: bad value for restricted picklist field: Cancelled:Status --","1pgVY00000000yyYAA","Cancelled"
"1pgVY00000000yzYAA","INVALID_OR_NULL_FOR_RESTRICTED_PICKLIST:Status: bad value for restricted picklist field: Cancelled:Status --","1pgVY00000000yzYAA","Cancelled"
"1pgVY00000000z0YAA","INVALID_OR_NULL_FOR_RESTRICTED_PICKLIST:Status: bad value for restricted picklist field: Cancelled:Status --","1pgVY00000000z0YAA","Cancelled"
"1pgVY00000000z1YAA","INVALID_OR_NULL_FOR_RESTRICTED_PICKLIST:Status: bad value for restricted picklist field: Cancelled:Status --","1pgVY00000000z1YAA","Cancelled"
"1pgVY00000000z2YAA","INVALID_OR_NULL_FOR_RESTRICTED_PICKLIST:Status: bad value for restricted picklist field: Cancelled:Status --","1pgVY00000000z2YAA","Cancelled"
"1pgVY00000000z3YAA","INVALID_OR_NULL_FOR_RESTRICTED_PICKLIST:Status: bad value for restricted picklist field: Cancelled:Status --","1pgVY00000000z3YAA","Cancelled"
"1pgVY00000000z4YAA","INVALID_OR_NULL_FOR_RESTRICTED_PICKLIST:Status: bad value for restricted picklist field: Cancelled:Status --","1pgVY00000000z4YAA","Cancelled"
"1pgVY00000000z5YAA","INVALID_OR_NULL_FOR_RESTRICTED_PICKLIST:Status: bad value for restricted picklist field: Cancelled:Status --","1pgVY00000000z5YAA","Cancelled"
"1pgVY00000000z6YAA","INVALID_OR_NULL_FOR_RESTRICTED_PICKLIST:Status: bad value for restricted picklist field: Cancelled:Status --","1pgVY00000000z6YAA","Cancelled"
"1pgVY00000000z7YAA","INVALID_OR_NULL_FOR_RESTRICTED_PICKLIST:Status: bad value for restricted picklist field: Cancelled:Status --","1pgVY00000000z7YAA","Cancelled"
"1pgVY00000000z8YAA","INVALID_OR_NULL_FOR_RESTRICTED_PICKLIST:Status: bad value for restricted picklist field: Cancelled:Status --","1pgVY00000000z8YAA","Cancelled"
"1pgVY00000000z9YAA","INVALID_OR_NULL_FOR_RESTRICTED_PICKLIST:Status: bad value for restricted picklist field: Cancelled:Status --","1pgVY00000000z9YAA","Cancelled"
"1pgVY00000000zAYAQ","INVALID_OR_NULL_FOR_RESTRICTED_PICKLIST:Status: bad value for restricted picklist field: Cancelled:Status --","1pgVY00000000zAYAQ","Cancelled"
"1pgVY00000000zBYAQ","INVALID_OR_NULL_FOR_RESTRICTED_PICKLIST:Status: bad value for restricted picklist field: Cancelled:Status --","1pgVY00000000zBYAQ","Cancelled"
"1pgVY00000000zCYAQ","INVALID_OR_NULL_FOR_RESTRICTED_PICKLIST:Status: bad value for restricted picklist field: Cancelled:Status --","1pgVY00000000zCYAQ","Cancelled"
"1pgVY00000000zDYAQ","INVALID_OR_NULL_FOR_RESTRICTED_PICKLIST:Status: bad value for restricted picklist field: Cancelled:Status --","1pgVY00000000zDYAQ","Cancelled"
"1pgVY00000000zEYAQ","INVALID_OR_NULL_FOR_RESTRICTED_PICKLIST:Status: bad value for restricted picklist field: Cancelled:Status --","1pgVY00000000zEYAQ","Cancelled"
"1pgVY00000000zFYAQ","INVALID_OR_NULL_FOR_RESTRICTED_PICKLIST:Status: bad value for restricted picklist field: Cancelled:Status --","1pgVY00000000zFYAQ","Cancelled"
"1pgVY00000000zGYAQ","INVALID_OR_NULL_FOR_RESTRICTED_PICKLIST:Status: bad value for restricted picklist field: Cancelled:Status --","1pgVY00000000zGYAQ","Cancelled"
"1pgVY00000000zHYAQ","INVALID_OR_NULL_FOR_RESTRICTED_PICKLIST:Status: bad value for restricted picklist field: Cancelled:Status --","1pgVY00000000zHYAQ","Cancelled"
"1pgVY00000000zIYAQ","INVALID_OR_NULL_FOR_RESTRICTED_PICKLIST:Status: bad value for restricted picklist field: Cancelled:Status --","1pgVY00000000zIYAQ","Cancelled"
"1pgVY00000000zJYAQ","INVALID_OR_NULL_FOR_RESTRICTED_PICKLIST:Status: bad value for restricted picklist field: Cancelled:Status --","1pgVY00000000zJYAQ","Cancelled"
"1pgVY00000000zKYAQ","INVALID_OR_NULL_FOR_RESTRICTED_PICKLIST:Status: bad value for restricted picklist field: Cancelled:Status --","1pgVY00000000zKYAQ","Cancelled"
"1pgVY00000000zLYAQ","INVALID_OR_NULL_FOR_RESTRICTED_PICKLIST:Status: bad value for restricted picklist field: Cancelled:Status --","1pgVY00000000zLYAQ","Cancelled"
"1pgVY00000000zMYAQ","INVALID_OR_NULL_FOR_RESTRICTED_PICKLIST:Status: bad value for restricted picklist field: Cancelled:Status --","1pgVY00000000zMYAQ","Cancelled"
"1pgVY00000000zNYAQ","INVALID_OR_NULL_FOR_RESTRICTED_PICKLIST:Status: bad value for restricted picklist field: Cancelled:Status --","1pgVY00000000zNYAQ","Cancelled"
"1pgVY00000000zOYAQ","INVALID_OR_NULL_FOR_RESTRICTED_PICKLIST:Status: bad value for restricted picklist field: Cancelled:Status --","1pgVY00000000zOYAQ","Cancelled"
"1pgVY00000000zPYAQ","INVALID_OR_NULL_FOR_RESTRICTED_PICKLIST:Status: bad value for restricted picklist field: Cancelled:Status --","1pgVY00000000zPYAQ","Cancelled"
"1pgVY00000000zQYAQ","INVALID_OR_NULL_FOR_RESTRICTED_PICKLIST:Status: bad value for restricted picklist field: Cancelled:Status --","1pgVY00000000zQYAQ","Cancelled"
"1pgVY00000000zRYAQ","INVALID_OR_NULL_FOR_RESTRICTED_PICKLIST:Status: bad value for restricted picklist field: Cancelled:Status --","1pgVY00000000zRYAQ","Cancelled"
"1pgVY00000000zSYAQ","INVALID_OR_NULL_FOR_RESTRICTED_PICKLIST:Status: bad value for restricted picklist field: Cancelled:Status --","1pgVY00000000zSYAQ","Cancelled"
"1pgVY00000000zTYAQ","INVALID_OR_NULL_FOR_RESTRICTED_PICKLIST:Status: bad value for restricted picklist field: Cancelled:Status --","1pgVY00000000zTYAQ","Cancelled"
"1pgVY00000000zUYAQ","INVALID_OR_NULL_FOR_RESTRICTED_PICKLIST:Status: bad value for restricted picklist field: Cancelled:Status --","1pgVY00000000zUYAQ","Cancelled"
"1pgVY00000000zVYAQ","INVALID_OR_NULL_FOR_RESTRICTED_PICKLIST:Status: bad value for restricted picklist field: Cancelled:Status --","1pgVY00000000zVYAQ","Cancelled"
"1pgVY00000000zWYAQ","INVALID_OR_NULL_FOR_RESTRICTED_PICKLIST:Status: bad value for restricted picklist field: Cancelled:Status --","1pgVY00000000zWYAQ","Cancelled"
"1pgVY00000000zXYAQ","INVALID_OR_NULL_FOR_RESTRICTED_PICKLIST:Status: bad value for restricted picklist field: Cancelled:Status --","1pgVY00000000zXYAQ","Cancelled"
"1pgVY00000000zYYAQ","INVALID_OR_NULL_FOR_RESTRICTED_PICKLIST:Status: bad value for restricted picklist field: Cancelled:Status --","1pgVY00000000zYYAQ","Cancelled"
"1pgVY00000000zZYAQ","INVALID_OR_NULL_FOR_RESTRICTED_PICKLIST:Status: bad value for restricted picklist field: Cancelled:Status --","1pgVY00000000zZYAQ","Cancelled"
"1pgVY00000000zaYAA","INVALID_OR_NULL_FOR_RESTRICTED_PICKLIST:Status: bad value for restricted picklist field: Cancelled:Status --","1pgVY00000000zaYAA","Cancelled"
"1pgVY00000000zbYAA","INVALID_OR_NULL_FOR_RESTRICTED_PICKLIST:Status: bad value for restricted picklist field: Cancelled:Status --","1pgVY00000000zbYAA","Cancelled"
"1pgVY00000000zcYAA","INVALID_OR_NULL_FOR_RESTRICTED_PICKLIST:Status: bad value for restricted picklist field: Cancelled:Status --","1pgVY00000000zcYAA","Cancelled"
"1pgVY00000000zdYAA","INVALID_OR_NULL_FOR_RESTRICTED_PICKLIST:Status: bad value for restricted picklist field: Cancelled:Status --","1pgVY00000000zdYAA","Cancelled"
"1pgVY00000000zeYAA","INVALID_OR_NULL_FOR_RESTRICTED_PICKLIST:Status: bad value for restricted picklist field: Cancelled:Status --","1pgVY00000000zeYAA","Cancelled"
"1pgVY00000000zfYAA","INVALID_OR_NULL_FOR_RESTRICTED_PICKLIST:Status: bad value for restricted picklist field: Cancelled:Status --","1pgVY00000000zfYAA","Cancelled"
"1pgVY00000000zgYAA","INVALID_OR_NULL_FOR_RESTRICTED_PICKLIST:Status: bad value for restricted picklist field: Cancelled:Status --","1pgVY00000000zgYAA","Cancelled"
"1pgVY00000000zhYAA","INVALID_OR_NULL_FOR_RESTRICTED_PICKLIST:Status: bad value for restricted picklist field: Cancelled:Status --","1pgVY00000000zhYAA","Cancelled"
"1pgVY00000000ziYAA","INVALID_OR_NULL_FOR_RESTRICTED_PICKLIST:Status: bad value for restricted picklist field: Cancelled:Status --","1pgVY00000000ziYAA","Cancelled"
"1pgVY00000000zjYAA","INVALID_OR_NULL_FOR_RESTRICTED_PICKLIST:Status: bad value for restricted picklist field: Cancelled:Status --","1pgVY00000000zjYAA","Cancelled"
"1pgVY00000000zkYAA","INVALID_OR_NULL_FOR_RESTRICTED_PICKLIST:Status: bad value for restricted picklist field: Cancelled:Status --","1pgVY00000000zkYAA","Cancelled"
"1pgVY00000000zlYAA","INVALID_OR_NULL_FOR_RESTRICTED_PICKLIST:Status: bad value for restricted picklist field: Cancelled:Status --","1pgVY00000000zlYAA","Cancelled"
"1pgVY00000000zmYAA","INVALID_OR_NULL_FOR_RESTRICTED_PICKLIST:Status: bad value for restricted picklist field: Cancelled:Status --","1pgVY00000000zmYAA","Cancelled"
"1pgVY00000000znYAA","INVALID_OR_NULL_FOR_RESTRICTED_PICKLIST:Status: bad value for restricted picklist field: Cancelled:Status --","1pgVY00000000znYAA","Cancelled"
"1pgVY00000000zoYAA","INVALID_OR_NULL_FOR_RESTRICTED_PICKLIST:Status: bad value for restricted picklist field: Cancelled:Status --","1pgVY00000000zoYAA","Cancelled"
"1pgVY00000000zpYAA","INVALID_OR_NULL_FOR_RESTRICTED_PICKLIST:Status: bad value for restricted picklist field: Cancelled:Status --","1pgVY00000000zpYAA","Cancelled"
"1pgVY00000000zqYAA","INVALID_OR_NULL_FOR_RESTRICTED_PICKLIST:Status: bad value for restricted picklist field: Cancelled:Status --","1pgVY00000000zqYAA","Cancelled"
"1pgVY00000000zrYAA","INVALID_OR_NULL_FOR_RESTRICTED_PICKLIST:Status: bad value for restricted picklist field: Cancelled:Status --","1pgVY00000000zrYAA","Cancelled"
"1pgVY00000000zsYAA","INVALID_OR_NULL_FOR_RESTRICTED_PICKLIST:Status: bad value for restricted picklist field: Cancelled:Status --","1pgVY00000000zsYAA","Cancelled"
"1pgVY00000000ztYAA","INVALID_OR_NULL_FOR_RESTRICTED_PICKLIST:Status: bad value for restricted picklist field: Cancelled:Status --","1pgVY00000000ztYAA","Cancelled"
"1pgVY00000000zuYAA","INVALID_OR_NULL_FOR_RESTRICTED_PICKLIST:Status: bad value for restricted picklist field: Cancelled:Status --","1pgVY00000000zuYAA","Cancelled"
"1pgVY00000000zvYAA","INVALID_OR_NULL_FOR_RESTRICTED_PICKLIST:Status: bad value for restricted picklist field: Cancelled:Status --","1pgVY00000000zvYAA","Cancelled"
"1pgVY00000000zwYAA","INVALID_OR_NULL_FOR_RESTRICTED_PICKLIST:Status: bad value for restricted picklist field: Cancelled:Status --","1pgVY00000000zwYAA","Cancelled"
"1pgVY00000000zxYAA","INVALID_OR_NULL_FOR_RESTRICTED_PICKLIST:Status: bad value for restricted picklist field: Cancelled:Status --","1pgVY00000000zxYAA","Cancelled"
"1pgVY00000000zyYAA","INVALID_OR_NULL_FOR_RESTRICTED_PICKLIST:Status: bad value for restricted picklist field: Cancelled:Status --","1pgVY00000000zyYAA","Cancelled"
"1pgVY00000000zzYAA","INVALID_OR_NULL_FOR_RESTRICTED_PICKLIST:Status: bad value for restricted picklist field: Cancelled:Status --","1pgVY00000000zzYAA","Cancelled"
"1pgVY0000000100YAA","INVALID_OR_NULL_FOR_RESTRICTED_PICKLIST:Status: bad value for restricted picklist field: Cancelled:Status --","1pgVY0000000100YAA","Cancelled"
"1pgVY0000000101YAA","INVALID_OR_NULL_FOR_RESTRICTED_PICKLIST:Status: bad value for restricted picklist field: Cancelled:Status --","1pgVY0000000101YAA","Cancelled"
"1pgVY0000000102YAA","INVALID_OR_NULL_FOR_RESTRICTED_PICKLIST:Status: bad value for restricted picklist field: Cancelled:Status --","1pgVY0000000102YAA","Cancelled"
"1pgVY0000000103YAA","INVALID_OR_NULL_FOR_RESTRICTED_PICKLIST:Status: bad value for restricted picklist field: Cancelled:Status --","1pgVY0000000103YAA","Cancelled"
"1pgVY0000000104YAA","INVALID_OR_NULL_FOR_RESTRICTED_PICKLIST:Status: bad value for restricted picklist field: Cancelled:Status --","1pgVY0000000104YAA","Cancelled"
"1pgVY0000000105YAA","INVALID_OR_NULL_FOR_RESTRICTED_PICKLIST:Status: bad value for restricted picklist field: Cancelled:Status --","1pgVY0000000105YAA","Cancelled"
"1pgVY0000000106YAA","INVALID_OR_NULL_FOR_RESTRICTED_PICKLIST:Status: bad value for restricted picklist field: Cancelled:Status --","1pgVY0000000106YAA","Cancelled"
"1pgVY0000000107YAA","INVALID_OR_NULL_FOR_RESTRICTED_PICKLIST:Status: bad value for restricted picklist field: Cancelled:Status --","1pgVY0000000107YAA","Cancelled"
"1pgVY0000000108YAA","INVALID_OR_NULL_FOR_RESTRICTED_PICKLIST:Status: bad value for restricted picklist field: Cancelled:Status --","1pgVY0000000108YAA","Cancelled"
"1pgVY0000000109YAA","INVALID_OR_NULL_FOR_RESTRICTED_PICKLIST:Status: bad value for restricted picklist field: Cancelled:Status --","1pgVY0000000109YAA","Cancelled"
"1pgVY000000010AYAQ","INVALID_OR_NULL_FOR_RESTRICTED_PICKLIST:Status: bad value for restricted picklist field: Cancelled:Status --","1pgVY000000010AYAQ","Cancelled"
"1pgVY000000010BYAQ","INVALID_OR_NULL_FOR_RESTRICTED_PICKLIST:Status: bad value for restricted picklist field: Cancelled:Status --","1pgVY000000010BYAQ","Cancelled"
"1pgVY000000010CYAQ","INVALID_OR_NULL_FOR_RESTRICTED_PICKLIST:Status: bad value for restricted picklist field: Cancelled:Status --","1pgVY000000010CYAQ","Cancelled"
"1pgVY000000010DYAQ","INVALID_OR_NULL_FOR_RESTRICTED_PICKLIST:Status: bad value for restricted picklist field: Cancelled:Status --","1pgVY000000010DYAQ","Cancelled"
"1pgVY000000010EYAQ","INVALID_OR_NULL_FOR_RESTRICTED_PICKLIST:Status: bad value for restricted picklist field: Cancelled:Status --","1pgVY000000010EYAQ","Cancelled"
"1pgVY000000010FYAQ","INVALID_OR_NULL_FOR_RESTRICTED_PICKLIST:Status: bad value for restricted picklist field: Cancelled:Status --","1pgVY000000010FYAQ","Cancelled"
"1pgVY000000010GYAQ","INVALID_OR_NULL_FOR_RESTRICTED_PICKLIST:Status: bad value for restricted picklist field: Cancelled:Status --","1pgVY000000010GYAQ","Cancelled"
"1pgVY000000010HYAQ","INVALID_OR_NULL_FOR_RESTRICTED_PICKLIST:Status: bad value for restricted picklist field: Cancelled:Status --","1pgVY000000010HYAQ","Cancelled"
"1pgVY000000010IYAQ","INVALID_OR_NULL_FOR_RESTRICTED_PICKLIST:Status: bad value for restricted picklist field: Cancelled:Status --","1pgVY000000010IYAQ","Cancelled"
"1pgVY000000010JYAQ","INVALID_OR_NULL_FOR_RESTRICTED_PICKLIST:Status: bad value for restricted picklist field: Cancelled:Status --","1pgVY000000010JYAQ","Cancelled"
"1pgVY000000010KYAQ","INVALID_OR_NULL_FOR_RESTRICTED_PICKLIST:Status: bad value for restricted picklist field: Cancelled:Status --","1pgVY000000010KYAQ","Cancelled"
"1pgVY000000010LYAQ","INVALID_OR_NULL_FOR_RESTRICTED_PICKLIST:Status: bad value for restricted picklist field: Cancelled:Status --","1pgVY000000010LYAQ","Cancelled"
"1pgVY000000010MYAQ","INVALID_OR_NULL_FOR_RESTRICTED_PICKLIST:Status: bad value for restricted picklist field: Cancelled:Status --","1pgVY000000010MYAQ","Cancelled"
"1pgVY000000010NYAQ","INVALID_OR_NULL_FOR_RESTRICTED_PICKLIST:Status: bad value for restricted picklist field: Cancelled:Status --","1pgVY000000010NYAQ","Cancelled"
"1pgVY000000010OYAQ","INVALID_OR_NULL_FOR_RESTRICTED_PICKLIST:Status: bad value for restricted picklist field: Cancelled:Status --","1pgVY000000010OYAQ","Cancelled"
"1pgVY000000010PYAQ","INVALID_OR_NULL_FOR_RESTRICTED_PICKLIST:Status: bad value for restricted picklist field: Cancelled:Status --","1pgVY000000010PYAQ","Cancelled"
"1pgVY000000010QYAQ","INVALID_OR_NULL_FOR_RESTRICTED_PICKLIST:Status: bad value for restricted picklist field: Cancelled:Status --","1pgVY000000010QYAQ","Cancelled"
"1pgVY000000010RYAQ","INVALID_OR_NULL_FOR_RESTRICTED_PICKLIST:Status: bad value for restricted picklist field: Cancelled:Status --","1pgVY000000010RYAQ","Cancelled"
"1pgVY000000010SYAQ","INVALID_OR_NULL_FOR_RESTRICTED_PICKLIST:Status: bad value for restricted picklist field: Cancelled:Status --","1pgVY000000010SYAQ","Cancelled"
"1pgVY000000010TYAQ","INVALID_OR_NULL_FOR_RESTRICTED_PICKLIST:Status: bad value for restricted picklist field: Cancelled:Status --","1pgVY000000010TYAQ","Cancelled"
"1pgVY000000010UYAQ","INVALID_OR_NULL_FOR_RESTRICTED_PICKLIST:Status: bad value for restricted picklist field: Cancelled:Status --","1pgVY000000010UYAQ","Cancelled"
"1pgVY000000010VYAQ","INVALID_OR_NULL_FOR_RESTRICTED_PICKLIST:Status: bad value for restricted picklist field: Cancelled:Status --","1pgVY000000010VYAQ","Cancelled"
"1pgVY000000010WYAQ","INVALID_OR_NULL_FOR_RESTRICTED_PICKLIST:Status: bad value for restricted picklist field: Cancelled:Status --","1pgVY000000010WYAQ","Cancelled"
"1pgVY000000010XYAQ","INVALID_OR_NULL_FOR_RESTRICTED_PICKLIST:Status: bad value for restricted picklist field: Cancelled:Status --","1pgVY000000010XYAQ","Cancelled"
"1pgVY000000010YYAQ","INVALID_OR_NULL_FOR_RESTRICTED_PICKLIST:Status: bad value for restricted picklist field: Cancelled:Status --","1pgVY000000010YYAQ","Cancelled"
"1pgVY000000010ZYAQ","INVALID_OR_NULL_FOR_RESTRICTED_PICKLIST:Status: bad value for restricted picklist field: Cancelled:Status --","1pgVY000000010ZYAQ","Cancelled"
"1pgVY000000010aYAA","INVALID_OR_NULL_FOR_RESTRICTED_PICKLIST:Status: bad value for restricted picklist field: Cancelled:Status --","1pgVY000000010aYAA","Cancelled"
"1pgVY000000010bYAA","INVALID_OR_NULL_FOR_RESTRICTED_PICKLIST:Status: bad value for restricted picklist field: Cancelled:Status --","1pgVY000000010bYAA","Cancelled"
"1pgVY000000010cYAA","INVALID_OR_NULL_FOR_RESTRICTED_PICKLIST:Status: bad value for restricted picklist field: Cancelled:Status --","1pgVY000000010cYAA","Cancelled"
"1pgVY000000010dYAA","INVALID_OR_NULL_FOR_RESTRICTED_PICKLIST:Status: bad value for restricted picklist field: Cancelled:Status --","1pgVY000000010dYAA","Cancelled"
"1pgVY000000010eYAA","INVALID_OR_NULL_FOR_RESTRICTED_PICKLIST:Status: bad value for restricted picklist field: Cancelled:Status --","1pgVY000000010eYAA","Cancelled"
"1pgVY000000010fYAA","INVALID_OR_NULL_FOR_RESTRICTED_PICKLIST:Status: bad value for restricted picklist field: Cancelled:Status --","1pgVY000000010fYAA","Cancelled"
"1pgVY000000010gYAA","INVALID_OR_NULL_FOR_RESTRICTED_PICKLIST:Status: bad value for restricted picklist field: Cancelled:Status --","1pgVY000000010gYAA","Cancelled"
"1pgVY000000010hYAA","INVALID_OR_NULL_FOR_RESTRICTED_PICKLIST:Status: bad value for restricted picklist field: Cancelled:Status --","1pgVY000000010hYAA","Cancelled"
"1pgVY000000010iYAA","INVALID_OR_NULL_FOR_RESTRICTED_PICKLIST:Status: bad value for restricted picklist field: Cancelled:Status --","1pgVY000000010iYAA","Cancelled"
"1pgVY000000010jYAA","INVALID_OR_NULL_FOR_RESTRICTED_PICKLIST:Status: bad value for restricted picklist field: Cancelled:Status --","1pgVY000000010jYAA","Cancelled"
"1pgVY000000010kYAA","INVALID_OR_NULL_FOR_RESTRICTED_PICKLIST:Status: bad value for restricted picklist field: Cancelled:Status --","1pgVY000000010kYAA","Cancelled"
"1pgVY000000010lYAA","INVALID_OR_NULL_FOR_RESTRICTED_PICKLIST:Status: bad value for restricted picklist field: Cancelled:Status --","1pgVY000000010lYAA","Cancelled"
"1pgVY000000010mYAA","INVALID_OR_NULL_FOR_RESTRICTED_PICKLIST:Status: bad value for restricted picklist field: Cancelled:Status --","1pgVY000000010mYAA","Cancelled"
"1pgVY000000010nYAA","INVALID_OR_NULL_FOR_RESTRICTED_PICKLIST:Status: bad value for restricted picklist field: Cancelled:Status --","1pgVY000000010nYAA","Cancelled"
"1pgVY000000010oYAA","INVALID_OR_NULL_FOR_RESTRICTED_PICKLIST:Status: bad value for restricted picklist field: Cancelled:Status --","1pgVY000000010oYAA","Cancelled"
"1pgVY000000010pYAA","INVALID_OR_NULL_FOR_RESTRICTED_PICKLIST:Status: bad value for restricted picklist field: Cancelled:Status --","1pgVY000000010pYAA","Cancelled"
"1pgVY000000010qYAA","INVALID_OR_NULL_FOR_RESTRICTED_PICKLIST:Status: bad value for restricted picklist field: Cancelled:Status --","1pgVY000000010qYAA","Cancelled"
"1pgVY000000010rYAA","INVALID_OR_NULL_FOR_RESTRICTED_PICKLIST:Status: bad value for restricted picklist field: Cancelled:Status --","1pgVY000000010rYAA","Cancelled"
"1pgVY000000010sYAA","INVALID_OR_NULL_FOR_RESTRICTED_PICKLIST:Status: bad value for restricted picklist field: Cancelled:Status --","1pgVY000000010sYAA","Cancelled"
"1pgVY000000010tYAA","INVALID_OR_NULL_FOR_RESTRICTED_PICKLIST:Status: bad value for restricted picklist field: Cancelled:Status --","1pgVY000000010tYAA","Cancelled"
"1pgVY000000010uYAA","INVALID_OR_NULL_FOR_RESTRICTED_PICKLIST:Status: bad value for restricted picklist field: Cancelled:Status --","1pgVY000000010uYAA","Cancelled"
"1pgVY000000010vYAA","INVALID_OR_NULL_FOR_RESTRICTED_PICKLIST:Status: bad value for restricted picklist field: Cancelled:Status --","1pgVY000000010vYAA","Cancelled"
"1pgVY000000010wYAA","INVALID_OR_NULL_FOR_RESTRICTED_PICKLIST:Status: bad value for restricted picklist field: Cancelled:Status --","1pgVY000000010wYAA","Cancelled"
"1pgVY000000010xYAA","INVALID_OR_NULL_FOR_RESTRICTED_PICKLIST:Status: bad value for restricted picklist field: Cancelled:Status --","1pgVY000000010xYAA","Cancelled"
"1pgVY000000010yYAA","INVALID_OR_NULL_FOR_RESTRICTED_PICKLIST:Status: bad value for restricted picklist field: Cancelled:Status --","1pgVY000000010yYAA","Cancelled"
"1pgVY000000010zYAA","INVALID_OR_NULL_FOR_RESTRICTED_PICKLIST:Status: bad value for restricted picklist field: Cancelled:Status --","1pgVY000000010zYAA","Cancelled"
"1pgVY0000000110YAA","INVALID_OR_NULL_FOR_RESTRICTED_PICKLIST:Status: bad value for restricted picklist field: Cancelled:Status --","1pgVY0000000110YAA","Cancelled"
"1pgVY0000000111YAA","INVALID_OR_NULL_FOR_RESTRICTED_PICKLIST:Status: bad value for restricted picklist field: Cancelled:Status --","1pgVY0000000111YAA","Cancelled"
"1pgVY0000000112YAA","INVALID_OR_NULL_FOR_RESTRICTED_PICKLIST:Status: bad value for restricted picklist field: Cancelled:Status --","1pgVY0000000112YAA","Cancelled"
"1pgVY0000000113YAA","INVALID_OR_NULL_FOR_RESTRICTED_PICKLIST:Status: bad value for restricted picklist field: Cancelled:Status --","1pgVY0000000113YAA","Cancelled"
"1pgVY0000000114YAA","INVALID_OR_NULL_FOR_RESTRICTED_PICKLIST:Status: bad value for restricted picklist field: Cancelled:Status --","1pgVY0000000114YAA","Cancelled"
"1pgVY0000000115YAA","INVALID_OR_NULL_FOR_RESTRICTED_PICKLIST:Status: bad value for restricted picklist field: Cancelled:Status --","1pgVY0000000115YAA","Cancelled"
"1pgVY0000000116YAA","INVALID_OR_NULL_FOR_RESTRICTED_PICKLIST:Status: bad value for restricted picklist field: Cancelled:Status --","1pgVY0000000116YAA","Cancelled"
"1pgVY0000000117YAA","INVALID_OR_NULL_FOR_RESTRICTED_PICKLIST:Status: bad value for restricted picklist field: Cancelled:Status --","1pgVY0000000117YAA","Cancelled"
"1pgVY0000000118YAA","INVALID_OR_NULL_FOR_RESTRICTED_PICKLIST:Status: bad value for restricted picklist field: Cancelled:Status --","1pgVY0000000118YAA","Cancelled"
"1pgVY0000000119YAA","INVALID_OR_NULL_FOR_RESTRICTED_PICKLIST:Status: bad value for restricted picklist field: Cancelled:Status --","1pgVY0000000119YAA","Cancelled"
"1pgVY000000011AYAQ","INVALID_OR_NULL_FOR_RESTRICTED_PICKLIST:Status: bad value for restricted picklist field: Cancelled:Status --","1pgVY000000011AYAQ","Cancelled"
"1pgVY000000011BYAQ","INVALID_OR_NULL_FOR_RESTRICTED_PICKLIST:Status: bad value for restricted picklist field: Cancelled:Status --","1pgVY000000011BYAQ","Cancelled"
"1pgVY000000011CYAQ","INVALID_OR_NULL_FOR_RESTRICTED_PICKLIST:Status: bad value for restricted picklist field: Cancelled:Status --","1pgVY000000011CYAQ","Cancelled"
"1pgVY000000011DYAQ","INVALID_OR_NULL_FOR_RESTRICTED_PICKLIST:Status: bad value for restricted picklist field: Cancelled:Status --","1pgVY000000011DYAQ","Cancelled"
"1pgVY000000011EYAQ","INVALID_OR_NULL_FOR_RESTRICTED_PICKLIST:Status: bad value for restricted picklist field: Cancelled:Status --","1pgVY000000011EYAQ","Cancelled"
"1pgVY000000011FYAQ","INVALID_OR_NULL_FOR_RESTRICTED_PICKLIST:Status: bad value for restricted picklist field: Cancelled:Status --","1pgVY000000011FYAQ","Cancelled"
"1pgVY000000011GYAQ","INVALID_OR_NULL_FOR_RESTRICTED_PICKLIST:Status: bad value for restricted picklist field: Cancelled:Status --","1pgVY000000011GYAQ","Cancelled"
"1pgVY000000011HYAQ","INVALID_OR_NULL_FOR_RESTRICTED_PICKLIST:Status: bad value for restricted picklist field: Cancelled:Status --","1pgVY000000011HYAQ","Cancelled"
"1pgVY000000011IYAQ","INVALID_OR_NULL_FOR_RESTRICTED_PICKLIST:Status: bad value for restricted picklist field: Cancelled:Status --","1pgVY000000011IYAQ","Cancelled"
"1pgVY000000011JYAQ","INVALID_OR_NULL_FOR_RESTRICTED_PICKLIST:Status: bad value for restricted picklist field: Cancelled:Status --","1pgVY000000011JYAQ","Cancelled"
"1pgVY000000011KYAQ","INVALID_OR_NULL_FOR_RESTRICTED_PICKLIST:Status: bad value for restricted picklist field: Cancelled:Status --","1pgVY000000011KYAQ","Cancelled"
"1pgVY000000011LYAQ","INVALID_OR_NULL_FOR_RESTRICTED_PICKLIST:Status: bad value for restricted picklist field: Cancelled:Status --","1pgVY000000011LYAQ","Cancelled"
"1pgVY000000011MYAQ","INVALID_OR_NULL_FOR_RESTRICTED_PICKLIST:Status: bad value for restricted picklist field: Cancelled:Status --","1pgVY000000011MYAQ","Cancelled"
"1pgVY000000011NYAQ","INVALID_OR_NULL_FOR_RESTRICTED_PICKLIST:Status: bad value for restricted picklist field: Cancelled:Status --","1pgVY000000011NYAQ","Cancelled"
"1pgVY000000011OYAQ","INVALID_OR_NULL_FOR_RESTRICTED_PICKLIST:Status: bad value for restricted picklist field: Cancelled:Status --","1pgVY000000011OYAQ","Cancelled"
"1pgVY000000011PYAQ","INVALID_OR_NULL_FOR_RESTRICTED_PICKLIST:Status: bad value for restricted picklist field: Cancelled:Status --","1pgVY000000011PYAQ","Cancelled"
"1pgVY000000011QYAQ","INVALID_OR_NULL_FOR_RESTRICTED_PICKLIST:Status: bad value for restricted picklist field: Cancelled:Status --","1pgVY000000011QYAQ","Cancelled"
"1pgVY000000011RYAQ","INVALID_OR_NULL_FOR_RESTRICTED_PICKLIST:Status: bad value for restricted picklist field: Cancelled:Status --","1pgVY000000011RYAQ","Cancelled"
"1pgVY000000011SYAQ","INVALID_OR_NULL_FOR_RESTRICTED_PICKLIST:Status: bad value for restricted picklist field: Cancelled:Status --","1pgVY000000011SYAQ","Cancelled"
"1pgVY000000011TYAQ","INVALID_OR_NULL_FOR_RESTRICTED_PICKLIST:Status: bad value for restricted picklist field: Cancelled:Status --","1pgVY000000011TYAQ","Cancelled"
"1pgVY000000011UYAQ","INVALID_OR_NULL_FOR_RESTRICTED_PICKLIST:Status: bad value for restricted picklist field: Cancelled:Status --","1pgVY000000011UYAQ","Cancelled"
"1pgVY000000011VYAQ","INVALID_OR_NULL_FOR_RESTRICTED_PICKLIST:Status: bad value for restricted picklist field: Cancelled:Status --","1pgVY000000011VYAQ","Cancelled"
"1pgVY000000011WYAQ","INVALID_OR_NULL_FOR_RESTRICTED_PICKLIST:Status: bad value for restricted picklist field: Cancelled:Status --","1pgVY000000011WYAQ","Cancelled"
"1pgVY000000011XYAQ","INVALID_OR_NULL_FOR_RESTRICTED_PICKLIST:Status: bad value for restricted picklist field: Cancelled:Status --","1pgVY000000011XYAQ","Cancelled"
"1pgVY000000011YYAQ","INVALID_OR_NULL_FOR_RESTRICTED_PICKLIST:Status: bad value for restricted picklist field: Cancelled:Status --","1pgVY000000011YYAQ","Cancelled"
"1pgVY000000011ZYAQ","INVALID_OR_NULL_FOR_RESTRICTED_PICKLIST:Status: bad value for restricted picklist field: Cancelled:Status --","1pgVY000000011ZYAQ","Cancelled"
"1pgVY000000011aYAA","INVALID_OR_NULL_FOR_RESTRICTED_PICKLIST:Status: bad value for restricted picklist field: Cancelled:Status --","1pgVY000000011aYAA","Cancelled"
"1pgVY000000011bYAA","INVALID_OR_NULL_FOR_RESTRICTED_PICKLIST:Status: bad value for restricted picklist field: Cancelled:Status --","1pgVY000000011bYAA","Cancelled"
"1pgVY000000011cYAA","INVALID_OR_NULL_FOR_RESTRICTED_PICKLIST:Status: bad value for restricted picklist field: Cancelled:Status --","1pgVY000000011cYAA","Cancelled"
"1pgVY000000011dYAA","INVALID_OR_NULL_FOR_RESTRICTED_PICKLIST:Status: bad value for restricted picklist field: Cancelled:Status --","1pgVY000000011dYAA","Cancelled"
"1pgVY000000011eYAA","INVALID_OR_NULL_FOR_RESTRICTED_PICKLIST:Status: bad value for restricted picklist field: Cancelled:Status --","1pgVY000000011eYAA","Cancelled"
"1pgVY000000011fYAA","INVALID_OR_NULL_FOR_RESTRICTED_PICKLIST:Status: bad value for restricted picklist field: Cancelled:Status --","1pgVY000000011fYAA","Cancelled"
"1pgVY000000011gYAA","INVALID_OR_NULL_FOR_RESTRICTED_PICKLIST:Status: bad value for restricted picklist field: Cancelled:Status --","1pgVY000000011gYAA","Cancelled"
"1pgVY000000011hYAA","INVALID_OR_NULL_FOR_RESTRICTED_PICKLIST:Status: bad value for restricted picklist field: Cancelled:Status --","1pgVY000000011hYAA","Cancelled"
"1pgVY000000011iYAA","INVALID_OR_NULL_FOR_RESTRICTED_PICKLIST:Status: bad value for restricted picklist field: Cancelled:Status --","1pgVY000000011iYAA","Cancelled"
"1pgVY000000011jYAA","INVALID_OR_NULL_FOR_RESTRICTED_PICKLIST:Status: bad value for restricted picklist field: Cancelled:Status --","1pgVY000000011jYAA","Cancelled"
"1pgVY000000011kYAA","INVALID_OR_NULL_FOR_RESTRICTED_PICKLIST:Status: bad value for restricted picklist field: Cancelled:Status --","1pgVY000000011kYAA","Cancelled"
"1pgVY000000011lYAA","INVALID_OR_NULL_FOR_RESTRICTED_PICKLIST:Status: bad value for restricted picklist field: Cancelled:Status --","1pgVY000000011lYAA","Cancelled"
"1pgVY000000011mYAA","INVALID_OR_NULL_FOR_RESTRICTED_PICKLIST:Status: bad value for restricted picklist field: Cancelled:Status --","1pgVY000000011mYAA","Cancelled"
"1pgVY000000011nYAA","INVALID_OR_NULL_FOR_RESTRICTED_PICKLIST:Status: bad value for restricted picklist field: Cancelled:Status --","1pgVY000000011nYAA","Cancelled"
"1pgVY000000011oYAA","INVALID_OR_NULL_FOR_RESTRICTED_PICKLIST:Status: bad value for restricted picklist field: Cancelled:Status --","1pgVY000000011oYAA","Cancelled"
"1pgVY000000011pYAA","INVALID_OR_NULL_FOR_RESTRICTED_PICKLIST:Status: bad value for restricted picklist field: Cancelled:Status --","1pgVY000000011pYAA","Cancelled"
"1pgVY000000011qYAA","INVALID_OR_NULL_FOR_RESTRICTED_PICKLIST:Status: bad value for restricted picklist field: Cancelled:Status --","1pgVY000000011qYAA","Cancelled"
"1pgVY000000011rYAA","INVALID_OR_NULL_FOR_RESTRICTED_PICKLIST:Status: bad value for restricted picklist field: Cancelled:Status --","1pgVY000000011rYAA","Cancelled"
"1pgVY000000011sYAA","INVALID_OR_NULL_FOR_RESTRICTED_PICKLIST:Status: bad value for restricted picklist field: Cancelled:Status --","1pgVY000000011sYAA","Cancelled"
"1pgVY000000011tYAA","INVALID_OR_NULL_FOR_RESTRICTED_PICKLIST:Status: bad value for restricted picklist field: Cancelled:Status --","1pgVY000000011tYAA","Cancelled"
"1pgVY000000011uYAA","INVALID_OR_NULL_FOR_RESTRICTED_PICKLIST:Status: bad value for restricted picklist field: Cancelled:Status --","1pgVY000000011uYAA","Cancelled"
"1pgVY000000011vYAA","INVALID_OR_NULL_FOR_RESTRICTED_PICKLIST:Status: bad value for restricted picklist field: Cancelled:Status --","1pgVY000000011vYAA","Cancelled"
"1pgVY000000011wYAA","INVALID_OR_NULL_FOR_RESTRICTED_PICKLIST:Status: bad value for restricted picklist field: Cancelled:Status --","1pgVY000000011wYAA","Cancelled"
"1pgVY000000011xYAA","INVALID_OR_NULL_FOR_RESTRICTED_PICKLIST:Status: bad value for restricted picklist field: Cancelled:Status --","1pgVY000000011xYAA","Cancelled"
"1pgVY000000011yYAA","INVALID_OR_NULL_FOR_RESTRICTED_PICKLIST:Status: bad value for restricted picklist field: Cancelled:Status --","1pgVY000000011yYAA","Cancelled"
"1pgVY000000011zYAA","INVALID_OR_NULL_FOR_RESTRICTED_PICKLIST:Status: bad value for restricted picklist field: Cancelled:Status --","1pgVY000000011zYAA","Cancelled"
"1pgVY0000000120YAA","INVALID_OR_NULL_FOR_RESTRICTED_PICKLIST:Status: bad value for restricted picklist field: Cancelled:Status --","1pgVY0000000120YAA","Cancelled"
"1pgVY0000000121YAA","INVALID_OR_NULL_FOR_RESTRICTED_PICKLIST:Status: bad value for restricted picklist field: Cancelled:Status --","1pgVY0000000121YAA","Cancelled"
"1pgVY0000000122YAA","INVALID_OR_NULL_FOR_RESTRICTED_PICKLIST:Status: bad value for restricted picklist field: Cancelled:Status --","1pgVY0000000122YAA","Cancelled"
"1pgVY0000000123YAA","INVALID_OR_NULL_FOR_RESTRICTED_PICKLIST:Status: bad value for restricted picklist field: Cancelled:Status --","1pgVY0000000123YAA","Cancelled"
"1pgVY0000000124YAA","INVALID_OR_NULL_FOR_RESTRICTED_PICKLIST:Status: bad value for restricted picklist field: Cancelled:Status --","1pgVY0000000124YAA","Cancelled"
"1pgVY0000000125YAA","INVALID_OR_NULL_FOR_RESTRICTED_PICKLIST:Status: bad value for restricted picklist field: Cancelled:Status --","1pgVY0000000125YAA","Cancelled"
"1pgVY0000000126YAA","INVALID_OR_NULL_FOR_RESTRICTED_PICKLIST:Status: bad value for restricted picklist field: Cancelled:Status --","1pgVY0000000126YAA","Cancelled"
"1pgVY0000000127YAA","INVALID_OR_NULL_FOR_RESTRICTED_PICKLIST:Status: bad value for restricted picklist field: Cancelled:Status --","1pgVY0000000127YAA","Cancelled"
"1pgVY0000000128YAA","INVALID_OR_NULL_FOR_RESTRICTED_PICKLIST:Status: bad value for restricted picklist field: Cancelled:Status --","1pgVY0000000128YAA","Cancelled"
"1pgVY0000000129YAA","INVALID_OR_NULL_FOR_RESTRICTED_PICKLIST:Status: bad value for restricted picklist field: Cancelled:Status --","1pgVY0000000129YAA","Cancelled"
"1pgVY000000012AYAQ","INVALID_OR_NULL_FOR_RESTRICTED_PICKLIST:Status: bad value for restricted picklist field: Cancelled:Status --","1pgVY000000012AYAQ","Cancelled"
"1pgVY000000012BYAQ","INVALID_OR_NULL_FOR_RESTRICTED_PICKLIST:Status: bad value for restricted picklist field: Cancelled:Status --","1pgVY000000012BYAQ","Cancelled"
"1pgVY000000012CYAQ","INVALID_OR_NULL_FOR_RESTRICTED_PICKLIST:Status: bad value for restricted picklist field: Cancelled:Status --","1pgVY000000012CYAQ","Cancelled"
"1pgVY000000012DYAQ","INVALID_OR_NULL_FOR_RESTRICTED_PICKLIST:Status: bad value for restricted picklist field: Cancelled:Status --","1pgVY000000012DYAQ","Cancelled"
"1pgVY000000012EYAQ","INVALID_OR_NULL_FOR_RESTRICTED_PICKLIST:Status: bad value for restricted picklist field: Cancelled:Status --","1pgVY000000012EYAQ","Cancelled"
"1pgVY000000012FYAQ","INVALID_OR_NULL_FOR_RESTRICTED_PICKLIST:Status: bad value for restricted picklist field: Cancelled:Status --","1pgVY000000012FYAQ","Cancelled"
"1pgVY000000012GYAQ","INVALID_OR_NULL_FOR_RESTRICTED_PICKLIST:Status: bad value for restricted picklist field: Cancelled:Status --","1pgVY000000012GYAQ","Cancelled"
"1pgVY000000012HYAQ","INVALID_OR_NULL_FOR_RESTRICTED_PICKLIST:Status: bad value for restricted picklist field: Cancelled:Status --","1pgVY000000012HYAQ","Cancelled"
"1pgVY000000012IYAQ","INVALID_OR_NULL_FOR_RESTRICTED_PICKLIST:Status: bad value for restricted picklist field: Cancelled:Status --","1pgVY000000012IYAQ","Cancelled"
"1pgVY000000012JYAQ","INVALID_OR_NULL_FOR_RESTRICTED_PICKLIST:Status: bad value for restricted picklist field: Cancelled:Status --","1pgVY000000012JYAQ","Cancelled"
"1pgVY000000012KYAQ","INVALID_OR_NULL_FOR_RESTRICTED_PICKLIST:Status: bad value for restricted picklist field: Cancelled:Status --","1pgVY000000012KYAQ","Cancelled"
"1pgVY000000012LYAQ","INVALID_OR_NULL_FOR_RESTRICTED_PICKLIST:Status: bad value for restricted picklist field: Cancelled:Status --","1pgVY000000012LYAQ","Cancelled"
"1pgVY000000012MYAQ","INVALID_OR_NULL_FOR_RESTRICTED_PICKLIST:Status: bad value for restricted picklist field: Cancelled:Status --","1pgVY000000012MYAQ","Cancelled"
"1pgVY000000012NYAQ","INVALID_OR_NULL_FOR_RESTRICTED_PICKLIST:Status: bad value for restricted picklist field: Cancelled:Status --","1pgVY000000012NYAQ","Cancelled"
"1pgVY000000012OYAQ","INVALID_OR_NULL_FOR_RESTRICTED_PICKLIST:Status: bad value for restricted picklist field: Cancelled:Status --","1pgVY000000012OYAQ","Cancelled"
"1pgVY000000012PYAQ","INVALID_OR_NULL_FOR_RESTRICTED_PICKLIST:Status: bad value for restricted picklist field: Cancelled:Status --","1pgVY000000012PYAQ","Cancelled"
"1pgVY000000012QYAQ","INVALID_OR_NULL_FOR_RESTRICTED_PICKLIST:Status: bad value for restricted picklist field: Cancelled:Status --","1pgVY000000012QYAQ","Cancelled"
"1pgVY000000012RYAQ","INVALID_OR_NULL_FOR_RESTRICTED_PICKLIST:Status: bad value for restricted picklist field: Cancelled:Status --","1pgVY000000012RYAQ","Cancelled"
"1pgVY000000012SYAQ","INVALID_OR_NULL_FOR_RESTRICTED_PICKLIST:Status: bad value for restricted picklist field: Cancelled:Status --","1pgVY000000012SYAQ","Cancelled"
"1pgVY000000012TYAQ","INVALID_OR_NULL_FOR_RESTRICTED_PICKLIST:Status: bad value for restricted picklist field: Cancelled:Status --","1pgVY000000012TYAQ","Cancelled"
"1pgVY000000012UYAQ","INVALID_OR_NULL_FOR_RESTRICTED_PICKLIST:Status: bad value for restricted picklist field: Cancelled:Status --","1pgVY000000012UYAQ","Cancelled"
"1pgVY000000012VYAQ","INVALID_OR_NULL_FOR_RESTRICTED_PICKLIST:Status: bad value for restricted picklist field: Cancelled:Status --","1pgVY000000012VYAQ","Cancelled"
"1pgVY000000012WYAQ","INVALID_OR_NULL_FOR_RESTRICTED_PICKLIST:Status: bad value for restricted picklist field: Cancelled:Status --","1pgVY000000012WYAQ","Cancelled"
"1pgVY000000012XYAQ","INVALID_OR_NULL_FOR_RESTRICTED_PICKLIST:Status: bad value for restricted picklist field: Cancelled:Status --","1pgVY000000012XYAQ","Cancelled"
"1pgVY000000012YYAQ","INVALID_OR_NULL_FOR_RESTRICTED_PICKLIST:Status: bad value for restricted picklist field: Cancelled:Status --","1pgVY000000012YYAQ","Cancelled"
"1pgVY000000012ZYAQ","INVALID_OR_NULL_FOR_RESTRICTED_PICKLIST:Status: bad value for restricted picklist field: Cancelled:Status --","1pgVY000000012ZYAQ","Cancelled"
"1pgVY000000012aYAA","INVALID_OR_NULL_FOR_RESTRICTED_PICKLIST:Status: bad value for restricted picklist field: Cancelled:Status --","1pgVY000000012aYAA","Cancelled"
"1pgVY000000012bYAA","INVALID_OR_NULL_FOR_RESTRICTED_PICKLIST:Status: bad value for restricted picklist field: Cancelled:Status --","1pgVY000000012bYAA","Cancelled"
"1pgVY000000012cYAA","INVALID_OR_NULL_FOR_RESTRICTED_PICKLIST:Status: bad value for restricted picklist field: Cancelled:Status --","1pgVY000000012cYAA","Cancelled"
"1pgVY000000012dYAA","INVALID_OR_NULL_FOR_RESTRICTED_PICKLIST:Status: bad value for restricted picklist field: Cancelled:Status --","1pgVY000000012dYAA","Cancelled"
"1pgVY000000012eYAA","INVALID_OR_NULL_FOR_RESTRICTED_PICKLIST:Status: bad value for restricted picklist field: Cancelled:Status --","1pgVY000000012eYAA","Cancelled"
"1pgVY000000012fYAA","INVALID_OR_NULL_FOR_RESTRICTED_PICKLIST:Status: bad value for restricted picklist field: Cancelled:Status --","1pgVY000000012fYAA","Cancelled"
"1pgVY000000012gYAA","INVALID_OR_NULL_FOR_RESTRICTED_PICKLIST:Status: bad value for restricted picklist field: Cancelled:Status --","1pgVY000000012gYAA","Cancelled"
"1pgVY000000012hYAA","INVALID_OR_NULL_FOR_RESTRICTED_PICKLIST:Status: bad value for restricted picklist field: Cancelled:Status --","1pgVY000000012hYAA","Cancelled"
"1pgVY000000012iYAA","INVALID_OR_NULL_FOR_RESTRICTED_PICKLIST:Status: bad value for restricted picklist field: Cancelled:Status --","1pgVY000000012iYAA","Cancelled"
"1pgVY000000012jYAA","INVALID_OR_NULL_FOR_RESTRICTED_PICKLIST:Status: bad value for restricted picklist field: Cancelled:Status --","1pgVY000000012jYAA","Cancelled"
"1pgVY000000012kYAA","INVALID_OR_NULL_FOR_RESTRICTED_PICKLIST:Status: bad value for restricted picklist field: Cancelled:Status --","1pgVY000000012kYAA","Cancelled"
"1pgVY000000012lYAA","INVALID_OR_NULL_FOR_RESTRICTED_PICKLIST:Status: bad value for restricted picklist field: Cancelled:Status --","1pgVY000000012lYAA","Cancelled"
"1pgVY000000012mYAA","INVALID_OR_NULL_FOR_RESTRICTED_PICKLIST:Status: bad value for restricted picklist field: Cancelled:Status --","1pgVY000000012mYAA","Cancelled"
"1pgVY000000012nYAA","INVALID_OR_NULL_FOR_RESTRICTED_PICKLIST:Status: bad value for restricted picklist field: Cancelled:Status --","1pgVY000000012nYAA","Cancelled"
"1pgVY000000012oYAA","INVALID_OR_NULL_FOR_RESTRICTED_PICKLIST:Status: bad value for restricted picklist field: Cancelled:Status --","1pgVY000000012oYAA","Cancelled"
"1pgVY000000012pYAA","INVALID_OR_NULL_FOR_RESTRICTED_PICKLIST:Status: bad value for restricted picklist field: Cancelled:Status --","1pgVY000000012pYAA","Cancelled"
"1pgVY000000012qYAA","INVALID_OR_NULL_FOR_RESTRICTED_PICKLIST:Status: bad value for restricted picklist field: Cancelled:Status --","1pgVY000000012qYAA","Cancelled"
"1pgVY000000012rYAA","INVALID_OR_NULL_FOR_RESTRICTED_PICKLIST:Status: bad value for restricted picklist field: Cancelled:Status --","1pgVY000000012rYAA","Cancelled"
"1pgVY000000012sYAA","INVALID_OR_NULL_FOR_RESTRICTED_PICKLIST:Status: bad value for restricted picklist field: Cancelled:Status --","1pgVY000000012sYAA","Cancelled"
"1pgVY000000012tYAA","INVALID_OR_NULL_FOR_RESTRICTED_PICKLIST:Status: bad value for restricted picklist field: Cancelled:Status --","1pgVY000000012tYAA","Cancelled"
"1pgVY000000012uYAA","INVALID_OR_NULL_FOR_RESTRICTED_PICKLIST:Status: bad value for restricted picklist field: Cancelled:Status --","1pgVY000000012uYAA","Cancelled"
"1pgVY000000012vYAA","INVALID_OR_NULL_FOR_RESTRICTED_PICKLIST:Status: bad value for restricted picklist field: Cancelled:Status --","1pgVY000000012vYAA","Cancelled"
"1pgVY000000012wYAA","INVALID_OR_NULL_FOR_RESTRICTED_PICKLIST:Status: bad value for restricted picklist field: Cancelled:Status --","1pgVY000000012wYAA","Cancelled"
"1pgVY000000012xYAA","INVALID_OR_NULL_FOR_RESTRICTED_PICKLIST:Status: bad value for restricted picklist field: Cancelled:Status --","1pgVY000000012xYAA","Cancelled"
"1pgVY000000012yYAA","INVALID_OR_NULL_FOR_RESTRICTED_PICKLIST:Status: bad value for restricted picklist field: Cancelled:Status --","1pgVY000000012yYAA","Cancelled"
"1pgVY000000012zYAA","INVALID_OR_NULL_FOR_RESTRICTED_PICKLIST:Status: bad value for restricted picklist field: Cancelled:Status --","1pgVY000000012zYAA","Cancelled"
"1pgVY0000000130YAA","INVALID_OR_NULL_FOR_RESTRICTED_PICKLIST:Status: bad value for restricted picklist field: Cancelled:Status --","1pgVY0000000130YAA","Cancelled"
"1pgVY0000000131YAA","INVALID_OR_NULL_FOR_RESTRICTED_PICKLIST:Status: bad value for restricted picklist field: Cancelled:Status --","1pgVY0000000131YAA","Cancelled"
"1pgVY0000000132YAA","INVALID_OR_NULL_FOR_RESTRICTED_PICKLIST:Status: bad value for restricted picklist field: Cancelled:Status --","1pgVY0000000132YAA","Cancelled"
"1pgVY0000000133YAA","INVALID_OR_NULL_FOR_RESTRICTED_PICKLIST:Status: bad value for restricted picklist field: Cancelled:Status --","1pgVY0000000133YAA","Cancelled"
"1pgVY0000000134YAA","INVALID_OR_NULL_FOR_RESTRICTED_PICKLIST:Status: bad value for restricted picklist field: Cancelled:Status --","1pgVY0000000134YAA","Cancelled"
"1pgVY0000000135YAA","INVALID_OR_NULL_FOR_RESTRICTED_PICKLIST:Status: bad value for restricted picklist field: Cancelled:Status --","1pgVY0000000135YAA","Cancelled"
"1pgVY0000000136YAA","INVALID_OR_NULL_FOR_RESTRICTED_PICKLIST:Status: bad value for restricted picklist field: Cancelled:Status --","1pgVY0000000136YAA","Cancelled"
"1pgVY0000000137YAA","INVALID_OR_NULL_FOR_RESTRICTED_PICKLIST:Status: bad value for restricted picklist field: Cancelled:Status --","1pgVY0000000137YAA","Cancelled"
"1pgVY0000000138YAA","INVALID_OR_NULL_FOR_RESTRICTED_PICKLIST:Status: bad value for restricted picklist field: Cancelled:Status --","1pgVY0000000138YAA","Cancelled"
"1pgVY0000000139YAA","INVALID_OR_NULL_FOR_RESTRICTED_PICKLIST:Status: bad value for restricted picklist field: Cancelled:Status --","1pgVY0000000139YAA","Cancelled"
"1pgVY000000013AYAQ","INVALID_OR_NULL_FOR_RESTRICTED_PICKLIST:Status: bad value for restricted picklist field: Cancelled:Status --","1pgVY000000013AYAQ","Cancelled"
"1pgVY000000013BYAQ","INVALID_OR_NULL_FOR_RESTRICTED_PICKLIST:Status: bad value for restricted picklist field: Cancelled:Status --","1pgVY000000013BYAQ","Cancelled"
"1pgVY000000013CYAQ","INVALID_OR_NULL_FOR_RESTRICTED_PICKLIST:Status: bad value for restricted picklist field: Cancelled:Status --","1pgVY000000013CYAQ","Cancelled"
"1pgVY000000013DYAQ","INVALID_OR_NULL_FOR_RESTRICTED_PICKLIST:Status: bad value for restricted picklist field: Cancelled:Status --","1pgVY000000013DYAQ","Cancelled"
"1pgVY000000013EYAQ","INVALID_OR_NULL_FOR_RESTRICTED_PICKLIST:Status: bad value for restricted picklist field: Cancelled:Status --","1pgVY000000013EYAQ","Cancelled"
"1pgVY000000013FYAQ","INVALID_OR_NULL_FOR_RESTRICTED_PICKLIST:Status: bad value for restricted picklist field: Cancelled:Status --","1pgVY000000013FYAQ","Cancelled"
"1pgVY000000013GYAQ","INVALID_OR_NULL_FOR_RESTRICTED_PICKLIST:Status: bad value for restricted picklist field: Cancelled:Status --","1pgVY000000013GYAQ","Cancelled"
"1pgVY000000013HYAQ","INVALID_OR_NULL_FOR_RESTRICTED_PICKLIST:Status: bad value for restricted picklist field: Cancelled:Status --","1pgVY000000013HYAQ","Cancelled"
"1pgVY000000013IYAQ","INVALID_OR_NULL_FOR_RESTRICTED_PICKLIST:Status: bad value for restricted picklist field: Cancelled:Status --","1pgVY000000013IYAQ","Cancelled"
"1pgVY000000013JYAQ","INVALID_OR_NULL_FOR_RESTRICTED_PICKLIST:Status: bad value for restricted picklist field: Cancelled:Status --","1pgVY000000013JYAQ","Cancelled"
"1pgVY000000013KYAQ","INVALID_OR_NULL_FOR_RESTRICTED_PICKLIST:Status: bad value for restricted picklist field: Cancelled:Status --","1pgVY000000013KYAQ","Cancelled"
"1pgVY000000013LYAQ","INVALID_OR_NULL_FOR_RESTRICTED_PICKLIST:Status: bad value for restricted picklist field: Cancelled:Status --","1pgVY000000013LYAQ","Cancelled"
"1pgVY000000013MYAQ","INVALID_OR_NULL_FOR_RESTRICTED_PICKLIST:Status: bad value for restricted picklist field: Cancelled:Status --","1pgVY000000013MYAQ","Cancelled"
"1pgVY000000013NYAQ","INVALID_OR_NULL_FOR_RESTRICTED_PICKLIST:Status: bad value for restricted picklist field: Cancelled:Status --","1pgVY000000013NYAQ","Cancelled"
"1pgVY000000013OYAQ","INVALID_OR_NULL_FOR_RESTRICTED_PICKLIST:Status: bad value for restricted picklist field: Cancelled:Status --","1pgVY000000013OYAQ","Cancelled"
"1pgVY000000013PYAQ","INVALID_OR_NULL_FOR_RESTRICTED_PICKLIST:Status: bad value for restricted picklist field: Cancelled:Status --","1pgVY000000013PYAQ","Cancelled"
"1pgVY000000013QYAQ","INVALID_OR_NULL_FOR_RESTRICTED_PICKLIST:Status: bad value for restricted picklist field: Cancelled:Status --","1pgVY000000013QYAQ","Cancelled"
"1pgVY000000013RYAQ","INVALID_OR_NULL_FOR_RESTRICTED_PICKLIST:Status: bad value for restricted picklist field: Cancelled:Status --","1pgVY000000013RYAQ","Cancelled"
"1pgVY000000013SYAQ","INVALID_OR_NULL_FOR_RESTRICTED_PICKLIST:Status: bad value for restricted picklist field: Cancelled:Status --","1pgVY000000013SYAQ","Cancelled"
"1pgVY000000013TYAQ","INVALID_OR_NULL_FOR_RESTRICTED_PICKLIST:Status: bad value for restricted picklist field: Cancelled:Status --","1pgVY000000013TYAQ","Cancelled"
"1pgVY000000013UYAQ","INVALID_OR_NULL_FOR_RESTRICTED_PICKLIST:Status: bad value for restricted picklist field: Cancelled:Status --","1pgVY000000013UYAQ","Cancelled"
"1pgVY000000013VYAQ","INVALID_OR_NULL_FOR_RESTRICTED_PICKLIST:Status: bad value for restricted picklist field: Cancelled:Status --","1pgVY000000013VYAQ","Cancelled"
"1pgVY000000013WYAQ","INVALID_OR_NULL_FOR_RESTRICTED_PICKLIST:Status: bad value for restricted picklist field: Cancelled:Status --","1pgVY000000013WYAQ","Cancelled"
"1pgVY000000013XYAQ","INVALID_OR_NULL_FOR_RESTRICTED_PICKLIST:Status: bad value for restricted picklist field: Cancelled:Status --","1pgVY000000013XYAQ","Cancelled"
"1pgVY000000013YYAQ","INVALID_OR_NULL_FOR_RESTRICTED_PICKLIST:Status: bad value for restricted picklist field: Cancelled:Status --","1pgVY000000013YYAQ","Cancelled"
"1pgVY000000013ZYAQ","INVALID_OR_NULL_FOR_RESTRICTED_PICKLIST:Status: bad value for restricted picklist field: Cancelled:Status --","1pgVY000000013ZYAQ","Cancelled"
"1pgVY000000013aYAA","INVALID_OR_NULL_FOR_RESTRICTED_PICKLIST:Status: bad value for restricted picklist field: Cancelled:Status --","1pgVY000000013aYAA","Cancelled"
"1pgVY000000013bYAA","INVALID_OR_NULL_FOR_RESTRICTED_PICKLIST:Status: bad value for restricted picklist field: Cancelled:Status --","1pgVY000000013bYAA","Cancelled"
"1pgVY000000013cYAA","INVALID_OR_NULL_FOR_RESTRICTED_PICKLIST:Status: bad value for restricted picklist field: Cancelled:Status --","1pgVY000000013cYAA","Cancelled"
"1pgVY000000013dYAA","INVALID_OR_NULL_FOR_RESTRICTED_PICKLIST:Status: bad value for restricted picklist field: Cancelled:Status --","1pgVY000000013dYAA","Cancelled"
"1pgVY000000013eYAA","INVALID_OR_NULL_FOR_RESTRICTED_PICKLIST:Status: bad value for restricted picklist field: Cancelled:Status --","1pgVY000000013eYAA","Cancelled"
"1pgVY000000013fYAA","INVALID_OR_NULL_FOR_RESTRICTED_PICKLIST:Status: bad value for restricted picklist field: Cancelled:Status --","1pgVY000000013fYAA","Cancelled"
"1pgVY000000013gYAA","INVALID_OR_NULL_FOR_RESTRICTED_PICKLIST:Status: bad value for restricted picklist field: Cancelled:Status --","1pgVY000000013gYAA","Cancelled"
"1pgVY000000013hYAA","INVALID_OR_NULL_FOR_RESTRICTED_PICKLIST:Status: bad value for restricted picklist field: Cancelled:Status --","1pgVY000000013hYAA","Cancelled"
"1pgVY000000013iYAA","INVALID_OR_NULL_FOR_RESTRICTED_PICKLIST:Status: bad value for restricted picklist field: Cancelled:Status --","1pgVY000000013iYAA","Cancelled"
"1pgVY000000013jYAA","INVALID_OR_NULL_FOR_RESTRICTED_PICKLIST:Status: bad value for restricted picklist field: Cancelled:Status --","1pgVY000000013jYAA","Cancelled"
"1pgVY000000013kYAA","INVALID_OR_NULL_FOR_RESTRICTED_PICKLIST:Status: bad value for restricted picklist field: Cancelled:Status --","1pgVY000000013kYAA","Cancelled"
"1pgVY000000013lYAA","INVALID_OR_NULL_FOR_RESTRICTED_PICKLIST:Status: bad value for restricted picklist field: Cancelled:Status --","1pgVY000000013lYAA","Cancelled"
"1pgVY000000013mYAA","INVALID_OR_NULL_FOR_RESTRICTED_PICKLIST:Status: bad value for restricted picklist field: Cancelled:Status --","1pgVY000000013mYAA","Cancelled"
"1pgVY000000013nYAA","INVALID_OR_NULL_FOR_RESTRICTED_PICKLIST:Status: bad value for restricted picklist field: Cancelled:Status --","1pgVY000000013nYAA","Cancelled"
"1pgVY000000013oYAA","INVALID_OR_NULL_FOR_RESTRICTED_PICKLIST:Status: bad value for restricted picklist field: Cancelled:Status --","1pgVY000000013oYAA","Cancelled"
"1pgVY000000013pYAA","INVALID_OR_NULL_FOR_RESTRICTED_PICKLIST:Status: bad value for restricted picklist field: Cancelled:Status --","1pgVY000000013pYAA","Cancelled"
"1pgVY000000013qYAA","INVALID_OR_NULL_FOR_RESTRICTED_PICKLIST:Status: bad value for restricted picklist field: Cancelled:Status --","1pgVY000000013qYAA","Cancelled"
"1pgVY000000013rYAA","INVALID_OR_NULL_FOR_RESTRICTED_PICKLIST:Status: bad value for restricted picklist field: Cancelled:Status --","1pgVY000000013rYAA","Cancelled"
"1pgVY000000013sYAA","INVALID_OR_NULL_FOR_RESTRICTED_PICKLIST:Status: bad value for restricted picklist field: Cancelled:Status --","1pgVY000000013sYAA","Cancelled"
"1pgVY000000013tYAA","INVALID_OR_NULL_FOR_RESTRICTED_PICKLIST:Status: bad value for restricted picklist field: Cancelled:Status --","1pgVY000000013tYAA","Cancelled"
"1pgVY000000013uYAA","INVALID_OR_NULL_FOR_RESTRICTED_PICKLIST:Status: bad value for restricted picklist field: Cancelled:Status --","1pgVY000000013uYAA","Cancelled"
"1pgVY000000013vYAA","INVALID_OR_NULL_FOR_RESTRICTED_PICKLIST:Status: bad value for restricted picklist field: Cancelled:Status --","1pgVY000000013vYAA","Cancelled"
"1pgVY000000013wYAA","INVALID_OR_NULL_FOR_RESTRICTED_PICKLIST:Status: bad value for restricted picklist field: Cancelled:Status --","1pgVY000000013wYAA","Cancelled"
"1pgVY000000013xYAA","INVALID_OR_NULL_FOR_RESTRICTED_PICKLIST:Status: bad value for restricted picklist field: Cancelled:Status --","1pgVY000000013xYAA","Cancelled"
"1pgVY000000013yYAA","INVALID_OR_NULL_FOR_RESTRICTED_PICKLIST:Status: bad value for restricted picklist field: Cancelled:Status --","1pgVY000000013yYAA","Cancelled"
"1pgVY000000013zYAA","INVALID_OR_NULL_FOR_RESTRICTED_PICKLIST:Status: bad value for restricted picklist field: Cancelled:Status --","1pgVY000000013zYAA","Cancelled"
"1pgVY0000000140YAA","INVALID_OR_NULL_FOR_RESTRICTED_PICKLIST:Status: bad value for restricted picklist field: Cancelled:Status --","1pgVY0000000140YAA","Cancelled"
"1pgVY0000000141YAA","INVALID_OR_NULL_FOR_RESTRICTED_PICKLIST:Status: bad value for restricted picklist field: Cancelled:Status --","1pgVY0000000141YAA","Cancelled"
"1pgVY0000000142YAA","INVALID_OR_NULL_FOR_RESTRICTED_PICKLIST:Status: bad value for restricted picklist field: Cancelled:Status --","1pgVY0000000142YAA","Cancelled"
"1pgVY0000000143YAA","INVALID_OR_NULL_FOR_RESTRICTED_PICKLIST:Status: bad value for restricted picklist field: Cancelled:Status --","1pgVY0000000143YAA","Cancelled"
"1pgVY0000000144YAA","INVALID_OR_NULL_FOR_RESTRICTED_PICKLIST:Status: bad value for restricted picklist field: Cancelled:Status --","1pgVY0000000144YAA","Cancelled"
"1pgVY0000000145YAA","INVALID_OR_NULL_FOR_RESTRICTED_PICKLIST:Status: bad value for restricted picklist field: Cancelled:Status --","1pgVY0000000145YAA","Cancelled"
"1pgVY0000000146YAA","INVALID_OR_NULL_FOR_RESTRICTED_PICKLIST:Status: bad value for restricted picklist field: Cancelled:Status --","1pgVY0000000146YAA","Cancelled"
"1pgVY0000000147YAA","INVALID_OR_NULL_FOR_RESTRICTED_PICKLIST:Status: bad value for restricted picklist field: Cancelled:Status --","1pgVY0000000147YAA","Cancelled"
"1pgVY0000000148YAA","INVALID_OR_NULL_FOR_RESTRICTED_PICKLIST:Status: bad value for restricted picklist field: Cancelled:Status --","1pgVY0000000148YAA","Cancelled"
"1pgVY0000000149YAA","INVALID_OR_NULL_FOR_RESTRICTED_PICKLIST:Status: bad value for restricted picklist field: Cancelled:Status --","1pgVY0000000149YAA","Cancelled"
"1pgVY000000014AYAQ","INVALID_OR_NULL_FOR_RESTRICTED_PICKLIST:Status: bad value for restricted picklist field: Cancelled:Status --","1pgVY000000014AYAQ","Cancelled"
"1pgVY000000014BYAQ","INVALID_OR_NULL_FOR_RESTRICTED_PICKLIST:Status: bad value for restricted picklist field: Cancelled:Status --","1pgVY000000014BYAQ","Cancelled"
"1pgVY000000014CYAQ","INVALID_OR_NULL_FOR_RESTRICTED_PICKLIST:Status: bad value for restricted picklist field: Cancelled:Status --","1pgVY000000014CYAQ","Cancelled"
"1pgVY000000014DYAQ","INVALID_OR_NULL_FOR_RESTRICTED_PICKLIST:Status: bad value for restricted picklist field: Cancelled:Status --","1pgVY000000014DYAQ","Cancelled"
"1pgVY000000014EYAQ","INVALID_OR_NULL_FOR_RESTRICTED_PICKLIST:Status: bad value for restricted picklist field: Cancelled:Status --","1pgVY000000014EYAQ","Cancelled"
"1pgVY000000014FYAQ","INVALID_OR_NULL_FOR_RESTRICTED_PICKLIST:Status: bad value for restricted picklist field: Cancelled:Status --","1pgVY000000014FYAQ","Cancelled"
"1pgVY000000014GYAQ","INVALID_OR_NULL_FOR_RESTRICTED_PICKLIST:Status: bad value for restricted picklist field: Cancelled:Status --","1pgVY000000014GYAQ","Cancelled"
"1pgVY000000014HYAQ","INVALID_OR_NULL_FOR_RESTRICTED_PICKLIST:Status: bad value for restricted picklist field: Cancelled:Status --","1pgVY000000014HYAQ","Cancelled"
"1pgVY000000014IYAQ","INVALID_OR_NULL_FOR_RESTRICTED_PICKLIST:Status: bad value for restricted picklist field: Cancelled:Status --","1pgVY000000014IYAQ","Cancelled"
"1pgVY000000014JYAQ","INVALID_OR_NULL_FOR_RESTRICTED_PICKLIST:Status: bad value for restricted picklist field: Cancelled:Status --","1pgVY000000014JYAQ","Cancelled"
"1pgVY000000014KYAQ","INVALID_OR_NULL_FOR_RESTRICTED_PICKLIST:Status: bad value for restricted picklist field: Cancelled:Status --","1pgVY000000014KYAQ","Cancelled"
"1pgVY000000014LYAQ","INVALID_OR_NULL_FOR_RESTRICTED_PICKLIST:Status: bad value for restricted picklist field: Cancelled:Status --","1pgVY000000014LYAQ","Cancelled"
"1pgVY000000014MYAQ","INVALID_OR_NULL_FOR_RESTRICTED_PICKLIST:Status: bad value for restricted picklist field: Cancelled:Status --","1pgVY000000014MYAQ","Cancelled"
"1pgVY000000014NYAQ","INVALID_OR_NULL_FOR_RESTRICTED_PICKLIST:Status: bad value for restricted picklist field: Cancelled:Status --","1pgVY000000014NYAQ","Cancelled"
"1pgVY000000014OYAQ","INVALID_OR_NULL_FOR_RESTRICTED_PICKLIST:Status: bad value for restricted picklist field: Cancelled:Status --","1pgVY000000014OYAQ","Cancelled"
"1pgVY000000014PYAQ","INVALID_OR_NULL_FOR_RESTRICTED_PICKLIST:Status: bad value for restricted picklist field: Cancelled:Status --","1pgVY000000014PYAQ","Cancelled"
"1pgVY000000014QYAQ","INVALID_OR_NULL_FOR_RESTRICTED_PICKLIST:Status: bad value for restricted picklist field: Cancelled:Status --","1pgVY000000014QYAQ","Cancelled"
"1pgVY000000014RYAQ","INVALID_OR_NULL_FOR_RESTRICTED_PICKLIST:Status: bad value for restricted picklist field: Cancelled:Status --","1pgVY000000014RYAQ","Cancelled"
"1pgVY000000014SYAQ","INVALID_OR_NULL_FOR_RESTRICTED_PICKLIST:Status: bad value for restricted picklist field: Cancelled:Status --","1pgVY000000014SYAQ","Cancelled"
"1pgVY000000014TYAQ","INVALID_OR_NULL_FOR_RESTRICTED_PICKLIST:Status: bad value for restricted picklist field: Cancelled:Status --","1pgVY000000014TYAQ","Cancelled"
"1pgVY000000014UYAQ","INVALID_OR_NULL_FOR_RESTRICTED_PICKLIST:Status: bad value for restricted picklist field: Cancelled:Status --","1pgVY000000014UYAQ","Cancelled"
"1pgVY000000014VYAQ","INVALID_OR_NULL_FOR_RESTRICTED_PICKLIST:Status: bad value for restricted picklist field: Cancelled:Status --","1pgVY000000014VYAQ","Cancelled"
"1pgVY000000014WYAQ","INVALID_OR_NULL_FOR_RESTRICTED_PICKLIST:Status: bad value for restricted picklist field: Cancelled:Status --","1pgVY000000014WYAQ","Cancelled"
"1pgVY000000014XYAQ","INVALID_OR_NULL_FOR_RESTRICTED_PICKLIST:Status: bad value for restricted picklist field: Cancelled:Status --","1pgVY000000014XYAQ","Cancelled"
"1pgVY000000014YYAQ","INVALID_OR_NULL_FOR_RESTRICTED_PICKLIST:Status: bad value for restricted picklist field: Cancelled:Status --","1pgVY000000014YYAQ","Cancelled"
"1pgVY000000014ZYAQ","INVALID_OR_NULL_FOR_RESTRICTED_PICKLIST:Status: bad value for restricted picklist field: Cancelled:Status --","1pgVY000000014ZYAQ","Cancelled"
"1pgVY000000014bYAA","INVALID_OR_NULL_FOR_RESTRICTED_PICKLIST:Status: bad value for restricted picklist field: Cancelled:Status --","1pgVY000000014bYAA","Cancelled"
"1pgVY000000014cYAA","INVALID_OR_NULL_FOR_RESTRICTED_PICKLIST:Status: bad value for restricted picklist field: Cancelled:Status --","1pgVY000000014cYAA","Cancelled"
"1pgVY000000014dYAA","INVALID_OR_NULL_FOR_RESTRICTED_PICKLIST:Status: bad value for restricted picklist field: Cancelled:Status --","1pgVY000000014dYAA","Cancelled"
"1pgVY000000014eYAA","INVALID_OR_NULL_FOR_RESTRICTED_PICKLIST:Status: bad value for restricted picklist field: Cancelled:Status --","1pgVY000000014eYAA","Cancelled"
"1pgVY000000014fYAA","INVALID_OR_NULL_FOR_RESTRICTED_PICKLIST:Status: bad value for restricted picklist field: Cancelled:Status --","1pgVY000000014fYAA","Cancelled"
"1pgVY000000014gYAA","INVALID_OR_NULL_FOR_RESTRICTED_PICKLIST:Status: bad value for restricted picklist field: Cancelled:Status --","1pgVY000000014gYAA","Cancelled"
"1pgVY000000014hYAA","INVALID_OR_NULL_FOR_RESTRICTED_PICKLIST:Status: bad value for restricted picklist field: Cancelled:Status --","1pgVY000000014hYAA","Cancelled"
"1pgVY000000014iYAA","INVALID_OR_NULL_FOR_RESTRICTED_PICKLIST:Status: bad value for restricted picklist field: Cancelled:Status --","1pgVY000000014iYAA","Cancelled"
"1pgVY000000014jYAA","INVALID_OR_NULL_FOR_RESTRICTED_PICKLIST:Status: bad value for restricted picklist field: Cancelled:Status --","1pgVY000000014jYAA","Cancelled"
"1pgVY000000014kYAA","INVALID_OR_NULL_FOR_RESTRICTED_PICKLIST:Status: bad value for restricted picklist field: Cancelled:Status --","1pgVY000000014kYAA","Cancelled"
"1pgVY000000014lYAA","INVALID_OR_NULL_FOR_RESTRICTED_PICKLIST:Status: bad value for restricted picklist field: Cancelled:Status --","1pgVY000000014lYAA","Cancelled"
"1pgVY000000014mYAA","INVALID_OR_NULL_FOR_RESTRICTED_PICKLIST:Status: bad value for restricted picklist field: Cancelled:Status --","1pgVY000000014mYAA","Cancelled"
"1pgVY000000014nYAA","INVALID_OR_NULL_FOR_RESTRICTED_PICKLIST:Status: bad value for restricted picklist field: Cancelled:Status --","1pgVY000000014nYAA","Cancelled"
"1pgVY000000014oYAA","INVALID_OR_NULL_FOR_RESTRICTED_PICKLIST:Status: bad value for restricted picklist field: Cancelled:Status --","1pgVY000000014oYAA","Cancelled"
"1pgVY000000014pYAA","INVALID_OR_NULL_FOR_RESTRICTED_PICKLIST:Status: bad value for restricted picklist field: Cancelled:Status --","1pgVY000000014pYAA","Cancelled"
"1pgVY000000014qYAA","INVALID_OR_NULL_FOR_RESTRICTED_PICKLIST:Status: bad value for restricted picklist field: Cancelled:Status --","1pgVY000000014qYAA","Cancelled"
"1pgVY000000014rYAA","INVALID_OR_NULL_FOR_RESTRICTED_PICKLIST:Status: bad value for restricted picklist field: Cancelled:Status --","1pgVY000000014rYAA","Cancelled"
"1pgVY000000014sYAA","INVALID_OR_NULL_FOR_RESTRICTED_PICKLIST:Status: bad value for restricted picklist field: Cancelled:Status --","1pgVY000000014sYAA","Cancelled"
"1pgVY000000014tYAA","INVALID_OR_NULL_FOR_RESTRICTED_PICKLIST:Status: bad value for restricted picklist field: Cancelled:Status --","1pgVY000000014tYAA","Cancelled"
"1pgVY000000014uYAA","INVALID_OR_NULL_FOR_RESTRICTED_PICKLIST:Status: bad value for restricted picklist field: Cancelled:Status --","1pgVY000000014uYAA","Cancelled"
"1pgVY000000014vYAA","INVALID_OR_NULL_FOR_RESTRICTED_PICKLIST:Status: bad value for restricted picklist field: Cancelled:Status --","1pgVY000000014vYAA","Cancelled"
"1pgVY000000014wYAA","INVALID_OR_NULL_FOR_RESTRICTED_PICKLIST:Status: bad value for restricted picklist field: Cancelled:Status --","1pgVY000000014wYAA","Cancelled"
"1pgVY000000014xYAA","INVALID_OR_NULL_FOR_RESTRICTED_PICKLIST:Status: bad value for restricted picklist field: Cancelled:Status --","1pgVY000000014xYAA","Cancelled"
"1pgVY000000014yYAA","INVALID_OR_NULL_FOR_RESTRICTED_PICKLIST:Status: bad value for restricted picklist field: Cancelled:Status --","1pgVY000000014yYAA","Cancelled"
"1pgVY000000014zYAA","INVALID_OR_NULL_FOR_RESTRICTED_PICKLIST:Status: bad value for restricted picklist field: Cancelled:Status --","1pgVY000000014zYAA","Cancelled"
"1pgVY0000000150YAA","INVALID_OR_NULL_FOR_RESTRICTED_PICKLIST:Status: bad value for restricted picklist field: Cancelled:Status --","1pgVY0000000150YAA","Cancelled"
"1pgVY0000000151YAA","INVALID_OR_NULL_FOR_RESTRICTED_PICKLIST:Status: bad value for restricted picklist field: Cancelled:Status --","1pgVY0000000151YAA","Cancelled"
"1pgVY0000000152YAA","INVALID_OR_NULL_FOR_RESTRICTED_PICKLIST:Status: bad value for restricted picklist field: Cancelled:Status --","1pgVY0000000152YAA","Cancelled"
"1pgVY0000000153YAA","INVALID_OR_NULL_FOR_RESTRICTED_PICKLIST:Status: bad value for restricted picklist field: Cancelled:Status --","1pgVY0000000153YAA","Cancelled"
"1pgVY0000000154YAA","INVALID_OR_NULL_FOR_RESTRICTED_PICKLIST:Status: bad value for restricted picklist field: Cancelled:Status --","1pgVY0000000154YAA","Cancelled"
"1pgVY0000000155YAA","INVALID_OR_NULL_FOR_RESTRICTED_PICKLIST:Status: bad value for restricted picklist field: Cancelled:Status --","1pgVY0000000155YAA","Cancelled"
"1pgVY0000000156YAA","INVALID_OR_NULL_FOR_RESTRICTED_PICKLIST:Status: bad value for restricted picklist field: Cancelled:Status --","1pgVY0000000156YAA","Cancelled"
"1pgVY0000000157YAA","INVALID_OR_NULL_FOR_RESTRICTED_PICKLIST:Status: bad value for restricted picklist field: Cancelled:Status --","1pgVY0000000157YAA","Cancelled"
"1pgVY0000000158YAA","INVALID_OR_NULL_FOR_RESTRICTED_PICKLIST:Status: bad value for restricted picklist field: Cancelled:Status --","1pgVY0000000158YAA","Cancelled"
"1pgVY0000000159YAA","INVALID_OR_NULL_FOR_RESTRICTED_PICKLIST:Status: bad value for restricted picklist field: Cancelled:Status --","1pgVY0000000159YAA","Cancelled"
"1pgVY000000015AYAQ","INVALID_OR_NULL_FOR_RESTRICTED_PICKLIST:Status: bad value for restricted picklist field: Cancelled:Status --","1pgVY000000015AYAQ","Cancelled"
"1pgVY000000015BYAQ","INVALID_OR_NULL_FOR_RESTRICTED_PICKLIST:Status: bad value for restricted picklist field: Cancelled:Status --","1pgVY000000015BYAQ","Cancelled"
"1pgVY000000015CYAQ","INVALID_OR_NULL_FOR_RESTRICTED_PICKLIST:Status: bad value for restricted picklist field: Cancelled:Status --","1pgVY000000015CYAQ","Cancelled"
"1pgVY000000015DYAQ","INVALID_OR_NULL_FOR_RESTRICTED_PICKLIST:Status: bad value for restricted picklist field: Cancelled:Status --","1pgVY000000015DYAQ","Cancelled"
"1pgVY000000015EYAQ","INVALID_OR_NULL_FOR_RESTRICTED_PICKLIST:Status: bad value for restricted picklist field: Cancelled:Status --","1pgVY000000015EYAQ","Cancelled"
"1pgVY000000015FYAQ","INVALID_OR_NULL_FOR_RESTRICTED_PICKLIST:Status: bad value for restricted picklist field: Cancelled:Status --","1pgVY000000015FYAQ","Cancelled"
"1pgVY000000015GYAQ","INVALID_OR_NULL_FOR_RESTRICTED_PICKLIST:Status: bad value for restricted picklist field: Cancelled:Status --","1pgVY000000015GYAQ","Cancelled"
"1pgVY000000015HYAQ","INVALID_OR_NULL_FOR_RESTRICTED_PICKLIST:Status: bad value for restricted picklist field: Cancelled:Status --","1pgVY000000015HYAQ","Cancelled"
"1pgVY000000015IYAQ","INVALID_OR_NULL_FOR_RESTRICTED_PICKLIST:Status: bad value for restricted picklist field: Cancelled:Status --","1pgVY000000015IYAQ","Cancelled"
"1pgVY000000015JYAQ","INVALID_OR_NULL_FOR_RESTRICTED_PICKLIST:Status: bad value for restricted picklist field: Cancelled:Status --","1pgVY000000015JYAQ","Cancelled"
"1pgVY000000015KYAQ","INVALID_OR_NULL_FOR_RESTRICTED_PICKLIST:Status: bad value for restricted picklist field: Cancelled:Status --","1pgVY000000015KYAQ","Cancelled"
"1pgVY000000015LYAQ","INVALID_OR_NULL_FOR_RESTRICTED_PICKLIST:Status: bad value for restricted picklist field: Cancelled:Status --","1pgVY000000015LYAQ","Cancelled"
"1pgVY000000015MYAQ","INVALID_OR_NULL_FOR_RESTRICTED_PICKLIST:Status: bad value for restricted picklist field: Cancelled:Status --","1pgVY000000015MYAQ","Cancelled"
"1pgVY000000015NYAQ","INVALID_OR_NULL_FOR_RESTRICTED_PICKLIST:Status: bad value for restricted picklist field: Cancelled:Status --","1pgVY000000015NYAQ","Cancelled"
"1pgVY000000015OYAQ","INVALID_OR_NULL_FOR_RESTRICTED_PICKLIST:Status: bad value for restricted picklist field: Cancelled:Status --","1pgVY000000015OYAQ","Cancelled"
"1pgVY000000015PYAQ","INVALID_OR_NULL_FOR_RESTRICTED_PICKLIST:Status: bad value for restricted picklist field: Cancelled:Status --","1pgVY000000015PYAQ","Cancelled"
"1pgVY000000015QYAQ","INVALID_OR_NULL_FOR_RESTRICTED_PICKLIST:Status: bad value for restricted picklist field: Cancelled:Status --","1pgVY000000015QYAQ","Cancelled"
"1pgVY000000015RYAQ","INVALID_OR_NULL_FOR_RESTRICTED_PICKLIST:Status: bad value for restricted picklist field: Cancelled:Status --","1pgVY000000015RYAQ","Cancelled"
"1pgVY000000015SYAQ","INVALID_OR_NULL_FOR_RESTRICTED_PICKLIST:Status: bad value for restricted picklist field: Cancelled:Status --","1pgVY000000015SYAQ","Cancelled"
"1pgVY000000015TYAQ","INVALID_OR_NULL_FOR_RESTRICTED_PICKLIST:Status: bad value for restricted picklist field: Cancelled:Status --","1pgVY000000015TYAQ","Cancelled"
"1pgVY000000015UYAQ","INVALID_OR_NULL_FOR_RESTRICTED_PICKLIST:Status: bad value for restricted picklist field: Cancelled:Status --","1pgVY000000015UYAQ","Cancelled"
"1pgVY000000015VYAQ","INVALID_OR_NULL_FOR_RESTRICTED_PICKLIST:Status: bad value for restricted picklist field: Cancelled:Status --","1pgVY000000015VYAQ","Cancelled"
"1pgVY000000015WYAQ","INVALID_OR_NULL_FOR_RESTRICTED_PICKLIST:Status: bad value for restricted picklist field: Cancelled:Status --","1pgVY000000015WYAQ","Cancelled"
"1pgVY000000015XYAQ","INVALID_OR_NULL_FOR_RESTRICTED_PICKLIST:Status: bad value for restricted picklist field: Cancelled:Status --","1pgVY000000015XYAQ","Cancelled"
"1pgVY000000015YYAQ","INVALID_OR_NULL_FOR_RESTRICTED_PICKLIST:Status: bad value for restricted picklist field: Cancelled:Status --","1pgVY000000015YYAQ","Cancelled"
"1pgVY000000015ZYAQ","INVALID_OR_NULL_FOR_RESTRICTED_PICKLIST:Status: bad value for restricted picklist field: Cancelled:Status --","1pgVY000000015ZYAQ","Cancelled"
"1pgVY000000015aYAA","INVALID_OR_NULL_FOR_RESTRICTED_PICKLIST:Status: bad value for restricted picklist field: Cancelled:Status --","1pgVY000000015aYAA","Cancelled"
"1pgVY000000015bYAA","INVALID_OR_NULL_FOR_RESTRICTED_PICKLIST:Status: bad value for restricted picklist field: Cancelled:Status --","1pgVY000000015bYAA","Cancelled"
"1pgVY000000015cYAA","INVALID_OR_NULL_FOR_RESTRICTED_PICKLIST:Status: bad value for restricted picklist field: Cancelled:Status --","1pgVY000000015cYAA","Cancelled"
"1pgVY000000015lYAA","INVALID_OR_NULL_FOR_RESTRICTED_PICKLIST:Status: bad value for restricted picklist field: Cancelled:Status --","1pgVY000000015lYAA","Cancelled"
"1pgVY000000015mYAA","INVALID_OR_NULL_FOR_RESTRICTED_PICKLIST:Status: bad value for restricted picklist field: Cancelled:Status --","1pgVY000000015mYAA","Cancelled"
"1pgVY000000015nYAA","INVALID_OR_NULL_FOR_RESTRICTED_PICKLIST:Status: bad value for restricted picklist field: Cancelled:Status --","1pgVY000000015nYAA","Cancelled"
"1pgVY000000015oYAA","INVALID_OR_NULL_FOR_RESTRICTED_PICKLIST:Status: bad value for restricted picklist field: Cancelled:Status --","1pgVY000000015oYAA","Cancelled"
"1pgVY000000015pYAA","INVALID_OR_NULL_FOR_RESTRICTED_PICKLIST:Status: bad value for restricted picklist field: Cancelled:Status --","1pgVY000000015pYAA","Cancelled"
"1pgVY000000015qYAA","INVALID_OR_NULL_FOR_RESTRICTED_PICKLIST:Status: bad value for restricted picklist field: Cancelled:Status --","1pgVY000000015qYAA","Cancelled"
"1pgVY000000015rYAA","INVALID_OR_NULL_FOR_RESTRICTED_PICKLIST:Status: bad value for restricted picklist field: Cancelled:Status --","1pgVY000000015rYAA","Cancelled"
"1pgVY000000015sYAA","INVALID_OR_NULL_FOR_RESTRICTED_PICKLIST:Status: bad value for restricted picklist field: Cancelled:Status --","1pgVY000000015sYAA","Cancelled"
"1pgVY000000015tYAA","INVALID_OR_NULL_FOR_RESTRICTED_PICKLIST:Status: bad value for restricted picklist field: Cancelled:Status --","1pgVY000000015tYAA","Cancelled"
"1pgVY000000015uYAA","INVALID_OR_NULL_FOR_RESTRICTED_PICKLIST:Status: bad value for restricted picklist field: Cancelled:Status --","1pgVY000000015uYAA","Cancelled"
"1pgVY000000015vYAA","INVALID_OR_NULL_FOR_RESTRICTED_PICKLIST:Status: bad value for restricted picklist field: Cancelled:Status --","1pgVY000000015vYAA","Cancelled"
"1pgVY000000015wYAA","INVALID_OR_NULL_FOR_RESTRICTED_PICKLIST:Status: bad value for restricted picklist field: Cancelled:Status --","1pgVY000000015wYAA","Cancelled"
"1pgVY000000015xYAA","INVALID_OR_NULL_FOR_RESTRICTED_PICKLIST:Status: bad value for restricted picklist field: Cancelled:Status --","1pgVY000000015xYAA","Cancelled"
"1pgVY000000015yYAA","INVALID_OR_NULL_FOR_RESTRICTED_PICKLIST:Status: bad value for restricted picklist field: Cancelled:Status --","1pgVY000000015yYAA","Cancelled"
"1pgVY000000015zYAA","INVALID_OR_NULL_FOR_RESTRICTED_PICKLIST:Status: bad value for restricted picklist field: Cancelled:Status --","1pgVY000000015zYAA","Cancelled"
"1pgVY0000000160YAA","INVALID_OR_NULL_FOR_RESTRICTED_PICKLIST:Status: bad value for restricted picklist field: Cancelled:Status --","1pgVY0000000160YAA","Cancelled"
"1pgVY0000000161YAA","INVALID_OR_NULL_FOR_RESTRICTED_PICKLIST:Status: bad value for restricted picklist field: Cancelled:Status --","1pgVY0000000161YAA","Cancelled"
"1pgVY0000000162YAA","INVALID_OR_NULL_FOR_RESTRICTED_PICKLIST:Status: bad value for restricted picklist field: Cancelled:Status --","1pgVY0000000162YAA","Cancelled"
"1pgVY0000000163YAA","INVALID_OR_NULL_FOR_RESTRICTED_PICKLIST:Status: bad value for restricted picklist field: Cancelled:Status --","1pgVY0000000163YAA","Cancelled"
"1pgVY0000000164YAA","INVALID_OR_NULL_FOR_RESTRICTED_PICKLIST:Status: bad value for restricted picklist field: Cancelled:Status --","1pgVY0000000164YAA","Cancelled"
"1pgVY0000000165YAA","INVALID_OR_NULL_FOR_RESTRICTED_PICKLIST:Status: bad value for restricted picklist field: Cancelled:Status --","1pgVY0000000165YAA","Cancelled"
"1pgVY0000000166YAA","INVALID_OR_NULL_FOR_RESTRICTED_PICKLIST:Status: bad value for restricted picklist field: Cancelled:Status --","1pgVY0000000166YAA","Cancelled"
"1pgVY0000000167YAA","INVALID_OR_NULL_FOR_RESTRICTED_PICKLIST:Status: bad value for restricted picklist field: Cancelled:Status --","1pgVY0000000167YAA","Cancelled"
"1pgVY0000000168YAA","INVALID_OR_NULL_FOR_RESTRICTED_PICKLIST:Status: bad value for restricted picklist field: Cancelled:Status --","1pgVY0000000168YAA","Cancelled"
"1pgVY0000000169YAA","INVALID_OR_NULL_FOR_RESTRICTED_PICKLIST:Status: bad value for restricted picklist field: Cancelled:Status --","1pgVY0000000169YAA","Cancelled"
"1pgVY000000016AYAQ","INVALID_OR_NULL_FOR_RESTRICTED_PICKLIST:Status: bad value for restricted picklist field: Cancelled:Status --","1pgVY000000016AYAQ","Cancelled"
"1pgVY000000016BYAQ","INVALID_OR_NULL_FOR_RESTRICTED_PICKLIST:Status: bad value for restricted picklist field: Cancelled:Status --","1pgVY000000016BYAQ","Cancelled"
"1pgVY000000016CYAQ","INVALID_OR_NULL_FOR_RESTRICTED_PICKLIST:Status: bad value for restricted picklist field: Cancelled:Status --","1pgVY000000016CYAQ","Cancelled"
"1pgVY000000016DYAQ","INVALID_OR_NULL_FOR_RESTRICTED_PICKLIST:Status: bad value for restricted picklist field: Cancelled:Status --","1pgVY000000016DYAQ","Cancelled"
"1pgVY000000016EYAQ","INVALID_OR_NULL_FOR_RESTRICTED_PICKLIST:Status: bad value for restricted picklist field: Cancelled:Status --","1pgVY000000016EYAQ","Cancelled"
"1pgVY000000016FYAQ","INVALID_OR_NULL_FOR_RESTRICTED_PICKLIST:Status: bad value for restricted picklist field: Cancelled:Status --","1pgVY000000016FYAQ","Cancelled"
"1pgVY000000016GYAQ","INVALID_OR_NULL_FOR_RESTRICTED_PICKLIST:Status: bad value for restricted picklist field: Cancelled:Status --","1pgVY000000016GYAQ","Cancelled"
"1pgVY000000016IYAQ","INVALID_OR_NULL_FOR_RESTRICTED_PICKLIST:Status: bad value for restricted picklist field: Cancelled:Status --","1pgVY000000016IYAQ","Cancelled"
"1pgVY000000016JYAQ","INVALID_OR_NULL_FOR_RESTRICTED_PICKLIST:Status: bad value for restricted picklist field: Cancelled:Status --","1pgVY000000016JYAQ","Cancelled"
"1pgVY000000016KYAQ","INVALID_OR_NULL_FOR_RESTRICTED_PICKLIST:Status: bad value for restricted picklist field: Cancelled:Status --","1pgVY000000016KYAQ","Cancelled"
"1pgVY000000016LYAQ","INVALID_OR_NULL_FOR_RESTRICTED_PICKLIST:Status: bad value for restricted picklist field: Cancelled:Status --","1pgVY000000016LYAQ","Cancelled"
"1pgVY000000016MYAQ","INVALID_OR_NULL_FOR_RESTRICTED_PICKLIST:Status: bad value for restricted picklist field: Cancelled:Status --","1pgVY000000016MYAQ","Cancelled"
"1pgVY000000016NYAQ","INVALID_OR_NULL_FOR_RESTRICTED_PICKLIST:Status: bad value for restricted picklist field: Cancelled:Status --","1pgVY000000016NYAQ","Cancelled"
"1pgVY000000016OYAQ","INVALID_OR_NULL_FOR_RESTRICTED_PICKLIST:Status: bad value for restricted picklist field: Cancelled:Status --","1pgVY000000016OYAQ","Cancelled"
"1pgVY000000016PYAQ","INVALID_OR_NULL_FOR_RESTRICTED_PICKLIST:Status: bad value for restricted picklist field: Cancelled:Status --","1pgVY000000016PYAQ","Cancelled"
"1pgVY000000016QYAQ","INVALID_OR_NULL_FOR_RESTRICTED_PICKLIST:Status: bad value for restricted picklist field: Cancelled:Status --","1pgVY000000016QYAQ","Cancelled"
"1pgVY000000016RYAQ","INVALID_OR_NULL_FOR_RESTRICTED_PICKLIST:Status: bad value for restricted picklist field: Cancelled:Status --","1pgVY000000016RYAQ","Cancelled"
"1pgVY000000016SYAQ","INVALID_OR_NULL_FOR_RESTRICTED_PICKLIST:Status: bad value for restricted picklist field: Cancelled:Status --","1pgVY000000016SYAQ","Cancelled"
"1pgVY000000016TYAQ","INVALID_OR_NULL_FOR_RESTRICTED_PICKLIST:Status: bad value for restricted picklist field: Cancelled:Status --","1pgVY000000016TYAQ","Cancelled"
"1pgVY000000016UYAQ","INVALID_OR_NULL_FOR_RESTRICTED_PICKLIST:Status: bad value for restricted picklist field: Cancelled:Status --","1pgVY000000016UYAQ","Cancelled"
"1pgVY000000016VYAQ","INVALID_OR_NULL_FOR_RESTRICTED_PICKLIST:Status: bad value for restricted picklist field: Cancelled:Status --","1pgVY000000016VYAQ","Cancelled"
"1pgVY000000016WYAQ","INVALID_OR_NULL_FOR_RESTRICTED_PICKLIST:Status: bad value for restricted picklist field: Cancelled:Status --","1pgVY000000016WYAQ","Cancelled"
"1pgVY000000016XYAQ","INVALID_OR_NULL_FOR_RESTRICTED_PICKLIST:Status: bad value for restricted picklist field: Cancelled:Status --","1pgVY000000016XYAQ","Cancelled"
"1pgVY000000016YYAQ","INVALID_OR_NULL_FOR_RESTRICTED_PICKLIST:Status: bad value for restricted picklist field: Cancelled:Status --","1pgVY000000016YYAQ","Cancelled"
"1pgVY000000016ZYAQ","INVALID_OR_NULL_FOR_RESTRICTED_PICKLIST:Status: bad value for restricted picklist field: Cancelled:Status --","1pgVY000000016ZYAQ","Cancelled"
"1pgVY000000016aYAA","INVALID_OR_NULL_FOR_RESTRICTED_PICKLIST:Status: bad value for restricted picklist field: Cancelled:Status --","1pgVY000000016aYAA","Cancelled"
"1pgVY000000016bYAA","INVALID_OR_NULL_FOR_RESTRICTED_PICKLIST:Status: bad value for restricted picklist field: Cancelled:Status --","1pgVY000000016bYAA","Cancelled"
"1pgVY000000016cYAA","INVALID_OR_NULL_FOR_RESTRICTED_PICKLIST:Status: bad value for restricted picklist field: Cancelled:Status --","1pgVY000000016cYAA","Cancelled"
"1pgVY000000016dYAA","INVALID_OR_NULL_FOR_RESTRICTED_PICKLIST:Status: bad value for restricted picklist field: Cancelled:Status --","1pgVY000000016dYAA","Cancelled"
"1pgVY000000016eYAA","INVALID_OR_NULL_FOR_RESTRICTED_PICKLIST:Status: bad value for restricted picklist field: Cancelled:Status --","1pgVY000000016eYAA","Cancelled"
"1pgVY000000016fYAA","INVALID_OR_NULL_FOR_RESTRICTED_PICKLIST:Status: bad value for restricted picklist field: Cancelled:Status --","1pgVY000000016fYAA","Cancelled"
"1pgVY000000016gYAA","INVALID_OR_NULL_FOR_RESTRICTED_PICKLIST:Status: bad value for restricted picklist field: Cancelled:Status --","1pgVY000000016gYAA","Cancelled"
"1pgVY000000016hYAA","INVALID_OR_NULL_FOR_RESTRICTED_PICKLIST:Status: bad value for restricted picklist field: Cancelled:Status --","1pgVY000000016hYAA","Cancelled"
"1pgVY000000016iYAA","INVALID_OR_NULL_FOR_RESTRICTED_PICKLIST:Status: bad value for restricted picklist field: Cancelled:Status --","1pgVY000000016iYAA","Cancelled"
"1pgVY000000016jYAA","INVALID_OR_NULL_FOR_RESTRICTED_PICKLIST:Status: bad value for restricted picklist field: Cancelled:Status --","1pgVY000000016jYAA","Cancelled"
"1pgVY000000016kYAA","INVALID_OR_NULL_FOR_RESTRICTED_PICKLIST:Status: bad value for restricted picklist field: Cancelled:Status --","1pgVY000000016kYAA","Cancelled"
"1pgVY000000016lYAA","INVALID_OR_NULL_FOR_RESTRICTED_PICKLIST:Status: bad value for restricted picklist field: Cancelled:Status --","1pgVY000000016lYAA","Cancelled"
"1pgVY000000016mYAA","INVALID_OR_NULL_FOR_RESTRICTED_PICKLIST:Status: bad value for restricted picklist field: Cancelled:Status --","1pgVY000000016mYAA","Cancelled"
"1pgVY000000016nYAA","INVALID_OR_NULL_FOR_RESTRICTED_PICKLIST:Status: bad value for restricted picklist field: Cancelled:Status --","1pgVY000000016nYAA","Cancelled"
"1pgVY000000016oYAA","INVALID_OR_NULL_FOR_RESTRICTED_PICKLIST:Status: bad value for restricted picklist field: Cancelled:Status --","1pgVY000000016oYAA","Cancelled"
"1pgVY000000016pYAA","INVALID_OR_NULL_FOR_RESTRICTED_PICKLIST:Status: bad value for restricted picklist field: Cancelled:Status --","1pgVY000000016pYAA","Cancelled"
"1pgVY000000016qYAA","INVALID_OR_NULL_FOR_RESTRICTED_PICKLIST:Status: bad value for restricted picklist field: Cancelled:Status --","1pgVY000000016qYAA","Cancelled"
"1pgVY000000017gYAA","INVALID_OR_NULL_FOR_RESTRICTED_PICKLIST:Status: bad value for restricted picklist field: Cancelled:Status --","1pgVY000000017gYAA","Cancelled"
"1pgVY000000017hYAA","INVALID_OR_NULL_FOR_RESTRICTED_PICKLIST:Status: bad value for restricted picklist field: Cancelled:Status --","1pgVY000000017hYAA","Cancelled"
"1pgVY000000017iYAA","INVALID_OR_NULL_FOR_RESTRICTED_PICKLIST:Status: bad value for restricted picklist field: Cancelled:Status --","1pgVY000000017iYAA","Cancelled"
"1pgVY000000017jYAA","INVALID_OR_NULL_FOR_RESTRICTED_PICKLIST:Status: bad value for restricted picklist field: Cancelled:Status --","1pgVY000000017jYAA","Cancelled"
"1pgVY000000017kYAA","INVALID_OR_NULL_FOR_RESTRICTED_PICKLIST:Status: bad value for restricted picklist field: Cancelled:Status --","1pgVY000000017kYAA","Cancelled"
"1pgVY000000017lYAA","INVALID_OR_NULL_FOR_RESTRICTED_PICKLIST:Status: bad value for restricted picklist field: Cancelled:Status --","1pgVY000000017lYAA","Cancelled"
"1pgVY000000017mYAA","INVALID_OR_NULL_FOR_RESTRICTED_PICKLIST:Status: bad value for restricted picklist field: Cancelled:Status --","1pgVY000000017mYAA","Cancelled"
"1pgVY000000017nYAA","INVALID_OR_NULL_FOR_RESTRICTED_PICKLIST:Status: bad value for restricted picklist field: Cancelled:Status --","1pgVY000000017nYAA","Cancelled"
"1pgVY000000017oYAA","INVALID_OR_NULL_FOR_RESTRICTED_PICKLIST:Status: bad value for restricted picklist field: Cancelled:Status --","1pgVY000000017oYAA","Cancelled"
"1pgVY000000017pYAA","INVALID_OR_NULL_FOR_RESTRICTED_PICKLIST:Status: bad value for restricted picklist field: Cancelled:Status --","1pgVY000000017pYAA","Cancelled"
"1pgVY000000017qYAA","INVALID_OR_NULL_FOR_RESTRICTED_PICKLIST:Status: bad value for restricted picklist field: Cancelled:Status --","1pgVY000000017qYAA","Cancelled"
"1pgVY000000017rYAA","INVALID_OR_NULL_FOR_RESTRICTED_PICKLIST:Status: bad value for restricted picklist field: Cancelled:Status --","1pgVY000000017rYAA","Cancelled"
"1pgVY000000017sYAA","INVALID_OR_NULL_FOR_RESTRICTED_PICKLIST:Status: bad value for restricted picklist field: Cancelled:Status --","1pgVY000000017sYAA","Cancelled"
"1pgVY000000017tYAA","INVALID_OR_NULL_FOR_RESTRICTED_PICKLIST:Status: bad value for restricted picklist field: Cancelled:Status --","1pgVY000000017tYAA","Cancelled"
"1pgVY000000017uYAA","INVALID_OR_NULL_FOR_RESTRICTED_PICKLIST:Status: bad value for restricted picklist field: Cancelled:Status --","1pgVY000000017uYAA","Cancelled"
"1pgVY000000017vYAA","INVALID_OR_NULL_FOR_RESTRICTED_PICKLIST:Status: bad value for restricted picklist field: Cancelled:Status --","1pgVY000000017vYAA","Cancelled"
"1pgVY000000017wYAA","INVALID_OR_NULL_FOR_RESTRICTED_PICKLIST:Status: bad value for restricted picklist field: Cancelled:Status --","1pgVY000000017wYAA","Cancelled"
"1pgVY000000017xYAA","INVALID_OR_NULL_FOR_RESTRICTED_PICKLIST:Status: bad value for restricted picklist field: Cancelled:Status --","1pgVY000000017xYAA","Cancelled"
"1pgVY000000017yYAA","INVALID_OR_NULL_FOR_RESTRICTED_PICKLIST:Status: bad value for restricted picklist field: Cancelled:Status --","1pgVY000000017yYAA","Cancelled"
"1pgVY000000018zYAA","INVALID_OR_NULL_FOR_RESTRICTED_PICKLIST:Status: bad value for restricted picklist field: Cancelled:Status --","1pgVY000000018zYAA","Cancelled"
"1pgVY00000001CIYAY","INVALID_OR_NULL_FOR_RESTRICTED_PICKLIST:Status: bad value for restricted picklist field: Cancelled:Status --","1pgVY00000001CIYAY","Cancelled"
"1pgVY00000001CJYAY","INVALID_OR_NULL_FOR_RESTRICTED_PICKLIST:Status: bad value for restricted picklist field: Cancelled:Status --","1pgVY00000001CJYAY","Cancelled"
"1pgVY00000001CKYAY","INVALID_OR_NULL_FOR_RESTRICTED_PICKLIST:Status: bad value for restricted picklist field: Cancelled:Status --","1pgVY00000001CKYAY","Cancelled"
"1pgVY00000001CLYAY","INVALID_OR_NULL_FOR_RESTRICTED_PICKLIST:Status: bad value for restricted picklist field: Cancelled:Status --","1pgVY00000001CLYAY","Cancelled"
"1pgVY00000001CMYAY","INVALID_OR_NULL_FOR_RESTRICTED_PICKLIST:Status: bad value for restricted picklist field: Cancelled:Status --","1pgVY00000001CMYAY","Cancelled"
"1pgVY00000001EZYAY","INVALID_OR_NULL_FOR_RESTRICTED_PICKLIST:Status: bad value for restricted picklist field: Cancelled:Status --","1pgVY00000001EZYAY","Cancelled"
"1pgVY00000001EaYAI","INVALID_OR_NULL_FOR_RESTRICTED_PICKLIST:Status: bad value for restricted picklist field: Cancelled:Status --","1pgVY00000001EaYAI","Cancelled"
"1pgVY00000001EbYAI","INVALID_OR_NULL_FOR_RESTRICTED_PICKLIST:Status: bad value for restricted picklist field: Cancelled:Status --","1pgVY00000001EbYAI","Cancelled"
"1pgVY00000001EcYAI","INVALID_OR_NULL_FOR_RESTRICTED_PICKLIST:Status: bad value for restricted picklist field: Cancelled:Status --","1pgVY00000001EcYAI","Cancelled"
"1pgVY00000001EdYAI","INVALID_OR_NULL_FOR_RESTRICTED_PICKLIST:Status: bad value for restricted picklist field: Cancelled:Status --","1pgVY00000001EdYAI","Cancelled"
"1pgVY00000001EeYAI","INVALID_OR_NULL_FOR_RESTRICTED_PICKLIST:Status: bad value for restricted picklist field: Cancelled:Status --","1pgVY00000001EeYAI","Cancelled"
"1pgVY00000001EfYAI","INVALID_OR_NULL_FOR_RESTRICTED_PICKLIST:Status: bad value for restricted picklist field: Cancelled:Status --","1pgVY00000001EfYAI","Cancelled"
"1pgVY00000001EgYAI","INVALID_OR_NULL_FOR_RESTRICTED_PICKLIST:Status: bad value for restricted picklist field: Cancelled:Status --","1pgVY00000001EgYAI","Cancelled"
"1pgVY00000001EhYAI","INVALID_OR_NULL_FOR_RESTRICTED_PICKLIST:Status: bad value for restricted picklist field: Cancelled:Status --","1pgVY00000001EhYAI","Cancelled"
"1pgVY00000001EiYAI","INVALID_OR_NULL_FOR_RESTRICTED_PICKLIST:Status: bad value for restricted picklist field: Cancelled:Status --","1pgVY00000001EiYAI","Cancelled"
"1pgVY00000001EjYAI","INVALID_OR_NULL_FOR_RESTRICTED_PICKLIST:Status: bad value for restricted picklist field: Cancelled:Status --","1pgVY00000001EjYAI","Cancelled"
"1pgVY00000001EkYAI","INVALID_OR_NULL_FOR_RESTRICTED_PICKLIST:Status: bad value for restricted picklist field: Cancelled:Status --","1pgVY00000001EkYAI","Cancelled"
"1pgVY00000001ElYAI","INVALID_OR_NULL_FOR_RESTRICTED_PICKLIST:Status: bad value for restricted picklist field: Cancelled:Status --","1pgVY00000001ElYAI","Cancelled"
"1pgVY00000001EmYAI","INVALID_OR_NULL_FOR_RESTRICTED_PICKLIST:Status: bad value for restricted picklist field: Cancelled:Status --","1pgVY00000001EmYAI","Cancelled"
"1pgVY00000001EnYAI","INVALID_OR_NULL_FOR_RESTRICTED_PICKLIST:Status: bad value for restricted picklist field: Cancelled:Status --","1pgVY00000001EnYAI","Cancelled"
"1pgVY00000001EoYAI","INVALID_OR_NULL_FOR_RESTRICTED_PICKLIST:Status: bad value for restricted picklist field: Cancelled:Status --","1pgVY00000001EoYAI","Cancelled"
"1pgVY00000001EpYAI","INVALID_OR_NULL_FOR_RESTRICTED_PICKLIST:Status: bad value for restricted picklist field: Cancelled:Status --","1pgVY00000001EpYAI","Cancelled"
"1pgVY00000001EqYAI","INVALID_OR_NULL_FOR_RESTRICTED_PICKLIST:Status: bad value for restricted picklist field: Cancelled:Status --","1pgVY00000001EqYAI","Cancelled"
"1pgVY00000001FRYAY","INVALID_OR_NULL_FOR_RESTRICTED_PICKLIST:Status: bad value for restricted picklist field: Cancelled:Status --","1pgVY00000001FRYAY","Cancelled"
"1pgVY00000001FSYAY","INVALID_OR_NULL_FOR_RESTRICTED_PICKLIST:Status: bad value for restricted picklist field: Cancelled:Status --","1pgVY00000001FSYAY","Cancelled"
"1pgVY00000001H3YAI","INVALID_OR_NULL_FOR_RESTRICTED_PICKLIST:Status: bad value for restricted picklist field: Cancelled:Status --","1pgVY00000001H3YAI","Cancelled"
"1pgVY00000001IfYAI","INVALID_OR_NULL_FOR_RESTRICTED_PICKLIST:Status: bad value for restricted picklist field: Cancelled:Status --","1pgVY00000001IfYAI","Cancelled"
"1pgVY00000001KHYAY","INVALID_OR_NULL_FOR_RESTRICTED_PICKLIST:Status: bad value for restricted picklist field: Cancelled:Status --","1pgVY00000001KHYAY","Cancelled"
"1pgVY00000001KIYAY","INVALID_OR_NULL_FOR_RESTRICTED_PICKLIST:Status: bad value for restricted picklist field: Cancelled:Status --","1pgVY00000001KIYAY","Cancelled"
"1pgVY00000001LtYAI","INVALID_OR_NULL_FOR_RESTRICTED_PICKLIST:Status: bad value for restricted picklist field: Cancelled:Status --","1pgVY00000001LtYAI","Cancelled"
"1pgVY00000001NVYAY","INVALID_OR_NULL_FOR_RESTRICTED_PICKLIST:Status: bad value for restricted picklist field: Cancelled:Status --","1pgVY00000001NVYAY","Cancelled"
"1pgVY00000001P7YAI","INVALID_OR_NULL_FOR_RESTRICTED_PICKLIST:Status: bad value for restricted picklist field: Cancelled:Status --","1pgVY00000001P7YAI","Cancelled"
"1pgVY00000001QjYAI","INVALID_OR_NULL_FOR_RESTRICTED_PICKLIST:Status: bad value for restricted picklist field: Cancelled:Status --","1pgVY00000001QjYAI","Cancelled"
"1pgVY00000001QkYAI","INVALID_OR_NULL_FOR_RESTRICTED_PICKLIST:Status: bad value for restricted picklist field: Cancelled:Status --","1pgVY00000001QkYAI","Cancelled"
"1pgVY00000001SLYAY","INVALID_OR_NULL_FOR_RESTRICTED_PICKLIST:Status: bad value for restricted picklist field: Cancelled:Status --","1pgVY00000001SLYAY","Cancelled"
"1pgVY00000001TxYAI","INVALID_OR_NULL_FOR_RESTRICTED_PICKLIST:Status: bad value for restricted picklist field: Cancelled:Status --","1pgVY00000001TxYAI","Cancelled"
"1pgVY00000001VZYAY","INVALID_OR_NULL_FOR_RESTRICTED_PICKLIST:Status: bad value for restricted picklist field: Cancelled:Status --","1pgVY00000001VZYAY","Cancelled"
"1pgVY00000001XBYAY","INVALID_OR_NULL_FOR_RESTRICTED_PICKLIST:Status: bad value for restricted picklist field: Cancelled:Status --","1pgVY00000001XBYAY","Cancelled"
"1pgVY00000001YnYAI","INVALID_OR_NULL_FOR_RESTRICTED_PICKLIST:Status: bad value for restricted picklist field: Cancelled:Status --","1pgVY00000001YnYAI","Cancelled"
"1pgVY00000001aPYAQ","INVALID_OR_NULL_FOR_RESTRICTED_PICKLIST:Status: bad value for restricted picklist field: Cancelled:Status --","1pgVY00000001aPYAQ","Cancelled"
"1pgVY00000001c1YAA","INVALID_OR_NULL_FOR_RESTRICTED_PICKLIST:Status: bad value for restricted picklist field: Cancelled:Status --","1pgVY00000001c1YAA","Cancelled"
"1pgVY00000001ddYAA","INVALID_OR_NULL_FOR_RESTRICTED_PICKLIST:Status: bad value for restricted picklist field: Cancelled:Status --","1pgVY00000001ddYAA","Cancelled"
"1pgVY00000001deYAA","INVALID_OR_NULL_FOR_RESTRICTED_PICKLIST:Status: bad value for restricted picklist field: Cancelled:Status --","1pgVY00000001deYAA","Cancelled"
"1pgVY00000001dfYAA","INVALID_OR_NULL_FOR_RESTRICTED_PICKLIST:Status: bad value for restricted picklist field: Cancelled:Status --","1pgVY00000001dfYAA","Cancelled"
"1pgVY00000001k5YAA","INVALID_OR_NULL_FOR_RESTRICTED_PICKLIST:Status: bad value for restricted picklist field: Cancelled:Status --","1pgVY00000001k5YAA","Cancelled"
"1pgVY00000001lhYAA","INVALID_OR_NULL_FOR_RESTRICTED_PICKLIST:Status: bad value for restricted picklist field: Cancelled:Status --","1pgVY00000001lhYAA","Cancelled"
"1pgVY00000001nJYAQ","INVALID_OR_NULL_FOR_RESTRICTED_PICKLIST:Status: bad value for restricted picklist field: Cancelled:Status --","1pgVY00000001nJYAQ","Cancelled"
"1pgVY00000001tlYAA","INVALID_OR_NULL_FOR_RESTRICTED_PICKLIST:Status: bad value for restricted picklist field: Cancelled:Status --","1pgVY00000001tlYAA","Cancelled"
"1pgVY00000001vNYAQ","INVALID_OR_NULL_FOR_RESTRICTED_PICKLIST:Status: bad value for restricted picklist field: Cancelled:Status --","1pgVY00000001vNYAQ","Cancelled"
"1pgVY000000023RYAQ","INVALID_OR_NULL_FOR_RESTRICTED_PICKLIST:Status: bad value for restricted picklist field: Cancelled:Status --","1pgVY000000023RYAQ","Cancelled"
"1pgVY000000023SYAQ","INVALID_OR_NULL_FOR_RESTRICTED_PICKLIST:Status: bad value for restricted picklist field: Cancelled:Status --","1pgVY000000023SYAQ","Cancelled"
"1pgVY0000000253YAA","INVALID_OR_NULL_FOR_RESTRICTED_PICKLIST:Status: bad value for restricted picklist field: Cancelled:Status --","1pgVY0000000253YAA","Cancelled"
"1pgVY0000000254YAA","INVALID_OR_NULL_FOR_RESTRICTED_PICKLIST:Status: bad value for restricted picklist field: Cancelled:Status --","1pgVY0000000254YAA","Cancelled"
"1pgVY000000026fYAA","INVALID_OR_NULL_FOR_RESTRICTED_PICKLIST:Status: bad value for restricted picklist field: Cancelled:Status --","1pgVY000000026fYAA","Cancelled"
"1pgVY000000028HYAQ","INVALID_OR_NULL_FOR_RESTRICTED_PICKLIST:Status: bad value for restricted picklist field: Cancelled:Status --","1pgVY000000028HYAQ","Cancelled"
"1pgVY000000029tYAA","INVALID_OR_NULL_FOR_RESTRICTED_PICKLIST:Status: bad value for restricted picklist field: Cancelled:Status --","1pgVY000000029tYAA","Cancelled"
"1pgVY000000029uYAA","INVALID_OR_NULL_FOR_RESTRICTED_PICKLIST:Status: bad value for restricted picklist field: Cancelled:Status --","1pgVY000000029uYAA","Cancelled"
"1pgVY00000002BVYAY","INVALID_OR_NULL_FOR_RESTRICTED_PICKLIST:Status: bad value for restricted picklist field: Cancelled:Status --","1pgVY00000002BVYAY","Cancelled"
"1pgVY00000002D7YAI","INVALID_OR_NULL_FOR_RESTRICTED_PICKLIST:Status: bad value for restricted picklist field: Cancelled:Status --","1pgVY00000002D7YAI","Cancelled"
"1pgVY00000002JZYAY","INVALID_OR_NULL_FOR_RESTRICTED_PICKLIST:Status: bad value for restricted picklist field: Cancelled:Status --","1pgVY00000002JZYAY","Cancelled"
"1pgVY00000002JaYAI","INVALID_OR_NULL_FOR_RESTRICTED_PICKLIST:Status: bad value for restricted picklist field: Cancelled:Status --","1pgVY00000002JaYAI","Cancelled"
"1pgVY00000002LBYAY","INVALID_OR_NULL_FOR_RESTRICTED_PICKLIST:Status: bad value for restricted picklist field: Cancelled:Status --","1pgVY00000002LBYAY","Cancelled"
"1pgVY00000002LCYAY","INVALID_OR_NULL_FOR_RESTRICTED_PICKLIST:Status: bad value for restricted picklist field: Cancelled:Status --","1pgVY00000002LCYAY","Cancelled"
"1pgVY00000002MnYAI","INVALID_OR_NULL_FOR_RESTRICTED_PICKLIST:Status: bad value for restricted picklist field: Cancelled:Status --","1pgVY00000002MnYAI","Cancelled"
"1pgVY00000002MoYAI","INVALID_OR_NULL_FOR_RESTRICTED_PICKLIST:Status: bad value for restricted picklist field: Cancelled:Status --","1pgVY00000002MoYAI","Cancelled"
"1pgVY00000002MpYAI","INVALID_OR_NULL_FOR_RESTRICTED_PICKLIST:Status: bad value for restricted picklist field: Cancelled:Status --","1pgVY00000002MpYAI","Cancelled"
"1pgVY00000002MqYAI","INVALID_OR_NULL_FOR_RESTRICTED_PICKLIST:Status: bad value for restricted picklist field: Cancelled:Status --","1pgVY00000002MqYAI","Cancelled"
"1pgVY00000002MrYAI","INVALID_OR_NULL_FOR_RESTRICTED_PICKLIST:Status: bad value for restricted picklist field: Cancelled:Status --","1pgVY00000002MrYAI","Cancelled"
"1pgVY00000002OPYAY","INVALID_OR_NULL_FOR_RESTRICTED_PICKLIST:Status: bad value for restricted picklist field: Cancelled:Status --","1pgVY00000002OPYAY","Cancelled"
"1pgVY00000002Q1YAI","INVALID_OR_NULL_FOR_RESTRICTED_PICKLIST:Status: bad value for restricted picklist field: Cancelled:Status --","1pgVY00000002Q1YAI","Cancelled"
"1pgVY00000002RdYAI","INVALID_OR_NULL_FOR_RESTRICTED_PICKLIST:Status: bad value for restricted picklist field: Cancelled:Status --","1pgVY00000002RdYAI","Cancelled"
"1pgVY00000002TFYAY","INVALID_OR_NULL_FOR_RESTRICTED_PICKLIST:Status: bad value for restricted picklist field: Cancelled:Status --","1pgVY00000002TFYAY","Cancelled"
"1pgVY00000002UrYAI","INVALID_OR_NULL_FOR_RESTRICTED_PICKLIST:Status: bad value for restricted picklist field: Cancelled:Status --","1pgVY00000002UrYAI","Cancelled"
"1pgVY00000002WTYAY","INVALID_OR_NULL_FOR_RESTRICTED_PICKLIST:Status: bad value for restricted picklist field: Cancelled:Status --","1pgVY00000002WTYAY","Cancelled"
"1pgVY00000002Y5YAI","INVALID_OR_NULL_FOR_RESTRICTED_PICKLIST:Status: bad value for restricted picklist field: Cancelled:Status --","1pgVY00000002Y5YAI","Cancelled"
"1pgVY00000002ZhYAI","INVALID_OR_NULL_FOR_RESTRICTED_PICKLIST:Status: bad value for restricted picklist field: Cancelled:Status --","1pgVY00000002ZhYAI","Cancelled"
"1pgVY00000002bJYAQ","INVALID_OR_NULL_FOR_RESTRICTED_PICKLIST:Status: bad value for restricted picklist field: Cancelled:Status --","1pgVY00000002bJYAQ","Cancelled"
"1pgVY00000002cvYAA","INVALID_OR_NULL_FOR_RESTRICTED_PICKLIST:Status: bad value for restricted picklist field: Cancelled:Status --","1pgVY00000002cvYAA","Cancelled"
"1pgVY00000002eXYAQ","INVALID_OR_NULL_FOR_RESTRICTED_PICKLIST:Status: bad value for restricted picklist field: Cancelled:Status --","1pgVY00000002eXYAQ","Cancelled"
"1pgVY00000002g9YAA","INVALID_OR_NULL_FOR_RESTRICTED_PICKLIST:Status: bad value for restricted picklist field: Cancelled:Status --","1pgVY00000002g9YAA","Cancelled"
"1pgVY00000002hlYAA","INVALID_OR_NULL_FOR_RESTRICTED_PICKLIST:Status: bad value for restricted picklist field: Cancelled:Status --","1pgVY00000002hlYAA","Cancelled"
"1pgVY00000002jNYAQ","INVALID_OR_NULL_FOR_RESTRICTED_PICKLIST:Status: bad value for restricted picklist field: Cancelled:Status --","1pgVY00000002jNYAQ","Cancelled"
"1pgVY00000002kzYAA","INVALID_OR_NULL_FOR_RESTRICTED_PICKLIST:Status: bad value for restricted picklist field: Cancelled:Status --","1pgVY00000002kzYAA","Cancelled"
"1pgVY00000002mbYAA","INVALID_OR_NULL_FOR_RESTRICTED_PICKLIST:Status: bad value for restricted picklist field: Cancelled:Status --","1pgVY00000002mbYAA","Cancelled"
"1pgVY00000002oDYAQ","INVALID_OR_NULL_FOR_RESTRICTED_PICKLIST:Status: bad value for restricted picklist field: Cancelled:Status --","1pgVY00000002oDYAQ","Cancelled"
"1pgVY00000002ppYAA","INVALID_OR_NULL_FOR_RESTRICTED_PICKLIST:Status: bad value for restricted picklist field: Cancelled:Status --","1pgVY00000002ppYAA","Cancelled"
"1pgVY00000002pqYAA","INVALID_OR_NULL_FOR_RESTRICTED_PICKLIST:Status: bad value for restricted picklist field: Cancelled:Status --","1pgVY00000002pqYAA","Cancelled"
"1pgVY00000002prYAA","INVALID_OR_NULL_FOR_RESTRICTED_PICKLIST:Status: bad value for restricted picklist field: Cancelled:Status --","1pgVY00000002prYAA","Cancelled"
"1pgVY00000002rRYAQ","INVALID_OR_NULL_FOR_RESTRICTED_PICKLIST:Status: bad value for restricted picklist field: Cancelled:Status --","1pgVY00000002rRYAQ","Cancelled"
"1pgVY00000002t3YAA","INVALID_OR_NULL_FOR_RESTRICTED_PICKLIST:Status: bad value for restricted picklist field: Cancelled:Status --","1pgVY00000002t3YAA","Cancelled"
"1pgVY00000002t4YAA","INVALID_OR_NULL_FOR_RESTRICTED_PICKLIST:Status: bad value for restricted picklist field: Cancelled:Status --","1pgVY00000002t4YAA","Cancelled"
"1pgVY00000002ufYAA","INVALID_OR_NULL_FOR_RESTRICTED_PICKLIST:Status: bad value for restricted picklist field: Cancelled:Status --","1pgVY00000002ufYAA","Cancelled"
"1pgVY00000002ugYAA","INVALID_OR_NULL_FOR_RESTRICTED_PICKLIST:Status: bad value for restricted picklist field: Cancelled:Status --","1pgVY00000002ugYAA","Cancelled"
"1pgVY00000002uhYAA","INVALID_OR_NULL_FOR_RESTRICTED_PICKLIST:Status: bad value for restricted picklist field: Cancelled:Status --","1pgVY00000002uhYAA","Cancelled"
"1pgVY00000002wHYAQ","INVALID_OR_NULL_FOR_RESTRICTED_PICKLIST:Status: bad value for restricted picklist field: Cancelled:Status --","1pgVY00000002wHYAQ","Cancelled"
"1pgVY00000002wIYAQ","INVALID_OR_NULL_FOR_RESTRICTED_PICKLIST:Status: bad value for restricted picklist field: Cancelled:Status --","1pgVY00000002wIYAQ","Cancelled"
"1pgVY00000002xtYAA","INVALID_OR_NULL_FOR_RESTRICTED_PICKLIST:Status: bad value for restricted picklist field: Cancelled:Status --","1pgVY00000002xtYAA","Cancelled"
"1pgVY00000002zVYAQ","INVALID_OR_NULL_FOR_RESTRICTED_PICKLIST:Status: bad value for restricted picklist field: Cancelled:Status --","1pgVY00000002zVYAQ","Cancelled"
"1pgVY0000000317YAA","INVALID_OR_NULL_FOR_RESTRICTED_PICKLIST:Status: bad value for restricted picklist field: Cancelled:Status --","1pgVY0000000317YAA","Cancelled"
"1pgVY000000032jYAA","INVALID_OR_NULL_FOR_RESTRICTED_PICKLIST:Status: bad value for restricted picklist field: Cancelled:Status --","1pgVY000000032jYAA","Cancelled"
"1pgVY000000034LYAQ","INVALID_OR_NULL_FOR_RESTRICTED_PICKLIST:Status: bad value for restricted picklist field: Cancelled:Status --","1pgVY000000034LYAQ","Cancelled"
"1pgVY000000035xYAA","INVALID_OR_NULL_FOR_RESTRICTED_PICKLIST:Status: bad value for restricted picklist field: Cancelled:Status --","1pgVY000000035xYAA","Cancelled"
"1pgVY000000037ZYAQ","INVALID_OR_NULL_FOR_RESTRICTED_PICKLIST:Status: bad value for restricted picklist field: Cancelled:Status --","1pgVY000000037ZYAQ","Cancelled"
"1pgVY000000039BYAQ","INVALID_OR_NULL_FOR_RESTRICTED_PICKLIST:Status: bad value for restricted picklist field: Cancelled:Status --","1pgVY000000039BYAQ","Cancelled"
"1pgVY00000003AnYAI","INVALID_OR_NULL_FOR_RESTRICTED_PICKLIST:Status: bad value for restricted picklist field: Cancelled:Status --","1pgVY00000003AnYAI","Cancelled"
"1pgVY00000003CPYAY","INVALID_OR_NULL_FOR_RESTRICTED_PICKLIST:Status: bad value for restricted picklist field: Cancelled:Status --","1pgVY00000003CPYAY","Cancelled"
"1pgVY00000003NhYAI","INVALID_OR_NULL_FOR_RESTRICTED_PICKLIST:Status: bad value for restricted picklist field: Cancelled:Status --","1pgVY00000003NhYAI","Cancelled"
"1pgVY00000003PJYAY","INVALID_OR_NULL_FOR_RESTRICTED_PICKLIST:Status: bad value for restricted picklist field: Cancelled:Status --","1pgVY00000003PJYAY","Cancelled"
"1pgVY00000003QvYAI","INVALID_OR_NULL_FOR_RESTRICTED_PICKLIST:Status: bad value for restricted picklist field: Cancelled:Status --","1pgVY00000003QvYAI","Cancelled"
"1pgVY00000003SXYAY","INVALID_OR_NULL_FOR_RESTRICTED_PICKLIST:Status: bad value for restricted picklist field: Cancelled:Status --","1pgVY00000003SXYAY","Cancelled"
"1pgVY00000003U9YAI","INVALID_OR_NULL_FOR_RESTRICTED_PICKLIST:Status: bad value for restricted picklist field: Cancelled:Status --","1pgVY00000003U9YAI","Cancelled"
"1pgVY00000003VlYAI","INVALID_OR_NULL_FOR_RESTRICTED_PICKLIST:Status: bad value for restricted picklist field: Cancelled:Status --","1pgVY00000003VlYAI","Cancelled"
"1pgVY00000003XNYAY","INVALID_OR_NULL_FOR_RESTRICTED_PICKLIST:Status: bad value for restricted picklist field: Cancelled:Status --","1pgVY00000003XNYAY","Cancelled"
"1pgVY00000003YzYAI","INVALID_OR_NULL_FOR_RESTRICTED_PICKLIST:Status: bad value for restricted picklist field: Cancelled:Status --","1pgVY00000003YzYAI","Cancelled"
"1pgVY00000003abYAA","INVALID_OR_NULL_FOR_RESTRICTED_PICKLIST:Status: bad value for restricted picklist field: Cancelled:Status --","1pgVY00000003abYAA","Cancelled"
"1pgVY00000003acYAA","INVALID_OR_NULL_FOR_RESTRICTED_PICKLIST:Status: bad value for restricted picklist field: Cancelled:Status --","1pgVY00000003acYAA","Cancelled"
"1pgVY00000003adYAA","INVALID_OR_NULL_FOR_RESTRICTED_PICKLIST:Status: bad value for restricted picklist field: Cancelled:Status --","1pgVY00000003adYAA","Cancelled"
"1pgVY00000003aeYAA","INVALID_OR_NULL_FOR_RESTRICTED_PICKLIST:Status: bad value for restricted picklist field: Cancelled:Status --","1pgVY00000003aeYAA","Cancelled"
"1pgVY00000003cDYAQ","INVALID_OR_NULL_FOR_RESTRICTED_PICKLIST:Status: bad value for restricted picklist field: Cancelled:Status --","1pgVY00000003cDYAQ","Cancelled"
"1pgVY00000003cEYAQ","INVALID_OR_NULL_FOR_RESTRICTED_PICKLIST:Status: bad value for restricted picklist field: Cancelled:Status --","1pgVY00000003cEYAQ","Cancelled"
"1pgVY00000003cFYAQ","INVALID_OR_NULL_FOR_RESTRICTED_PICKLIST:Status: bad value for restricted picklist field: Cancelled:Status --","1pgVY00000003cFYAQ","Cancelled"
"1pgVY00000003cGYAQ","INVALID_OR_NULL_FOR_RESTRICTED_PICKLIST:Status: bad value for restricted picklist field: Cancelled:Status --","1pgVY00000003cGYAQ","Cancelled"
"1pgVY00000003dpYAA","INVALID_OR_NULL_FOR_RESTRICTED_PICKLIST:Status: bad value for restricted picklist field: Cancelled:Status --","1pgVY00000003dpYAA","Cancelled"
"1pgVY00000003dqYAA","INVALID_OR_NULL_FOR_RESTRICTED_PICKLIST:Status: bad value for restricted picklist field: Cancelled:Status --","1pgVY00000003dqYAA","Cancelled"
"1pgVY00000003drYAA","INVALID_OR_NULL_FOR_RESTRICTED_PICKLIST:Status: bad value for restricted picklist field: Cancelled:Status --","1pgVY00000003drYAA","Cancelled"
"1pgVY00000003dsYAA","INVALID_OR_NULL_FOR_RESTRICTED_PICKLIST:Status: bad value for restricted picklist field: Cancelled:Status --","1pgVY00000003dsYAA","Cancelled"
"1pgVY00000003fRYAQ","INVALID_OR_NULL_FOR_RESTRICTED_PICKLIST:Status: bad value for restricted picklist field: Cancelled:Status --","1pgVY00000003fRYAQ","Cancelled"
"1pgVY00000003fSYAQ","INVALID_OR_NULL_FOR_RESTRICTED_PICKLIST:Status: bad value for restricted picklist field: Cancelled:Status --","1pgVY00000003fSYAQ","Cancelled"
"1pgVY00000003fTYAQ","INVALID_OR_NULL_FOR_RESTRICTED_PICKLIST:Status: bad value for restricted picklist field: Cancelled:Status --","1pgVY00000003fTYAQ","Cancelled"
"1pgVY00000003fUYAQ","INVALID_OR_NULL_FOR_RESTRICTED_PICKLIST:Status: bad value for restricted picklist field: Cancelled:Status --","1pgVY00000003fUYAQ","Cancelled"
"1pgVY00000003h3YAA","INVALID_OR_NULL_FOR_RESTRICTED_PICKLIST:Status: bad value for restricted picklist field: Cancelled:Status --","1pgVY00000003h3YAA","Cancelled"
"1pgVY00000003h4YAA","INVALID_OR_NULL_FOR_RESTRICTED_PICKLIST:Status: bad value for restricted picklist field: Cancelled:Status --","1pgVY00000003h4YAA","Cancelled"
"1pgVY00000003h5YAA","INVALID_OR_NULL_FOR_RESTRICTED_PICKLIST:Status: bad value for restricted picklist field: Cancelled:Status --","1pgVY00000003h5YAA","Cancelled"
"1pgVY00000003ifYAA","INVALID_OR_NULL_FOR_RESTRICTED_PICKLIST:Status: bad value for restricted picklist field: Cancelled:Status --","1pgVY00000003ifYAA","Cancelled"
"1pgVY00000003kHYAQ","INVALID_OR_NULL_FOR_RESTRICTED_PICKLIST:Status: bad value for restricted picklist field: Cancelled:Status --","1pgVY00000003kHYAQ","Cancelled"
"1pgVY00000003kIYAQ","INVALID_OR_NULL_FOR_RESTRICTED_PICKLIST:Status: bad value for restricted picklist field: Cancelled:Status --","1pgVY00000003kIYAQ","Cancelled"
"1pgVY00000003kJYAQ","INVALID_OR_NULL_FOR_RESTRICTED_PICKLIST:Status: bad value for restricted picklist field: Cancelled:Status --","1pgVY00000003kJYAQ","Cancelled"
"1pgVY00000003ltYAA","INVALID_OR_NULL_FOR_RESTRICTED_PICKLIST:Status: bad value for restricted picklist field: Cancelled:Status --","1pgVY00000003ltYAA","Cancelled"
"1pgVY00000003luYAA","INVALID_OR_NULL_FOR_RESTRICTED_PICKLIST:Status: bad value for restricted picklist field: Cancelled:Status --","1pgVY00000003luYAA","Cancelled"
"1pgVY00000003lvYAA","INVALID_OR_NULL_FOR_RESTRICTED_PICKLIST:Status: bad value for restricted picklist field: Cancelled:Status --","1pgVY00000003lvYAA","Cancelled"
"1pgVY00000003nVYAQ","INVALID_OR_NULL_FOR_RESTRICTED_PICKLIST:Status: bad value for restricted picklist field: Cancelled:Status --","1pgVY00000003nVYAQ","Cancelled"
"1pgVY00000003nWYAQ","INVALID_OR_NULL_FOR_RESTRICTED_PICKLIST:Status: bad value for restricted picklist field: Cancelled:Status --","1pgVY00000003nWYAQ","Cancelled"
"1pgVY00000003nXYAQ","INVALID_OR_NULL_FOR_RESTRICTED_PICKLIST:Status: bad value for restricted picklist field: Cancelled:Status --","1pgVY00000003nXYAQ","Cancelled"
"1pgVY00000003nYYAQ","INVALID_OR_NULL_FOR_RESTRICTED_PICKLIST:Status: bad value for restricted picklist field: Cancelled:Status --","1pgVY00000003nYYAQ","Cancelled"
"1pgVY00000003p7YAA","INVALID_OR_NULL_FOR_RESTRICTED_PICKLIST:Status: bad value for restricted picklist field: Cancelled:Status --","1pgVY00000003p7YAA","Cancelled"
"1pgVY00000003txYAA","INVALID_OR_NULL_FOR_RESTRICTED_PICKLIST:Status: bad value for restricted picklist field: Cancelled:Status --","1pgVY00000003txYAA","Cancelled"
"1pgVY00000003tyYAA","INVALID_OR_NULL_FOR_RESTRICTED_PICKLIST:Status: bad value for restricted picklist field: Cancelled:Status --","1pgVY00000003tyYAA","Cancelled"
"1pgVY00000003vZYAQ","INVALID_OR_NULL_FOR_RESTRICTED_PICKLIST:Status: bad value for restricted picklist field: Cancelled:Status --","1pgVY00000003vZYAQ","Cancelled"
"1pgVY00000003vaYAA","INVALID_OR_NULL_FOR_RESTRICTED_PICKLIST:Status: bad value for restricted picklist field: Cancelled:Status --","1pgVY00000003vaYAA","Cancelled"
"1pgVY00000003xBYAQ","INVALID_OR_NULL_FOR_RESTRICTED_PICKLIST:Status: bad value for restricted picklist field: Cancelled:Status --","1pgVY00000003xBYAQ","Cancelled"
"1pgVY00000003ynYAA","INVALID_OR_NULL_FOR_RESTRICTED_PICKLIST:Status: bad value for restricted picklist field: Cancelled:Status --","1pgVY00000003ynYAA","Cancelled"
"1pgVY000000040PYAQ","INVALID_OR_NULL_FOR_RESTRICTED_PICKLIST:Status: bad value for restricted picklist field: Cancelled:Status --","1pgVY000000040PYAQ","Cancelled"
"1pgVY0000000421YAA","INVALID_OR_NULL_FOR_RESTRICTED_PICKLIST:Status: bad value for restricted picklist field: Cancelled:Status --","1pgVY0000000421YAA","Cancelled"
"1pgVY000000043dYAA","INVALID_OR_NULL_FOR_RESTRICTED_PICKLIST:Status: bad value for restricted picklist field: Cancelled:Status --","1pgVY000000043dYAA","Cancelled"
"1pgVY000000045FYAQ","INVALID_OR_NULL_FOR_RESTRICTED_PICKLIST:Status: bad value for restricted picklist field: Cancelled:Status --","1pgVY000000045FYAQ","Cancelled"
"1pgVY000000045GYAQ","INVALID_OR_NULL_FOR_RESTRICTED_PICKLIST:Status: bad value for restricted picklist field: Cancelled:Status --","1pgVY000000045GYAQ","Cancelled"
"1pgVY000000045HYAQ","INVALID_OR_NULL_FOR_RESTRICTED_PICKLIST:Status: bad value for restricted picklist field: Cancelled:Status --","1pgVY000000045HYAQ","Cancelled"
"1pgVY000000045IYAQ","INVALID_OR_NULL_FOR_RESTRICTED_PICKLIST:Status: bad value for restricted picklist field: Cancelled:Status --","1pgVY000000045IYAQ","Cancelled"
"1pgVY000000045JYAQ","INVALID_OR_NULL_FOR_RESTRICTED_PICKLIST:Status: bad value for restricted picklist field: Cancelled:Status --","1pgVY000000045JYAQ","Cancelled"
"1pgVY000000046rYAA","INVALID_OR_NULL_FOR_RESTRICTED_PICKLIST:Status: bad value for restricted picklist field: Cancelled:Status --","1pgVY000000046rYAA","Cancelled"
"1pgVY000000046sYAA","INVALID_OR_NULL_FOR_RESTRICTED_PICKLIST:Status: bad value for restricted picklist field: Cancelled:Status --","1pgVY000000046sYAA","Cancelled"
"1pgVY000000046tYAA","INVALID_OR_NULL_FOR_RESTRICTED_PICKLIST:Status: bad value for restricted picklist field: Cancelled:Status --","1pgVY000000046tYAA","Cancelled"
"1pgVY000000046uYAA","INVALID_OR_NULL_FOR_RESTRICTED_PICKLIST:Status: bad value for restricted picklist field: Cancelled:Status --","1pgVY000000046uYAA","Cancelled"
"1pgVY000000048TYAQ","INVALID_OR_NULL_FOR_RESTRICTED_PICKLIST:Status: bad value for restricted picklist field: Cancelled:Status --","1pgVY000000048TYAQ","Cancelled"
"1pgVY000000048UYAQ","INVALID_OR_NULL_FOR_RESTRICTED_PICKLIST:Status: bad value for restricted picklist field: Cancelled:Status --","1pgVY000000048UYAQ","Cancelled"
"1pgVY000000048VYAQ","INVALID_OR_NULL_FOR_RESTRICTED_PICKLIST:Status: bad value for restricted picklist field: Cancelled:Status --","1pgVY000000048VYAQ","Cancelled"
"1pgVY000000048WYAQ","INVALID_OR_NULL_FOR_RESTRICTED_PICKLIST:Status: bad value for restricted picklist field: Cancelled:Status --","1pgVY000000048WYAQ","Cancelled"
"1pgVY000000048XYAQ","INVALID_OR_NULL_FOR_RESTRICTED_PICKLIST:Status: bad value for restricted picklist field: Cancelled:Status --","1pgVY000000048XYAQ","Cancelled"
"1pgVY00000004A5YAI","INVALID_OR_NULL_FOR_RESTRICTED_PICKLIST:Status: bad value for restricted picklist field: Cancelled:Status --","1pgVY00000004A5YAI","Cancelled"
"1pgVY00000004BhYAI","INVALID_OR_NULL_FOR_RESTRICTED_PICKLIST:Status: bad value for restricted picklist field: Cancelled:Status --","1pgVY00000004BhYAI","Cancelled"
"1pgVY00000004DJYAY","INVALID_OR_NULL_FOR_RESTRICTED_PICKLIST:Status: bad value for restricted picklist field: Cancelled:Status --","1pgVY00000004DJYAY","Cancelled"
"1pgVY00000004DKYAY","INVALID_OR_NULL_FOR_RESTRICTED_PICKLIST:Status: bad value for restricted picklist field: Cancelled:Status --","1pgVY00000004DKYAY","Cancelled"
"1pgVY00000004DLYAY","INVALID_OR_NULL_FOR_RESTRICTED_PICKLIST:Status: bad value for restricted picklist field: Cancelled:Status --","1pgVY00000004DLYAY","Cancelled"
"1pgVY00000004EvYAI","INVALID_OR_NULL_FOR_RESTRICTED_PICKLIST:Status: bad value for restricted picklist field: Cancelled:Status --","1pgVY00000004EvYAI","Cancelled"
"1pgVY00000004EwYAI","INVALID_OR_NULL_FOR_RESTRICTED_PICKLIST:Status: bad value for restricted picklist field: Cancelled:Status --","1pgVY00000004EwYAI","Cancelled"
"1pgVY00000004ExYAI","INVALID_OR_NULL_FOR_RESTRICTED_PICKLIST:Status: bad value for restricted picklist field: Cancelled:Status --","1pgVY00000004ExYAI","Cancelled"
"1pgVY00000004EyYAI","INVALID_OR_NULL_FOR_RESTRICTED_PICKLIST:Status: bad value for restricted picklist field: Cancelled:Status --","1pgVY00000004EyYAI","Cancelled"
"1pgVY00000004GXYAY","INVALID_OR_NULL_FOR_RESTRICTED_PICKLIST:Status: bad value for restricted picklist field: Cancelled:Status --","1pgVY00000004GXYAY","Cancelled"
"1pgVY00000004GYYAY","INVALID_OR_NULL_FOR_RESTRICTED_PICKLIST:Status: bad value for restricted picklist field: Cancelled:Status --","1pgVY00000004GYYAY","Cancelled"
"1pgVY00000004GZYAY","INVALID_OR_NULL_FOR_RESTRICTED_PICKLIST:Status: bad value for restricted picklist field: Cancelled:Status --","1pgVY00000004GZYAY","Cancelled"
"1pgVY00000004GaYAI","INVALID_OR_NULL_FOR_RESTRICTED_PICKLIST:Status: bad value for restricted picklist field: Cancelled:Status --","1pgVY00000004GaYAI","Cancelled"
"1pgVY00000004I9YAI","INVALID_OR_NULL_FOR_RESTRICTED_PICKLIST:Status: bad value for restricted picklist field: Cancelled:Status --","1pgVY00000004I9YAI","Cancelled"
"1pgVY00000004IAYAY","INVALID_OR_NULL_FOR_RESTRICTED_PICKLIST:Status: bad value for restricted picklist field: Cancelled:Status --","1pgVY00000004IAYAY","Cancelled"
"1pgVY00000004IBYAY","INVALID_OR_NULL_FOR_RESTRICTED_PICKLIST:Status: bad value for restricted picklist field: Cancelled:Status --","1pgVY00000004IBYAY","Cancelled"
"1pgVY00000004ICYAY","INVALID_OR_NULL_FOR_RESTRICTED_PICKLIST:Status: bad value for restricted picklist field: Cancelled:Status --","1pgVY00000004ICYAY","Cancelled"
"1pgVY00000004JlYAI","INVALID_OR_NULL_FOR_RESTRICTED_PICKLIST:Status: bad value for restricted picklist field: Cancelled:Status --","1pgVY00000004JlYAI","Cancelled"
"1pgVY00000004JmYAI","INVALID_OR_NULL_FOR_RESTRICTED_PICKLIST:Status: bad value for restricted picklist field: Cancelled:Status --","1pgVY00000004JmYAI","Cancelled"
"1pgVY00000004JnYAI","INVALID_OR_NULL_FOR_RESTRICTED_PICKLIST:Status: bad value for restricted picklist field: Cancelled:Status --","1pgVY00000004JnYAI","Cancelled"
"1pgVY00000004LNYAY","INVALID_OR_NULL_FOR_RESTRICTED_PICKLIST:Status: bad value for restricted picklist field: Cancelled:Status --","1pgVY00000004LNYAY","Cancelled"
"1pgVY00000004LOYAY","INVALID_OR_NULL_FOR_RESTRICTED_PICKLIST:Status: bad value for restricted picklist field: Cancelled:Status --","1pgVY00000004LOYAY","Cancelled"
"1pgVY00000004LPYAY","INVALID_OR_NULL_FOR_RESTRICTED_PICKLIST:Status: bad value for restricted picklist field: Cancelled:Status --","1pgVY00000004LPYAY","Cancelled"
"1pgVY00000004MzYAI","INVALID_OR_NULL_FOR_RESTRICTED_PICKLIST:Status: bad value for restricted picklist field: Cancelled:Status --","1pgVY00000004MzYAI","Cancelled"
"1pgVY00000004N0YAI","INVALID_OR_NULL_FOR_RESTRICTED_PICKLIST:Status: bad value for restricted picklist field: Cancelled:Status --","1pgVY00000004N0YAI","Cancelled"
"1pgVY00000004N1YAI","INVALID_OR_NULL_FOR_RESTRICTED_PICKLIST:Status: bad value for restricted picklist field: Cancelled:Status --","1pgVY00000004N1YAI","Cancelled"
"1pgVY00000004N2YAI","INVALID_OR_NULL_FOR_RESTRICTED_PICKLIST:Status: bad value for restricted picklist field: Cancelled:Status --","1pgVY00000004N2YAI","Cancelled"
"1pgVY00000004N3YAI","INVALID_OR_NULL_FOR_RESTRICTED_PICKLIST:Status: bad value for restricted picklist field: Cancelled:Status --","1pgVY00000004N3YAI","Cancelled"
"1pgVY00000004N4YAI","INVALID_OR_NULL_FOR_RESTRICTED_PICKLIST:Status: bad value for restricted picklist field: Cancelled:Status --","1pgVY00000004N4YAI","Cancelled"
"1pgVY00000004N5YAI","INVALID_OR_NULL_FOR_RESTRICTED_PICKLIST:Status: bad value for restricted picklist field: Cancelled:Status --","1pgVY00000004N5YAI","Cancelled"
"1pgVY00000004N6YAI","INVALID_OR_NULL_FOR_RESTRICTED_PICKLIST:Status: bad value for restricted picklist field: Cancelled:Status --","1pgVY00000004N6YAI","Cancelled"
"1pgVY00000004N7YAI","INVALID_OR_NULL_FOR_RESTRICTED_PICKLIST:Status: bad value for restricted picklist field: Cancelled:Status --","1pgVY00000004N7YAI","Cancelled"
"1pgVY00000004N8YAI","INVALID_OR_NULL_FOR_RESTRICTED_PICKLIST:Status: bad value for restricted picklist field: Cancelled:Status --","1pgVY00000004N8YAI","Cancelled"
"1pgVY00000004N9YAI","INVALID_OR_NULL_FOR_RESTRICTED_PICKLIST:Status: bad value for restricted picklist field: Cancelled:Status --","1pgVY00000004N9YAI","Cancelled"
"1pgVY00000004NAYAY","INVALID_OR_NULL_FOR_RESTRICTED_PICKLIST:Status: bad value for restricted picklist field: Cancelled:Status --","1pgVY00000004NAYAY","Cancelled"
"1pgVY00000004NBYAY","INVALID_OR_NULL_FOR_RESTRICTED_PICKLIST:Status: bad value for restricted picklist field: Cancelled:Status --","1pgVY00000004NBYAY","Cancelled"
"1pgVY00000004NCYAY","INVALID_OR_NULL_FOR_RESTRICTED_PICKLIST:Status: bad value for restricted picklist field: Cancelled:Status --","1pgVY00000004NCYAY","Cancelled"
"1pgVY00000004NDYAY","INVALID_OR_NULL_FOR_RESTRICTED_PICKLIST:Status: bad value for restricted picklist field: Cancelled:Status --","1pgVY00000004NDYAY","Cancelled"
"1pgVY00000004NEYAY","INVALID_OR_NULL_FOR_RESTRICTED_PICKLIST:Status: bad value for restricted picklist field: Cancelled:Status --","1pgVY00000004NEYAY","Cancelled"
"1pgVY00000004NFYAY","INVALID_OR_NULL_FOR_RESTRICTED_PICKLIST:Status: bad value for restricted picklist field: Cancelled:Status --","1pgVY00000004NFYAY","Cancelled"
"1pgVY00000004ObYAI","INVALID_OR_NULL_FOR_RESTRICTED_PICKLIST:Status: bad value for restricted picklist field: Cancelled:Status --","1pgVY00000004ObYAI","Cancelled"
"1pgVY00000004OcYAI","INVALID_OR_NULL_FOR_RESTRICTED_PICKLIST:Status: bad value for restricted picklist field: Cancelled:Status --","1pgVY00000004OcYAI","Cancelled"
"1pgVY00000004OdYAI","INVALID_OR_NULL_FOR_RESTRICTED_PICKLIST:Status: bad value for restricted picklist field: Cancelled:Status --","1pgVY00000004OdYAI","Cancelled"
"1pgVY00000004OeYAI","INVALID_OR_NULL_FOR_RESTRICTED_PICKLIST:Status: bad value for restricted picklist field: Cancelled:Status --","1pgVY00000004OeYAI","Cancelled"
"1pgVY00000004OfYAI","INVALID_OR_NULL_FOR_RESTRICTED_PICKLIST:Status: bad value for restricted picklist field: Cancelled:Status --","1pgVY00000004OfYAI","Cancelled"
"1pgVY00000004OgYAI","INVALID_OR_NULL_FOR_RESTRICTED_PICKLIST:Status: bad value for restricted picklist field: Cancelled:Status --","1pgVY00000004OgYAI","Cancelled"
"1pgVY00000004OhYAI","INVALID_OR_NULL_FOR_RESTRICTED_PICKLIST:Status: bad value for restricted picklist field: Cancelled:Status --","1pgVY00000004OhYAI","Cancelled"
"1pgVY00000004OiYAI","INVALID_OR_NULL_FOR_RESTRICTED_PICKLIST:Status: bad value for restricted picklist field: Cancelled:Status --","1pgVY00000004OiYAI","Cancelled"
"1pgVY00000004OjYAI","INVALID_OR_NULL_FOR_RESTRICTED_PICKLIST:Status: bad value for restricted picklist field: Cancelled:Status --","1pgVY00000004OjYAI","Cancelled"
"1pgVY00000004OkYAI","INVALID_OR_NULL_FOR_RESTRICTED_PICKLIST:Status: bad value for restricted picklist field: Cancelled:Status --","1pgVY00000004OkYAI","Cancelled"
"1pgVY00000004OlYAI","INVALID_OR_NULL_FOR_RESTRICTED_PICKLIST:Status: bad value for restricted picklist field: Cancelled:Status --","1pgVY00000004OlYAI","Cancelled"
"1pgVY00000004OmYAI","INVALID_OR_NULL_FOR_RESTRICTED_PICKLIST:Status: bad value for restricted picklist field: Cancelled:Status --","1pgVY00000004OmYAI","Cancelled"
"1pgVY00000004OnYAI","INVALID_OR_NULL_FOR_RESTRICTED_PICKLIST:Status: bad value for restricted picklist field: Cancelled:Status --","1pgVY00000004OnYAI","Cancelled"
"1pgVY00000004OoYAI","INVALID_OR_NULL_FOR_RESTRICTED_PICKLIST:Status: bad value for restricted picklist field: Cancelled:Status --","1pgVY00000004OoYAI","Cancelled"
"1pgVY00000004OpYAI","INVALID_OR_NULL_FOR_RESTRICTED_PICKLIST:Status: bad value for restricted picklist field: Cancelled:Status --","1pgVY00000004OpYAI","Cancelled"
"1pgVY00000004OqYAI","INVALID_OR_NULL_FOR_RESTRICTED_PICKLIST:Status: bad value for restricted picklist field: Cancelled:Status --","1pgVY00000004OqYAI","Cancelled"
"1pgVY00000004OrYAI","INVALID_OR_NULL_FOR_RESTRICTED_PICKLIST:Status: bad value for restricted picklist field: Cancelled:Status --","1pgVY00000004OrYAI","Cancelled"
"1pgVY00000004QDYAY","INVALID_OR_NULL_FOR_RESTRICTED_PICKLIST:Status: bad value for restricted picklist field: Cancelled:Status --","1pgVY00000004QDYAY","Cancelled"
"1pgVY00000004QEYAY","INVALID_OR_NULL_FOR_RESTRICTED_PICKLIST:Status: bad value for restricted picklist field: Cancelled:Status --","1pgVY00000004QEYAY","Cancelled"
"1pgVY00000004QFYAY","INVALID_OR_NULL_FOR_RESTRICTED_PICKLIST:Status: bad value for restricted picklist field: Cancelled:Status --","1pgVY00000004QFYAY","Cancelled"
"1pgVY00000004RpYAI","INVALID_OR_NULL_FOR_RESTRICTED_PICKLIST:Status: bad value for restricted picklist field: Cancelled:Status --","1pgVY00000004RpYAI","Cancelled"
"1pgVY00000004TRYAY","INVALID_OR_NULL_FOR_RESTRICTED_PICKLIST:Status: bad value for restricted picklist field: Cancelled:Status --","1pgVY00000004TRYAY","Cancelled"
"1pgVY00000004TSYAY","INVALID_OR_NULL_FOR_RESTRICTED_PICKLIST:Status: bad value for restricted picklist field: Cancelled:Status --","1pgVY00000004TSYAY","Cancelled"
"1pgVY00000004TTYAY","INVALID_OR_NULL_FOR_RESTRICTED_PICKLIST:Status: bad value for restricted picklist field: Cancelled:Status --","1pgVY00000004TTYAY","Cancelled"
"1pgVY00000004TUYAY","INVALID_OR_NULL_FOR_RESTRICTED_PICKLIST:Status: bad value for restricted picklist field: Cancelled:Status --","1pgVY00000004TUYAY","Cancelled"
"1pgVY00000004TVYAY","INVALID_OR_NULL_FOR_RESTRICTED_PICKLIST:Status: bad value for restricted picklist field: Cancelled:Status --","1pgVY00000004TVYAY","Cancelled"
"1pgVY00000004TWYAY","INVALID_OR_NULL_FOR_RESTRICTED_PICKLIST:Status: bad value for restricted picklist field: Cancelled:Status --","1pgVY00000004TWYAY","Cancelled"
"1pgVY00000004TXYAY","INVALID_OR_NULL_FOR_RESTRICTED_PICKLIST:Status: bad value for restricted picklist field: Cancelled:Status --","1pgVY00000004TXYAY","Cancelled"
"1pgVY00000004V3YAI","INVALID_OR_NULL_FOR_RESTRICTED_PICKLIST:Status: bad value for restricted picklist field: Cancelled:Status --","1pgVY00000004V3YAI","Cancelled"
"1pgVY00000004WfYAI","INVALID_OR_NULL_FOR_RESTRICTED_PICKLIST:Status: bad value for restricted picklist field: Cancelled:Status --","1pgVY00000004WfYAI","Cancelled"
"1pgVY00000004WgYAI","INVALID_OR_NULL_FOR_RESTRICTED_PICKLIST:Status: bad value for restricted picklist field: Cancelled:Status --","1pgVY00000004WgYAI","Cancelled"
"1pgVY00000004YHYAY","INVALID_OR_NULL_FOR_RESTRICTED_PICKLIST:Status: bad value for restricted picklist field: Cancelled:Status --","1pgVY00000004YHYAY","Cancelled"
"1pgVY00000004YIYAY","INVALID_OR_NULL_FOR_RESTRICTED_PICKLIST:Status: bad value for restricted picklist field: Cancelled:Status --","1pgVY00000004YIYAY","Cancelled"
"1pgVY00000004YJYAY","INVALID_OR_NULL_FOR_RESTRICTED_PICKLIST:Status: bad value for restricted picklist field: Cancelled:Status --","1pgVY00000004YJYAY","Cancelled"
"1pgVY00000004ZtYAI","INVALID_OR_NULL_FOR_RESTRICTED_PICKLIST:Status: bad value for restricted picklist field: Cancelled:Status --","1pgVY00000004ZtYAI","Cancelled"
"1pgVY00000004ZuYAI","INVALID_OR_NULL_FOR_RESTRICTED_PICKLIST:Status: bad value for restricted picklist field: Cancelled:Status --","1pgVY00000004ZuYAI","Cancelled"
"1pgVY00000004ZvYAI","INVALID_OR_NULL_FOR_RESTRICTED_PICKLIST:Status: bad value for restricted picklist field: Cancelled:Status --","1pgVY00000004ZvYAI","Cancelled"
"1pgVY00000004bVYAQ","INVALID_OR_NULL_FOR_RESTRICTED_PICKLIST:Status: bad value for restricted picklist field: Cancelled:Status --","1pgVY00000004bVYAQ","Cancelled"
"1pgVY00000004d7YAA","INVALID_OR_NULL_FOR_RESTRICTED_PICKLIST:Status: bad value for restricted picklist field: Cancelled:Status --","1pgVY00000004d7YAA","Cancelled"
"1pgVY00000004d8YAA","INVALID_OR_NULL_FOR_RESTRICTED_PICKLIST:Status: bad value for restricted picklist field: Cancelled:Status --","1pgVY00000004d8YAA","Cancelled"
"1pgVY00000004d9YAA","INVALID_OR_NULL_FOR_RESTRICTED_PICKLIST:Status: bad value for restricted picklist field: Cancelled:Status --","1pgVY00000004d9YAA","Cancelled"
"1pgVY00000004ejYAA","INVALID_OR_NULL_FOR_RESTRICTED_PICKLIST:Status: bad value for restricted picklist field: Cancelled:Status --","1pgVY00000004ejYAA","Cancelled"
"1pgVY00000004ekYAA","INVALID_OR_NULL_FOR_RESTRICTED_PICKLIST:Status: bad value for restricted picklist field: Cancelled:Status --","1pgVY00000004ekYAA","Cancelled"
"1pgVY00000004gLYAQ","INVALID_OR_NULL_FOR_RESTRICTED_PICKLIST:Status: bad value for restricted picklist field: Cancelled:Status --","1pgVY00000004gLYAQ","Cancelled"
"1pgVY00000004gMYAQ","INVALID_OR_NULL_FOR_RESTRICTED_PICKLIST:Status: bad value for restricted picklist field: Cancelled:Status --","1pgVY00000004gMYAQ","Cancelled"
"1pgVY00000004gNYAQ","INVALID_OR_NULL_FOR_RESTRICTED_PICKLIST:Status: bad value for restricted picklist field: Cancelled:Status --","1pgVY00000004gNYAQ","Cancelled"
"1pgVY00000004gOYAQ","INVALID_OR_NULL_FOR_RESTRICTED_PICKLIST:Status: bad value for restricted picklist field: Cancelled:Status --","1pgVY00000004gOYAQ","Cancelled"
"1pgVY00000004gPYAQ","INVALID_OR_NULL_FOR_RESTRICTED_PICKLIST:Status: bad value for restricted picklist field: Cancelled:Status --","1pgVY00000004gPYAQ","Cancelled"
"1pgVY00000004gQYAQ","INVALID_OR_NULL_FOR_RESTRICTED_PICKLIST:Status: bad value for restricted picklist field: Cancelled:Status --","1pgVY00000004gQYAQ","Cancelled"
"1pgVY00000004gRYAQ","INVALID_OR_NULL_FOR_RESTRICTED_PICKLIST:Status: bad value for restricted picklist field: Cancelled:Status --","1pgVY00000004gRYAQ","Cancelled"
"1pgVY00000004gSYAQ","INVALID_OR_NULL_FOR_RESTRICTED_PICKLIST:Status: bad value for restricted picklist field: Cancelled:Status --","1pgVY00000004gSYAQ","Cancelled"
"1pgVY00000004gTYAQ","INVALID_OR_NULL_FOR_RESTRICTED_PICKLIST:Status: bad value for restricted picklist field: Cancelled:Status --","1pgVY00000004gTYAQ","Cancelled"
"1pgVY00000004hxYAA","INVALID_OR_NULL_FOR_RESTRICTED_PICKLIST:Status: bad value for restricted picklist field: Cancelled:Status --","1pgVY00000004hxYAA","Cancelled"
"1pgVY00000004hyYAA","INVALID_OR_NULL_FOR_RESTRICTED_PICKLIST:Status: bad value for restricted picklist field: Cancelled:Status --","1pgVY00000004hyYAA","Cancelled"
"1pgVY00000004hzYAA","INVALID_OR_NULL_FOR_RESTRICTED_PICKLIST:Status: bad value for restricted picklist field: Cancelled:Status --","1pgVY00000004hzYAA","Cancelled"
"1pgVY00000004i0YAA","INVALID_OR_NULL_FOR_RESTRICTED_PICKLIST:Status: bad value for restricted picklist field: Cancelled:Status --","1pgVY00000004i0YAA","Cancelled"
"1pgVY00000004i1YAA","INVALID_OR_NULL_FOR_RESTRICTED_PICKLIST:Status: bad value for restricted picklist field: Cancelled:Status --","1pgVY00000004i1YAA","Cancelled"
"1pgVY00000004i2YAA","INVALID_OR_NULL_FOR_RESTRICTED_PICKLIST:Status: bad value for restricted picklist field: Cancelled:Status --","1pgVY00000004i2YAA","Cancelled"
"1pgVY00000004i3YAA","INVALID_OR_NULL_FOR_RESTRICTED_PICKLIST:Status: bad value for restricted picklist field: Cancelled:Status --","1pgVY00000004i3YAA","Cancelled"
"1pgVY00000004i4YAA","INVALID_OR_NULL_FOR_RESTRICTED_PICKLIST:Status: bad value for restricted picklist field: Cancelled:Status --","1pgVY00000004i4YAA","Cancelled"
"1pgVY00000004i5YAA","INVALID_OR_NULL_FOR_RESTRICTED_PICKLIST:Status: bad value for restricted picklist field: Cancelled:Status --","1pgVY00000004i5YAA","Cancelled"
"1pgVY00000004jZYAQ","INVALID_OR_NULL_FOR_RESTRICTED_PICKLIST:Status: bad value for restricted picklist field: Cancelled:Status --","1pgVY00000004jZYAQ","Cancelled"
"1pgVY00000004jaYAA","INVALID_OR_NULL_FOR_RESTRICTED_PICKLIST:Status: bad value for restricted picklist field: Cancelled:Status --","1pgVY00000004jaYAA","Cancelled"
"1pgVY00000004jbYAA","INVALID_OR_NULL_FOR_RESTRICTED_PICKLIST:Status: bad value for restricted picklist field: Cancelled:Status --","1pgVY00000004jbYAA","Cancelled"
"1pgVY00000004jcYAA","INVALID_OR_NULL_FOR_RESTRICTED_PICKLIST:Status: bad value for restricted picklist field: Cancelled:Status --","1pgVY00000004jcYAA","Cancelled"
"1pgVY00000004jdYAA","INVALID_OR_NULL_FOR_RESTRICTED_PICKLIST:Status: bad value for restricted picklist field: Cancelled:Status --","1pgVY00000004jdYAA","Cancelled"
"1pgVY00000004jeYAA","INVALID_OR_NULL_FOR_RESTRICTED_PICKLIST:Status: bad value for restricted picklist field: Cancelled:Status --","1pgVY00000004jeYAA","Cancelled"
"1pgVY00000004jfYAA","INVALID_OR_NULL_FOR_RESTRICTED_PICKLIST:Status: bad value for restricted picklist field: Cancelled:Status --","1pgVY00000004jfYAA","Cancelled"
"1pgVY00000004jgYAA","INVALID_OR_NULL_FOR_RESTRICTED_PICKLIST:Status: bad value for restricted picklist field: Cancelled:Status --","1pgVY00000004jgYAA","Cancelled"
"1pgVY00000004jhYAA","INVALID_OR_NULL_FOR_RESTRICTED_PICKLIST:Status: bad value for restricted picklist field: Cancelled:Status --","1pgVY00000004jhYAA","Cancelled"
"1pgVY00000004lBYAQ","INVALID_OR_NULL_FOR_RESTRICTED_PICKLIST:Status: bad value for restricted picklist field: Cancelled:Status --","1pgVY00000004lBYAQ","Cancelled"
"1pgVY00000004lCYAQ","INVALID_OR_NULL_FOR_RESTRICTED_PICKLIST:Status: bad value for restricted picklist field: Cancelled:Status --","1pgVY00000004lCYAQ","Cancelled"
"1pgVY00000004lDYAQ","INVALID_OR_NULL_FOR_RESTRICTED_PICKLIST:Status: bad value for restricted picklist field: Cancelled:Status --","1pgVY00000004lDYAQ","Cancelled"
"1pgVY00000004lEYAQ","INVALID_OR_NULL_FOR_RESTRICTED_PICKLIST:Status: bad value for restricted picklist field: Cancelled:Status --","1pgVY00000004lEYAQ","Cancelled"
"1pgVY00000004lFYAQ","INVALID_OR_NULL_FOR_RESTRICTED_PICKLIST:Status: bad value for restricted picklist field: Cancelled:Status --","1pgVY00000004lFYAQ","Cancelled"
"1pgVY00000004lGYAQ","INVALID_OR_NULL_FOR_RESTRICTED_PICKLIST:Status: bad value for restricted picklist field: Cancelled:Status --","1pgVY00000004lGYAQ","Cancelled"
"1pgVY00000004lHYAQ","INVALID_OR_NULL_FOR_RESTRICTED_PICKLIST:Status: bad value for restricted picklist field: Cancelled:Status --","1pgVY00000004lHYAQ","Cancelled"
"1pgVY00000004lIYAQ","INVALID_OR_NULL_FOR_RESTRICTED_PICKLIST:Status: bad value for restricted picklist field: Cancelled:Status --","1pgVY00000004lIYAQ","Cancelled"
"1pgVY00000004lJYAQ","INVALID_OR_NULL_FOR_RESTRICTED_PICKLIST:Status: bad value for restricted picklist field: Cancelled:Status --","1pgVY00000004lJYAQ","Cancelled"
"1pgVY00000004mnYAA","INVALID_OR_NULL_FOR_RESTRICTED_PICKLIST:Status: bad value for restricted picklist field: Cancelled:Status --","1pgVY00000004mnYAA","Cancelled"
"1pgVY00000004moYAA","INVALID_OR_NULL_FOR_RESTRICTED_PICKLIST:Status: bad value for restricted picklist field: Cancelled:Status --","1pgVY00000004moYAA","Cancelled"
"1pgVY00000004mpYAA","INVALID_OR_NULL_FOR_RESTRICTED_PICKLIST:Status: bad value for restricted picklist field: Cancelled:Status --","1pgVY00000004mpYAA","Cancelled"
"1pgVY00000004mqYAA","INVALID_OR_NULL_FOR_RESTRICTED_PICKLIST:Status: bad value for restricted picklist field: Cancelled:Status --","1pgVY00000004mqYAA","Cancelled"
"1pgVY00000004mrYAA","INVALID_OR_NULL_FOR_RESTRICTED_PICKLIST:Status: bad value for restricted picklist field: Cancelled:Status --","1pgVY00000004mrYAA","Cancelled"
"1pgVY00000004msYAA","INVALID_OR_NULL_FOR_RESTRICTED_PICKLIST:Status: bad value for restricted picklist field: Cancelled:Status --","1pgVY00000004msYAA","Cancelled"
"1pgVY00000004mtYAA","INVALID_OR_NULL_FOR_RESTRICTED_PICKLIST:Status: bad value for restricted picklist field: Cancelled:Status --","1pgVY00000004mtYAA","Cancelled"
"1pgVY00000004muYAA","INVALID_OR_NULL_FOR_RESTRICTED_PICKLIST:Status: bad value for restricted picklist field: Cancelled:Status --","1pgVY00000004muYAA","Cancelled"
"1pgVY00000004mvYAA","INVALID_OR_NULL_FOR_RESTRICTED_PICKLIST:Status: bad value for restricted picklist field: Cancelled:Status --","1pgVY00000004mvYAA","Cancelled"
"1pgVY00000004oPYAQ","INVALID_OR_NULL_FOR_RESTRICTED_PICKLIST:Status: bad value for restricted picklist field: Cancelled:Status --","1pgVY00000004oPYAQ","Cancelled"
"1pgVY00000004oQYAQ","INVALID_OR_NULL_FOR_RESTRICTED_PICKLIST:Status: bad value for restricted picklist field: Cancelled:Status --","1pgVY00000004oQYAQ","Cancelled"
"1pgVY00000004oRYAQ","INVALID_OR_NULL_FOR_RESTRICTED_PICKLIST:Status: bad value for restricted picklist field: Cancelled:Status --","1pgVY00000004oRYAQ","Cancelled"
"1pgVY00000004oSYAQ","INVALID_OR_NULL_FOR_RESTRICTED_PICKLIST:Status: bad value for restricted picklist field: Cancelled:Status --","1pgVY00000004oSYAQ","Cancelled"
"1pgVY00000004oTYAQ","INVALID_OR_NULL_FOR_RESTRICTED_PICKLIST:Status: bad value for restricted picklist field: Cancelled:Status --","1pgVY00000004oTYAQ","Cancelled"
"1pgVY00000004oUYAQ","INVALID_OR_NULL_FOR_RESTRICTED_PICKLIST:Status: bad value for restricted picklist field: Cancelled:Status --","1pgVY00000004oUYAQ","Cancelled"
"1pgVY00000004oVYAQ","INVALID_OR_NULL_FOR_RESTRICTED_PICKLIST:Status: bad value for restricted picklist field: Cancelled:Status --","1pgVY00000004oVYAQ","Cancelled"
"1pgVY00000004oWYAQ","INVALID_OR_NULL_FOR_RESTRICTED_PICKLIST:Status: bad value for restricted picklist field: Cancelled:Status --","1pgVY00000004oWYAQ","Cancelled"
"1pgVY00000004oXYAQ","INVALID_OR_NULL_FOR_RESTRICTED_PICKLIST:Status: bad value for restricted picklist field: Cancelled:Status --","1pgVY00000004oXYAQ","Cancelled"
"1pgVY00000004q1YAA","INVALID_OR_NULL_FOR_RESTRICTED_PICKLIST:Status: bad value for restricted picklist field: Cancelled:Status --","1pgVY00000004q1YAA","Cancelled"
"1pgVY00000004q2YAA","INVALID_OR_NULL_FOR_RESTRICTED_PICKLIST:Status: bad value for restricted picklist field: Cancelled:Status --","1pgVY00000004q2YAA","Cancelled"
"1pgVY00000004q3YAA","INVALID_OR_NULL_FOR_RESTRICTED_PICKLIST:Status: bad value for restricted picklist field: Cancelled:Status --","1pgVY00000004q3YAA","Cancelled"
"1pgVY00000004q4YAA","INVALID_OR_NULL_FOR_RESTRICTED_PICKLIST:Status: bad value for restricted picklist field: Cancelled:Status --","1pgVY00000004q4YAA","Cancelled"
"1pgVY00000004q5YAA","INVALID_OR_NULL_FOR_RESTRICTED_PICKLIST:Status: bad value for restricted picklist field: Cancelled:Status --","1pgVY00000004q5YAA","Cancelled"
"1pgVY00000004q6YAA","INVALID_OR_NULL_FOR_RESTRICTED_PICKLIST:Status: bad value for restricted picklist field: Cancelled:Status --","1pgVY00000004q6YAA","Cancelled"
"1pgVY00000004q7YAA","INVALID_OR_NULL_FOR_RESTRICTED_PICKLIST:Status: bad value for restricted picklist field: Cancelled:Status --","1pgVY00000004q7YAA","Cancelled"
"1pgVY00000004q8YAA","INVALID_OR_NULL_FOR_RESTRICTED_PICKLIST:Status: bad value for restricted picklist field: Cancelled:Status --","1pgVY00000004q8YAA","Cancelled"
"1pgVY00000004rdYAA","INVALID_OR_NULL_FOR_RESTRICTED_PICKLIST:Status: bad value for restricted picklist field: Cancelled:Status --","1pgVY00000004rdYAA","Cancelled"
"1pgVY00000004reYAA","INVALID_OR_NULL_FOR_RESTRICTED_PICKLIST:Status: bad value for restricted picklist field: Cancelled:Status --","1pgVY00000004reYAA","Cancelled"
"1pgVY00000004rfYAA","INVALID_OR_NULL_FOR_RESTRICTED_PICKLIST:Status: bad value for restricted picklist field: Cancelled:Status --","1pgVY00000004rfYAA","Cancelled"
"1pgVY00000004rgYAA","INVALID_OR_NULL_FOR_RESTRICTED_PICKLIST:Status: bad value for restricted picklist field: Cancelled:Status --","1pgVY00000004rgYAA","Cancelled"
"1pgVY00000004rhYAA","INVALID_OR_NULL_FOR_RESTRICTED_PICKLIST:Status: bad value for restricted picklist field: Cancelled:Status --","1pgVY00000004rhYAA","Cancelled"
"1pgVY00000004riYAA","INVALID_OR_NULL_FOR_RESTRICTED_PICKLIST:Status: bad value for restricted picklist field: Cancelled:Status --","1pgVY00000004riYAA","Cancelled"
"1pgVY00000004rjYAA","INVALID_OR_NULL_FOR_RESTRICTED_PICKLIST:Status: bad value for restricted picklist field: Cancelled:Status --","1pgVY00000004rjYAA","Cancelled"
"1pgVY00000004rkYAA","INVALID_OR_NULL_FOR_RESTRICTED_PICKLIST:Status: bad value for restricted picklist field: Cancelled:Status --","1pgVY00000004rkYAA","Cancelled"
"1pgVY00000004tFYAQ","INVALID_OR_NULL_FOR_RESTRICTED_PICKLIST:Status: bad value for restricted picklist field: Cancelled:Status --","1pgVY00000004tFYAQ","Cancelled"
"1pgVY00000004tGYAQ","INVALID_OR_NULL_FOR_RESTRICTED_PICKLIST:Status: bad value for restricted picklist field: Cancelled:Status --","1pgVY00000004tGYAQ","Cancelled"
"1pgVY00000004tHYAQ","INVALID_OR_NULL_FOR_RESTRICTED_PICKLIST:Status: bad value for restricted picklist field: Cancelled:Status --","1pgVY00000004tHYAQ","Cancelled"
"1pgVY00000004tIYAQ","INVALID_OR_NULL_FOR_RESTRICTED_PICKLIST:Status: bad value for restricted picklist field: Cancelled:Status --","1pgVY00000004tIYAQ","Cancelled"
"1pgVY00000004tJYAQ","INVALID_OR_NULL_FOR_RESTRICTED_PICKLIST:Status: bad value for restricted picklist field: Cancelled:Status --","1pgVY00000004tJYAQ","Cancelled"
"1pgVY00000004tKYAQ","INVALID_OR_NULL_FOR_RESTRICTED_PICKLIST:Status: bad value for restricted picklist field: Cancelled:Status --","1pgVY00000004tKYAQ","Cancelled"
"1pgVY00000004tLYAQ","INVALID_OR_NULL_FOR_RESTRICTED_PICKLIST:Status: bad value for restricted picklist field: Cancelled:Status --","1pgVY00000004tLYAQ","Cancelled"
"1pgVY00000004tMYAQ","INVALID_OR_NULL_FOR_RESTRICTED_PICKLIST:Status: bad value for restricted picklist field: Cancelled:Status --","1pgVY00000004tMYAQ","Cancelled"
"1pgVY00000004urYAA","INVALID_OR_NULL_FOR_RESTRICTED_PICKLIST:Status: bad value for restricted picklist field: Cancelled:Status --","1pgVY00000004urYAA","Cancelled"
"1pgVY00000004usYAA","INVALID_OR_NULL_FOR_RESTRICTED_PICKLIST:Status: bad value for restricted picklist field: Cancelled:Status --","1pgVY00000004usYAA","Cancelled"
"1pgVY00000004utYAA","INVALID_OR_NULL_FOR_RESTRICTED_PICKLIST:Status: bad value for restricted picklist field: Cancelled:Status --","1pgVY00000004utYAA","Cancelled"
"1pgVY00000004uuYAA","INVALID_OR_NULL_FOR_RESTRICTED_PICKLIST:Status: bad value for restricted picklist field: Cancelled:Status --","1pgVY00000004uuYAA","Cancelled"
"1pgVY00000004uvYAA","INVALID_OR_NULL_FOR_RESTRICTED_PICKLIST:Status: bad value for restricted picklist field: Cancelled:Status --","1pgVY00000004uvYAA","Cancelled"
"1pgVY00000004uwYAA","INVALID_OR_NULL_FOR_RESTRICTED_PICKLIST:Status: bad value for restricted picklist field: Cancelled:Status --","1pgVY00000004uwYAA","Cancelled"
"1pgVY00000004uxYAA","INVALID_OR_NULL_FOR_RESTRICTED_PICKLIST:Status: bad value for restricted picklist field: Cancelled:Status --","1pgVY00000004uxYAA","Cancelled"
"1pgVY00000004uyYAA","INVALID_OR_NULL_FOR_RESTRICTED_PICKLIST:Status: bad value for restricted picklist field: Cancelled:Status --","1pgVY00000004uyYAA","Cancelled"
"1pgVY00000004wTYAQ","INVALID_OR_NULL_FOR_RESTRICTED_PICKLIST:Status: bad value for restricted picklist field: Cancelled:Status --","1pgVY00000004wTYAQ","Cancelled"
"1pgVY00000004wUYAQ","INVALID_OR_NULL_FOR_RESTRICTED_PICKLIST:Status: bad value for restricted picklist field: Cancelled:Status --","1pgVY00000004wUYAQ","Cancelled"
"1pgVY00000004wVYAQ","INVALID_OR_NULL_FOR_RESTRICTED_PICKLIST:Status: bad value for restricted picklist field: Cancelled:Status --","1pgVY00000004wVYAQ","Cancelled"
"1pgVY00000004wWYAQ","INVALID_OR_NULL_FOR_RESTRICTED_PICKLIST:Status: bad value for restricted picklist field: Cancelled:Status --","1pgVY00000004wWYAQ","Cancelled"
"1pgVY00000004wXYAQ","INVALID_OR_NULL_FOR_RESTRICTED_PICKLIST:Status: bad value for restricted picklist field: Cancelled:Status --","1pgVY00000004wXYAQ","Cancelled"
"1pgVY00000004wYYAQ","INVALID_OR_NULL_FOR_RESTRICTED_PICKLIST:Status: bad value for restricted picklist field: Cancelled:Status --","1pgVY00000004wYYAQ","Cancelled"
"1pgVY00000004wZYAQ","INVALID_OR_NULL_FOR_RESTRICTED_PICKLIST:Status: bad value for restricted picklist field: Cancelled:Status --","1pgVY00000004wZYAQ","Cancelled"
"1pgVY00000004waYAA","INVALID_OR_NULL_FOR_RESTRICTED_PICKLIST:Status: bad value for restricted picklist field: Cancelled:Status --","1pgVY00000004waYAA","Cancelled"
"1pgVY00000004y5YAA","INVALID_OR_NULL_FOR_RESTRICTED_PICKLIST:Status: bad value for restricted picklist field: Cancelled:Status --","1pgVY00000004y5YAA","Cancelled"
"1pgVY00000004y6YAA","INVALID_OR_NULL_FOR_RESTRICTED_PICKLIST:Status: bad value for restricted picklist field: Cancelled:Status --","1pgVY00000004y6YAA","Cancelled"
"1pgVY00000004y7YAA","INVALID_OR_NULL_FOR_RESTRICTED_PICKLIST:Status: bad value for restricted picklist field: Cancelled:Status --","1pgVY00000004y7YAA","Cancelled"
"1pgVY00000004y8YAA","INVALID_OR_NULL_FOR_RESTRICTED_PICKLIST:Status: bad value for restricted picklist field: Cancelled:Status --","1pgVY00000004y8YAA","Cancelled"
"1pgVY00000004y9YAA","INVALID_OR_NULL_FOR_RESTRICTED_PICKLIST:Status: bad value for restricted picklist field: Cancelled:Status --","1pgVY00000004y9YAA","Cancelled"
"1pgVY00000004yAYAQ","INVALID_OR_NULL_FOR_RESTRICTED_PICKLIST:Status: bad value for restricted picklist field: Cancelled:Status --","1pgVY00000004yAYAQ","Cancelled"
"1pgVY00000004yBYAQ","INVALID_OR_NULL_FOR_RESTRICTED_PICKLIST:Status: bad value for restricted picklist field: Cancelled:Status --","1pgVY00000004yBYAQ","Cancelled"
"1pgVY00000004yCYAQ","INVALID_OR_NULL_FOR_RESTRICTED_PICKLIST:Status: bad value for restricted picklist field: Cancelled:Status --","1pgVY00000004yCYAQ","Cancelled"
"1pgVY00000004zhYAA","INVALID_OR_NULL_FOR_RESTRICTED_PICKLIST:Status: bad value for restricted picklist field: Cancelled:Status --","1pgVY00000004zhYAA","Cancelled"
"1pgVY00000004ziYAA","INVALID_OR_NULL_FOR_RESTRICTED_PICKLIST:Status: bad value for restricted picklist field: Cancelled:Status --","1pgVY00000004ziYAA","Cancelled"
"1pgVY00000004zjYAA","INVALID_OR_NULL_FOR_RESTRICTED_PICKLIST:Status: bad value for restricted picklist field: Cancelled:Status --","1pgVY00000004zjYAA","Cancelled"
"1pgVY00000004zkYAA","INVALID_OR_NULL_FOR_RESTRICTED_PICKLIST:Status: bad value for restricted picklist field: Cancelled:Status --","1pgVY00000004zkYAA","Cancelled"
"1pgVY00000004zlYAA","INVALID_OR_NULL_FOR_RESTRICTED_PICKLIST:Status: bad value for restricted picklist field: Cancelled:Status --","1pgVY00000004zlYAA","Cancelled"
"1pgVY00000004zmYAA","INVALID_OR_NULL_FOR_RESTRICTED_PICKLIST:Status: bad value for restricted picklist field: Cancelled:Status --","1pgVY00000004zmYAA","Cancelled"
"1pgVY00000004znYAA","INVALID_OR_NULL_FOR_RESTRICTED_PICKLIST:Status: bad value for restricted picklist field: Cancelled:Status --","1pgVY00000004znYAA","Cancelled"
"1pgVY00000004zoYAA","INVALID_OR_NULL_FOR_RESTRICTED_PICKLIST:Status: bad value for restricted picklist field: Cancelled:Status --","1pgVY00000004zoYAA","Cancelled"
"1pgVY000000051JYAQ","INVALID_OR_NULL_FOR_RESTRICTED_PICKLIST:Status: bad value for restricted picklist field: Cancelled:Status --","1pgVY000000051JYAQ","Cancelled"
"1pgVY000000051KYAQ","INVALID_OR_NULL_FOR_RESTRICTED_PICKLIST:Status: bad value for restricted picklist field: Cancelled:Status --","1pgVY000000051KYAQ","Cancelled"
"1pgVY000000051LYAQ","INVALID_OR_NULL_FOR_RESTRICTED_PICKLIST:Status: bad value for restricted picklist field: Cancelled:Status --","1pgVY000000051LYAQ","Cancelled"
"1pgVY000000051MYAQ","INVALID_OR_NULL_FOR_RESTRICTED_PICKLIST:Status: bad value for restricted picklist field: Cancelled:Status --","1pgVY000000051MYAQ","Cancelled"
"1pgVY000000051NYAQ","INVALID_OR_NULL_FOR_RESTRICTED_PICKLIST:Status: bad value for restricted picklist field: Cancelled:Status --","1pgVY000000051NYAQ","Cancelled"
"1pgVY000000051OYAQ","INVALID_OR_NULL_FOR_RESTRICTED_PICKLIST:Status: bad value for restricted picklist field: Cancelled:Status --","1pgVY000000051OYAQ","Cancelled"
"1pgVY000000051PYAQ","INVALID_OR_NULL_FOR_RESTRICTED_PICKLIST:Status: bad value for restricted picklist field: Cancelled:Status --","1pgVY000000051PYAQ","Cancelled"
"1pgVY000000051QYAQ","INVALID_OR_NULL_FOR_RESTRICTED_PICKLIST:Status: bad value for restricted picklist field: Cancelled:Status --","1pgVY000000051QYAQ","Cancelled"
"1pgVY000000057lYAA","INVALID_OR_NULL_FOR_RESTRICTED_PICKLIST:Status: bad value for restricted picklist field: Cancelled:Status --","1pgVY000000057lYAA","Cancelled"
"1pgVY000000059NYAQ","INVALID_OR_NULL_FOR_RESTRICTED_PICKLIST:Status: bad value for restricted picklist field: Cancelled:Status --","1pgVY000000059NYAQ","Cancelled"
"1pgVY00000005AzYAI","INVALID_OR_NULL_FOR_RESTRICTED_PICKLIST:Status: bad value for restricted picklist field: Cancelled:Status --","1pgVY00000005AzYAI","Cancelled"
"1pgVY00000005CbYAI","INVALID_OR_NULL_FOR_RESTRICTED_PICKLIST:Status: bad value for restricted picklist field: Cancelled:Status --","1pgVY00000005CbYAI","Cancelled"
"1pgVY00000005EDYAY","INVALID_OR_NULL_FOR_RESTRICTED_PICKLIST:Status: bad value for restricted picklist field: Cancelled:Status --","1pgVY00000005EDYAY","Cancelled"
"1pgVY00000005FpYAI","INVALID_OR_NULL_FOR_RESTRICTED_PICKLIST:Status: bad value for restricted picklist field: Cancelled:Status --","1pgVY00000005FpYAI","Cancelled"
"1pgVY00000005HRYAY","INVALID_OR_NULL_FOR_RESTRICTED_PICKLIST:Status: bad value for restricted picklist field: Cancelled:Status --","1pgVY00000005HRYAY","Cancelled"
"1pgVY00000005J3YAI","INVALID_OR_NULL_FOR_RESTRICTED_PICKLIST:Status: bad value for restricted picklist field: Cancelled:Status --","1pgVY00000005J3YAI","Cancelled"
"1pgVY00000005KfYAI","INVALID_OR_NULL_FOR_RESTRICTED_PICKLIST:Status: bad value for restricted picklist field: Cancelled:Status --","1pgVY00000005KfYAI","Cancelled"
"1pgVY00000005MHYAY","INVALID_OR_NULL_FOR_RESTRICTED_PICKLIST:Status: bad value for restricted picklist field: Cancelled:Status --","1pgVY00000005MHYAY","Cancelled"
"1pgVY00000005MIYAY","INVALID_OR_NULL_FOR_RESTRICTED_PICKLIST:Status: bad value for restricted picklist field: Cancelled:Status --","1pgVY00000005MIYAY","Cancelled"
"1pgVY00000005MJYAY","INVALID_OR_NULL_FOR_RESTRICTED_PICKLIST:Status: bad value for restricted picklist field: Cancelled:Status --","1pgVY00000005MJYAY","Cancelled"
"1pgVY00000005MKYAY","INVALID_OR_NULL_FOR_RESTRICTED_PICKLIST:Status: bad value for restricted picklist field: Cancelled:Status --","1pgVY00000005MKYAY","Cancelled"
"1pgVY00000005MLYAY","INVALID_OR_NULL_FOR_RESTRICTED_PICKLIST:Status: bad value for restricted picklist field: Cancelled:Status --","1pgVY00000005MLYAY","Cancelled"
"1pgVY00000005MMYAY","INVALID_OR_NULL_FOR_RESTRICTED_PICKLIST:Status: bad value for restricted picklist field: Cancelled:Status --","1pgVY00000005MMYAY","Cancelled"
"1pgVY00000005MNYAY","INVALID_OR_NULL_FOR_RESTRICTED_PICKLIST:Status: bad value for restricted picklist field: Cancelled:Status --","1pgVY00000005MNYAY","Cancelled"
"1pgVY00000005MOYAY","INVALID_OR_NULL_FOR_RESTRICTED_PICKLIST:Status: bad value for restricted picklist field: Cancelled:Status --","1pgVY00000005MOYAY","Cancelled"
"1pgVY00000005NtYAI","INVALID_OR_NULL_FOR_RESTRICTED_PICKLIST:Status: bad value for restricted picklist field: Cancelled:Status --","1pgVY00000005NtYAI","Cancelled"
"1pgVY00000005NuYAI","INVALID_OR_NULL_FOR_RESTRICTED_PICKLIST:Status: bad value for restricted picklist field: Cancelled:Status --","1pgVY00000005NuYAI","Cancelled"
"1pgVY00000005NvYAI","INVALID_OR_NULL_FOR_RESTRICTED_PICKLIST:Status: bad value for restricted picklist field: Cancelled:Status --","1pgVY00000005NvYAI","Cancelled"
"1pgVY00000005NwYAI","INVALID_OR_NULL_FOR_RESTRICTED_PICKLIST:Status: bad value for restricted picklist field: Cancelled:Status --","1pgVY00000005NwYAI","Cancelled"
"1pgVY00000005NxYAI","INVALID_OR_NULL_FOR_RESTRICTED_PICKLIST:Status: bad value for restricted picklist field: Cancelled:Status --","1pgVY00000005NxYAI","Cancelled"
"1pgVY00000005NyYAI","INVALID_OR_NULL_FOR_RESTRICTED_PICKLIST:Status: bad value for restricted picklist field: Cancelled:Status --","1pgVY00000005NyYAI","Cancelled"
"1pgVY00000005NzYAI","INVALID_OR_NULL_FOR_RESTRICTED_PICKLIST:Status: bad value for restricted picklist field: Cancelled:Status --","1pgVY00000005NzYAI","Cancelled"
"1pgVY00000005O0YAI","INVALID_OR_NULL_FOR_RESTRICTED_PICKLIST:Status: bad value for restricted picklist field: Cancelled:Status --","1pgVY00000005O0YAI","Cancelled"
"1pgVY00000005PVYAY","INVALID_OR_NULL_FOR_RESTRICTED_PICKLIST:Status: bad value for restricted picklist field: Cancelled:Status --","1pgVY00000005PVYAY","Cancelled"
"1pgVY00000005PWYAY","INVALID_OR_NULL_FOR_RESTRICTED_PICKLIST:Status: bad value for restricted picklist field: Cancelled:Status --","1pgVY00000005PWYAY","Cancelled"
"1pgVY00000005R7YAI","INVALID_OR_NULL_FOR_RESTRICTED_PICKLIST:Status: bad value for restricted picklist field: Cancelled:Status --","1pgVY00000005R7YAI","Cancelled"
"1pgVY00000005SjYAI","INVALID_OR_NULL_FOR_RESTRICTED_PICKLIST:Status: bad value for restricted picklist field: Cancelled:Status --","1pgVY00000005SjYAI","Cancelled"
"1pgVY00000005ULYAY","INVALID_OR_NULL_FOR_RESTRICTED_PICKLIST:Status: bad value for restricted picklist field: Cancelled:Status --","1pgVY00000005ULYAY","Cancelled"
"1pgVY00000005UMYAY","INVALID_OR_NULL_FOR_RESTRICTED_PICKLIST:Status: bad value for restricted picklist field: Cancelled:Status --","1pgVY00000005UMYAY","Cancelled"
"1pgVY00000005VxYAI","INVALID_OR_NULL_FOR_RESTRICTED_PICKLIST:Status: bad value for restricted picklist field: Cancelled:Status --","1pgVY00000005VxYAI","Cancelled"
"1pgVY00000005XZYAY","INVALID_OR_NULL_FOR_RESTRICTED_PICKLIST:Status: bad value for restricted picklist field: Cancelled:Status --","1pgVY00000005XZYAY","Cancelled"
"1pgVY00000005XaYAI","INVALID_OR_NULL_FOR_RESTRICTED_PICKLIST:Status: bad value for restricted picklist field: Cancelled:Status --","1pgVY00000005XaYAI","Cancelled"
"1pgVY00000005XbYAI","INVALID_OR_NULL_FOR_RESTRICTED_PICKLIST:Status: bad value for restricted picklist field: Cancelled:Status --","1pgVY00000005XbYAI","Cancelled"
"1pgVY00000005XcYAI","INVALID_OR_NULL_FOR_RESTRICTED_PICKLIST:Status: bad value for restricted picklist field: Cancelled:Status --","1pgVY00000005XcYAI","Cancelled"
"1pgVY00000005XdYAI","INVALID_OR_NULL_FOR_RESTRICTED_PICKLIST:Status: bad value for restricted picklist field: Cancelled:Status --","1pgVY00000005XdYAI","Cancelled"
"1pgVY00000005XeYAI","INVALID_OR_NULL_FOR_RESTRICTED_PICKLIST:Status: bad value for restricted picklist field: Cancelled:Status --","1pgVY00000005XeYAI","Cancelled"
"1pgVY00000005XfYAI","INVALID_OR_NULL_FOR_RESTRICTED_PICKLIST:Status: bad value for restricted picklist field: Cancelled:Status --","1pgVY00000005XfYAI","Cancelled"
"1pgVY00000005XgYAI","INVALID_OR_NULL_FOR_RESTRICTED_PICKLIST:Status: bad value for restricted picklist field: Cancelled:Status --","1pgVY00000005XgYAI","Cancelled"
"1pgVY00000005ZBYAY","INVALID_OR_NULL_FOR_RESTRICTED_PICKLIST:Status: bad value for restricted picklist field: Cancelled:Status --","1pgVY00000005ZBYAY","Cancelled"
"1pgVY00000005ZCYAY","INVALID_OR_NULL_FOR_RESTRICTED_PICKLIST:Status: bad value for restricted picklist field: Cancelled:Status --","1pgVY00000005ZCYAY","Cancelled"
"1pgVY00000005ZDYAY","INVALID_OR_NULL_FOR_RESTRICTED_PICKLIST:Status: bad value for restricted picklist field: Cancelled:Status --","1pgVY00000005ZDYAY","Cancelled"
"1pgVY00000005ZEYAY","INVALID_OR_NULL_FOR_RESTRICTED_PICKLIST:Status: bad value for restricted picklist field: Cancelled:Status --","1pgVY00000005ZEYAY","Cancelled"
"1pgVY00000005ZFYAY","INVALID_OR_NULL_FOR_RESTRICTED_PICKLIST:Status: bad value for restricted picklist field: Cancelled:Status --","1pgVY00000005ZFYAY","Cancelled"
"1pgVY00000005ZGYAY","INVALID_OR_NULL_FOR_RESTRICTED_PICKLIST:Status: bad value for restricted picklist field: Cancelled:Status --","1pgVY00000005ZGYAY","Cancelled"
"1pgVY00000005anYAA","INVALID_OR_NULL_FOR_RESTRICTED_PICKLIST:Status: bad value for restricted picklist field: Cancelled:Status --","1pgVY00000005anYAA","Cancelled"
"1pgVY00000005aoYAA","INVALID_OR_NULL_FOR_RESTRICTED_PICKLIST:Status: bad value for restricted picklist field: Cancelled:Status --","1pgVY00000005aoYAA","Cancelled"
"1pgVY00000005apYAA","INVALID_OR_NULL_FOR_RESTRICTED_PICKLIST:Status: bad value for restricted picklist field: Cancelled:Status --","1pgVY00000005apYAA","Cancelled"
"1pgVY00000005aqYAA","INVALID_OR_NULL_FOR_RESTRICTED_PICKLIST:Status: bad value for restricted picklist field: Cancelled:Status --","1pgVY00000005aqYAA","Cancelled"
"1pgVY00000005arYAA","INVALID_OR_NULL_FOR_RESTRICTED_PICKLIST:Status: bad value for restricted picklist field: Cancelled:Status --","1pgVY00000005arYAA","Cancelled"
"1pgVY00000005asYAA","INVALID_OR_NULL_FOR_RESTRICTED_PICKLIST:Status: bad value for restricted picklist field: Cancelled:Status --","1pgVY00000005asYAA","Cancelled"
"1pgVY00000005atYAA","INVALID_OR_NULL_FOR_RESTRICTED_PICKLIST:Status: bad value for restricted picklist field: Cancelled:Status --","1pgVY00000005atYAA","Cancelled"
"1pgVY00000005auYAA","INVALID_OR_NULL_FOR_RESTRICTED_PICKLIST:Status: bad value for restricted picklist field: Cancelled:Status --","1pgVY00000005auYAA","Cancelled"
"1pgVY00000005cPYAQ","INVALID_OR_NULL_FOR_RESTRICTED_PICKLIST:Status: bad value for restricted picklist field: Cancelled:Status --","1pgVY00000005cPYAQ","Cancelled"
"1pgVY00000005cQYAQ","INVALID_OR_NULL_FOR_RESTRICTED_PICKLIST:Status: bad value for restricted picklist field: Cancelled:Status --","1pgVY00000005cQYAQ","Cancelled"
"1pgVY00000005cRYAQ","INVALID_OR_NULL_FOR_RESTRICTED_PICKLIST:Status: bad value for restricted picklist field: Cancelled:Status --","1pgVY00000005cRYAQ","Cancelled"
"1pgVY00000005cSYAQ","INVALID_OR_NULL_FOR_RESTRICTED_PICKLIST:Status: bad value for restricted picklist field: Cancelled:Status --","1pgVY00000005cSYAQ","Cancelled"
"1pgVY00000005cTYAQ","INVALID_OR_NULL_FOR_RESTRICTED_PICKLIST:Status: bad value for restricted picklist field: Cancelled:Status --","1pgVY00000005cTYAQ","Cancelled"
"1pgVY00000005cUYAQ","INVALID_OR_NULL_FOR_RESTRICTED_PICKLIST:Status: bad value for restricted picklist field: Cancelled:Status --","1pgVY00000005cUYAQ","Cancelled"
"1pgVY00000005cVYAQ","INVALID_OR_NULL_FOR_RESTRICTED_PICKLIST:Status: bad value for restricted picklist field: Cancelled:Status --","1pgVY00000005cVYAQ","Cancelled"
"1pgVY00000005cWYAQ","INVALID_OR_NULL_FOR_RESTRICTED_PICKLIST:Status: bad value for restricted picklist field: Cancelled:Status --","1pgVY00000005cWYAQ","Cancelled"
"1pgVY00000005e1YAA","INVALID_OR_NULL_FOR_RESTRICTED_PICKLIST:Status: bad value for restricted picklist field: Cancelled:Status --","1pgVY00000005e1YAA","Cancelled"
"1pgVY00000005e2YAA","INVALID_OR_NULL_FOR_RESTRICTED_PICKLIST:Status: bad value for restricted picklist field: Cancelled:Status --","1pgVY00000005e2YAA","Cancelled"
"1pgVY00000005e3YAA","INVALID_OR_NULL_FOR_RESTRICTED_PICKLIST:Status: bad value for restricted picklist field: Cancelled:Status --","1pgVY00000005e3YAA","Cancelled"
"1pgVY00000005e4YAA","INVALID_OR_NULL_FOR_RESTRICTED_PICKLIST:Status: bad value for restricted picklist field: Cancelled:Status --","1pgVY00000005e4YAA","Cancelled"
"1pgVY00000005e5YAA","INVALID_OR_NULL_FOR_RESTRICTED_PICKLIST:Status: bad value for restricted picklist field: Cancelled:Status --","1pgVY00000005e5YAA","Cancelled"
"1pgVY00000005e6YAA","INVALID_OR_NULL_FOR_RESTRICTED_PICKLIST:Status: bad value for restricted picklist field: Cancelled:Status --","1pgVY00000005e6YAA","Cancelled"
"1pgVY00000005e7YAA","INVALID_OR_NULL_FOR_RESTRICTED_PICKLIST:Status: bad value for restricted picklist field: Cancelled:Status --","1pgVY00000005e7YAA","Cancelled"
"1pgVY00000005e8YAA","INVALID_OR_NULL_FOR_RESTRICTED_PICKLIST:Status: bad value for restricted picklist field: Cancelled:Status --","1pgVY00000005e8YAA","Cancelled"
"1pgVY00000005fdYAA","INVALID_OR_NULL_FOR_RESTRICTED_PICKLIST:Status: bad value for restricted picklist field: Cancelled:Status --","1pgVY00000005fdYAA","Cancelled"
"1pgVY00000005feYAA","INVALID_OR_NULL_FOR_RESTRICTED_PICKLIST:Status: bad value for restricted picklist field: Cancelled:Status --","1pgVY00000005feYAA","Cancelled"
"1pgVY00000005ffYAA","INVALID_OR_NULL_FOR_RESTRICTED_PICKLIST:Status: bad value for restricted picklist field: Cancelled:Status --","1pgVY00000005ffYAA","Cancelled"
"1pgVY00000005fgYAA","INVALID_OR_NULL_FOR_RESTRICTED_PICKLIST:Status: bad value for restricted picklist field: Cancelled:Status --","1pgVY00000005fgYAA","Cancelled"
"1pgVY00000005fhYAA","INVALID_OR_NULL_FOR_RESTRICTED_PICKLIST:Status: bad value for restricted picklist field: Cancelled:Status --","1pgVY00000005fhYAA","Cancelled"
"1pgVY00000005fiYAA","INVALID_OR_NULL_FOR_RESTRICTED_PICKLIST:Status: bad value for restricted picklist field: Cancelled:Status --","1pgVY00000005fiYAA","Cancelled"
"1pgVY00000005fjYAA","INVALID_OR_NULL_FOR_RESTRICTED_PICKLIST:Status: bad value for restricted picklist field: Cancelled:Status --","1pgVY00000005fjYAA","Cancelled"
"1pgVY00000005fkYAA","INVALID_OR_NULL_FOR_RESTRICTED_PICKLIST:Status: bad value for restricted picklist field: Cancelled:Status --","1pgVY00000005fkYAA","Cancelled"
"1pgVY00000005flYAA","INVALID_OR_NULL_FOR_RESTRICTED_PICKLIST:Status: bad value for restricted picklist field: Cancelled:Status --","1pgVY00000005flYAA","Cancelled"
"1pgVY00000005hFYAQ","INVALID_OR_NULL_FOR_RESTRICTED_PICKLIST:Status: bad value for restricted picklist field: Cancelled:Status --","1pgVY00000005hFYAQ","Cancelled"
"1pgVY00000005hGYAQ","INVALID_OR_NULL_FOR_RESTRICTED_PICKLIST:Status: bad value for restricted picklist field: Cancelled:Status --","1pgVY00000005hGYAQ","Cancelled"
"1pgVY00000005hHYAQ","INVALID_OR_NULL_FOR_RESTRICTED_PICKLIST:Status: bad value for restricted picklist field: Cancelled:Status --","1pgVY00000005hHYAQ","Cancelled"
"1pgVY00000005hIYAQ","INVALID_OR_NULL_FOR_RESTRICTED_PICKLIST:Status: bad value for restricted picklist field: Cancelled:Status --","1pgVY00000005hIYAQ","Cancelled"
"1pgVY00000005hJYAQ","INVALID_OR_NULL_FOR_RESTRICTED_PICKLIST:Status: bad value for restricted picklist field: Cancelled:Status --","1pgVY00000005hJYAQ","Cancelled"
"1pgVY00000005hKYAQ","INVALID_OR_NULL_FOR_RESTRICTED_PICKLIST:Status: bad value for restricted picklist field: Cancelled:Status --","1pgVY00000005hKYAQ","Cancelled"
"1pgVY00000005hLYAQ","INVALID_OR_NULL_FOR_RESTRICTED_PICKLIST:Status: bad value for restricted picklist field: Cancelled:Status --","1pgVY00000005hLYAQ","Cancelled"
"1pgVY00000005hMYAQ","INVALID_OR_NULL_FOR_RESTRICTED_PICKLIST:Status: bad value for restricted picklist field: Cancelled:Status --","1pgVY00000005hMYAQ","Cancelled"
"1pgVY00000005irYAA","INVALID_OR_NULL_FOR_RESTRICTED_PICKLIST:Status: bad value for restricted picklist field: Cancelled:Status --","1pgVY00000005irYAA","Cancelled"
"1pgVY00000005isYAA","INVALID_OR_NULL_FOR_RESTRICTED_PICKLIST:Status: bad value for restricted picklist field: Cancelled:Status --","1pgVY00000005isYAA","Cancelled"
"1pgVY00000005itYAA","INVALID_OR_NULL_FOR_RESTRICTED_PICKLIST:Status: bad value for restricted picklist field: Cancelled:Status --","1pgVY00000005itYAA","Cancelled"
"1pgVY00000005iuYAA","INVALID_OR_NULL_FOR_RESTRICTED_PICKLIST:Status: bad value for restricted picklist field: Cancelled:Status --","1pgVY00000005iuYAA","Cancelled"
"1pgVY00000005iwYAA","INVALID_OR_NULL_FOR_RESTRICTED_PICKLIST:Status: bad value for restricted picklist field: Cancelled:Status --","1pgVY00000005iwYAA","Cancelled"
"1pgVY00000005ixYAA","INVALID_OR_NULL_FOR_RESTRICTED_PICKLIST:Status: bad value for restricted picklist field: Cancelled:Status --","1pgVY00000005ixYAA","Cancelled"
"1pgVY00000005iyYAA","INVALID_OR_NULL_FOR_RESTRICTED_PICKLIST:Status: bad value for restricted picklist field: Cancelled:Status --","1pgVY00000005iyYAA","Cancelled"
"1pgVY00000005kTYAQ","INVALID_OR_NULL_FOR_RESTRICTED_PICKLIST:Status: bad value for restricted picklist field: Cancelled:Status --","1pgVY00000005kTYAQ","Cancelled"
"1pgVY00000005m5YAA","INVALID_OR_NULL_FOR_RESTRICTED_PICKLIST:Status: bad value for restricted picklist field: Cancelled:Status --","1pgVY00000005m5YAA","Cancelled"
"1pgVY00000005m6YAA","INVALID_OR_NULL_FOR_RESTRICTED_PICKLIST:Status: bad value for restricted picklist field: Cancelled:Status --","1pgVY00000005m6YAA","Cancelled"
"1pgVY00000005m7YAA","INVALID_OR_NULL_FOR_RESTRICTED_PICKLIST:Status: bad value for restricted picklist field: Cancelled:Status --","1pgVY00000005m7YAA","Cancelled"
"1pgVY00000005m8YAA","INVALID_OR_NULL_FOR_RESTRICTED_PICKLIST:Status: bad value for restricted picklist field: Cancelled:Status --","1pgVY00000005m8YAA","Cancelled"
"1pgVY00000005m9YAA","INVALID_OR_NULL_FOR_RESTRICTED_PICKLIST:Status: bad value for restricted picklist field: Cancelled:Status --","1pgVY00000005m9YAA","Cancelled"
"1pgVY00000005mAYAQ","INVALID_OR_NULL_FOR_RESTRICTED_PICKLIST:Status: bad value for restricted picklist field: Cancelled:Status --","1pgVY00000005mAYAQ","Cancelled"
"1pgVY00000005mBYAQ","INVALID_OR_NULL_FOR_RESTRICTED_PICKLIST:Status: bad value for restricted picklist field: Cancelled:Status --","1pgVY00000005mBYAQ","Cancelled"
"1pgVY00000005mCYAQ","INVALID_OR_NULL_FOR_RESTRICTED_PICKLIST:Status: bad value for restricted picklist field: Cancelled:Status --","1pgVY00000005mCYAQ","Cancelled"
"1pgVY00000005mDYAQ","INVALID_OR_NULL_FOR_RESTRICTED_PICKLIST:Status: bad value for restricted picklist field: Cancelled:Status --","1pgVY00000005mDYAQ","Cancelled"
"1pgVY00000005nhYAA","INVALID_OR_NULL_FOR_RESTRICTED_PICKLIST:Status: bad value for restricted picklist field: Cancelled:Status --","1pgVY00000005nhYAA","Cancelled"
"1pgVY00000005niYAA","INVALID_OR_NULL_FOR_RESTRICTED_PICKLIST:Status: bad value for restricted picklist field: Cancelled:Status --","1pgVY00000005niYAA","Cancelled"
"1pgVY00000005njYAA","INVALID_OR_NULL_FOR_RESTRICTED_PICKLIST:Status: bad value for restricted picklist field: Cancelled:Status --","1pgVY00000005njYAA","Cancelled"
"1pgVY00000005nkYAA","INVALID_OR_NULL_FOR_RESTRICTED_PICKLIST:Status: bad value for restricted picklist field: Cancelled:Status --","1pgVY00000005nkYAA","Cancelled"
"1pgVY00000005nlYAA","INVALID_OR_NULL_FOR_RESTRICTED_PICKLIST:Status: bad value for restricted picklist field: Cancelled:Status --","1pgVY00000005nlYAA","Cancelled"
"1pgVY00000005nmYAA","INVALID_OR_NULL_FOR_RESTRICTED_PICKLIST:Status: bad value for restricted picklist field: Cancelled:Status --","1pgVY00000005nmYAA","Cancelled"
"1pgVY00000005nnYAA","INVALID_OR_NULL_FOR_RESTRICTED_PICKLIST:Status: bad value for restricted picklist field: Cancelled:Status --","1pgVY00000005nnYAA","Cancelled"
"1pgVY00000005noYAA","INVALID_OR_NULL_FOR_RESTRICTED_PICKLIST:Status: bad value for restricted picklist field: Cancelled:Status --","1pgVY00000005noYAA","Cancelled"
"1pgVY00000005npYAA","INVALID_OR_NULL_FOR_RESTRICTED_PICKLIST:Status: bad value for restricted picklist field: Cancelled:Status --","1pgVY00000005npYAA","Cancelled"
"1pgVY00000005pJYAQ","INVALID_OR_NULL_FOR_RESTRICTED_PICKLIST:Status: bad value for restricted picklist field: Cancelled:Status --","1pgVY00000005pJYAQ","Cancelled"
"1pgVY00000005pKYAQ","INVALID_OR_NULL_FOR_RESTRICTED_PICKLIST:Status: bad value for restricted picklist field: Cancelled:Status --","1pgVY00000005pKYAQ","Cancelled"
"1pgVY00000005pLYAQ","INVALID_OR_NULL_FOR_RESTRICTED_PICKLIST:Status: bad value for restricted picklist field: Cancelled:Status --","1pgVY00000005pLYAQ","Cancelled"
"1pgVY00000005qvYAA","INVALID_OR_NULL_FOR_RESTRICTED_PICKLIST:Status: bad value for restricted picklist field: Cancelled:Status --","1pgVY00000005qvYAA","Cancelled"
"1pgVY00000005qwYAA","INVALID_OR_NULL_FOR_RESTRICTED_PICKLIST:Status: bad value for restricted picklist field: Cancelled:Status --","1pgVY00000005qwYAA","Cancelled"
"1pgVY00000005qxYAA","INVALID_OR_NULL_FOR_RESTRICTED_PICKLIST:Status: bad value for restricted picklist field: Cancelled:Status --","1pgVY00000005qxYAA","Cancelled"
"1pgVY00000005qyYAA","INVALID_OR_NULL_FOR_RESTRICTED_PICKLIST:Status: bad value for restricted picklist field: Cancelled:Status --","1pgVY00000005qyYAA","Cancelled"
"1pgVY00000005sXYAQ","INVALID_OR_NULL_FOR_RESTRICTED_PICKLIST:Status: bad value for restricted picklist field: Cancelled:Status --","1pgVY00000005sXYAQ","Cancelled"
"1pgVY00000005sYYAQ","INVALID_OR_NULL_FOR_RESTRICTED_PICKLIST:Status: bad value for restricted picklist field: Cancelled:Status --","1pgVY00000005sYYAQ","Cancelled"
"1pgVY00000005sZYAQ","INVALID_OR_NULL_FOR_RESTRICTED_PICKLIST:Status: bad value for restricted picklist field: Cancelled:Status --","1pgVY00000005sZYAQ","Cancelled"
"1pgVY00000005saYAA","INVALID_OR_NULL_FOR_RESTRICTED_PICKLIST:Status: bad value for restricted picklist field: Cancelled:Status --","1pgVY00000005saYAA","Cancelled"
"1pgVY00000005sbYAA","INVALID_OR_NULL_FOR_RESTRICTED_PICKLIST:Status: bad value for restricted picklist field: Cancelled:Status --","1pgVY00000005sbYAA","Cancelled"
"1pgVY00000005u9YAA","INVALID_OR_NULL_FOR_RESTRICTED_PICKLIST:Status: bad value for restricted picklist field: Cancelled:Status --","1pgVY00000005u9YAA","Cancelled"
"1pgVY00000005uAYAQ","INVALID_OR_NULL_FOR_RESTRICTED_PICKLIST:Status: bad value for restricted picklist field: Cancelled:Status --","1pgVY00000005uAYAQ","Cancelled"
"1pgVY00000005vlYAA","INVALID_OR_NULL_FOR_RESTRICTED_PICKLIST:Status: bad value for restricted picklist field: Cancelled:Status --","1pgVY00000005vlYAA","Cancelled"
"1pgVY00000005vmYAA","INVALID_OR_NULL_FOR_RESTRICTED_PICKLIST:Status: bad value for restricted picklist field: Cancelled:Status --","1pgVY00000005vmYAA","Cancelled"
"1pgVY00000005vnYAA","INVALID_OR_NULL_FOR_RESTRICTED_PICKLIST:Status: bad value for restricted picklist field: Cancelled:Status --","1pgVY00000005vnYAA","Cancelled"
"1pgVY00000005voYAA","INVALID_OR_NULL_FOR_RESTRICTED_PICKLIST:Status: bad value for restricted picklist field: Cancelled:Status --","1pgVY00000005voYAA","Cancelled"
"1pgVY00000005vpYAA","INVALID_OR_NULL_FOR_RESTRICTED_PICKLIST:Status: bad value for restricted picklist field: Cancelled:Status --","1pgVY00000005vpYAA","Cancelled"
"1pgVY00000005vqYAA","INVALID_OR_NULL_FOR_RESTRICTED_PICKLIST:Status: bad value for restricted picklist field: Cancelled:Status --","1pgVY00000005vqYAA","Cancelled"
"1pgVY00000005vrYAA","INVALID_OR_NULL_FOR_RESTRICTED_PICKLIST:Status: bad value for restricted picklist field: Cancelled:Status --","1pgVY00000005vrYAA","Cancelled"
"1pgVY00000005vsYAA","INVALID_OR_NULL_FOR_RESTRICTED_PICKLIST:Status: bad value for restricted picklist field: Cancelled:Status --","1pgVY00000005vsYAA","Cancelled"
"1pgVY00000005xNYAQ","INVALID_OR_NULL_FOR_RESTRICTED_PICKLIST:Status: bad value for restricted picklist field: Cancelled:Status --","1pgVY00000005xNYAQ","Cancelled"
"1pgVY00000005xOYAQ","INVALID_OR_NULL_FOR_RESTRICTED_PICKLIST:Status: bad value for restricted picklist field: Cancelled:Status --","1pgVY00000005xOYAQ","Cancelled"
"1pgVY00000005xPYAQ","INVALID_OR_NULL_FOR_RESTRICTED_PICKLIST:Status: bad value for restricted picklist field: Cancelled:Status --","1pgVY00000005xPYAQ","Cancelled"
"1pgVY00000005xQYAQ","INVALID_OR_NULL_FOR_RESTRICTED_PICKLIST:Status: bad value for restricted picklist field: Cancelled:Status --","1pgVY00000005xQYAQ","Cancelled"
"1pgVY00000005xRYAQ","INVALID_OR_NULL_FOR_RESTRICTED_PICKLIST:Status: bad value for restricted picklist field: Cancelled:Status --","1pgVY00000005xRYAQ","Cancelled"
"1pgVY00000005xSYAQ","INVALID_OR_NULL_FOR_RESTRICTED_PICKLIST:Status: bad value for restricted picklist field: Cancelled:Status --","1pgVY00000005xSYAQ","Cancelled"
"1pgVY00000005xTYAQ","INVALID_OR_NULL_FOR_RESTRICTED_PICKLIST:Status: bad value for restricted picklist field: Cancelled:Status --","1pgVY00000005xTYAQ","Cancelled"
"1pgVY00000005xUYAQ","INVALID_OR_NULL_FOR_RESTRICTED_PICKLIST:Status: bad value for restricted picklist field: Cancelled:Status --","1pgVY00000005xUYAQ","Cancelled"
"1pgVY00000005yzYAA","INVALID_OR_NULL_FOR_RESTRICTED_PICKLIST:Status: bad value for restricted picklist field: Cancelled:Status --","1pgVY00000005yzYAA","Cancelled"
"1pgVY00000005z0YAA","INVALID_OR_NULL_FOR_RESTRICTED_PICKLIST:Status: bad value for restricted picklist field: Cancelled:Status --","1pgVY00000005z0YAA","Cancelled"
"1pgVY00000005z1YAA","INVALID_OR_NULL_FOR_RESTRICTED_PICKLIST:Status: bad value for restricted picklist field: Cancelled:Status --","1pgVY00000005z1YAA","Cancelled"
"1pgVY000000060bYAA","INVALID_OR_NULL_FOR_RESTRICTED_PICKLIST:Status: bad value for restricted picklist field: Cancelled:Status --","1pgVY000000060bYAA","Cancelled"
"1pgVY000000060cYAA","INVALID_OR_NULL_FOR_RESTRICTED_PICKLIST:Status: bad value for restricted picklist field: Cancelled:Status --","1pgVY000000060cYAA","Cancelled"
"1pgVY000000060dYAA","INVALID_OR_NULL_FOR_RESTRICTED_PICKLIST:Status: bad value for restricted picklist field: Cancelled:Status --","1pgVY000000060dYAA","Cancelled"
"1pgVY000000060eYAA","INVALID_OR_NULL_FOR_RESTRICTED_PICKLIST:Status: bad value for restricted picklist field: Cancelled:Status --","1pgVY000000060eYAA","Cancelled"
"1pgVY000000060fYAA","INVALID_OR_NULL_FOR_RESTRICTED_PICKLIST:Status: bad value for restricted picklist field: Cancelled:Status --","1pgVY000000060fYAA","Cancelled"
"1pgVY000000060gYAA","INVALID_OR_NULL_FOR_RESTRICTED_PICKLIST:Status: bad value for restricted picklist field: Cancelled:Status --","1pgVY000000060gYAA","Cancelled"
"1pgVY000000060hYAA","INVALID_OR_NULL_FOR_RESTRICTED_PICKLIST:Status: bad value for restricted picklist field: Cancelled:Status --","1pgVY000000060hYAA","Cancelled"
"1pgVY000000060iYAA","INVALID_OR_NULL_FOR_RESTRICTED_PICKLIST:Status: bad value for restricted picklist field: Cancelled:Status --","1pgVY000000060iYAA","Cancelled"
"1pgVY000000060jYAA","INVALID_OR_NULL_FOR_RESTRICTED_PICKLIST:Status: bad value for restricted picklist field: Cancelled:Status --","1pgVY000000060jYAA","Cancelled"
"1pgVY000000062DYAQ","INVALID_OR_NULL_FOR_RESTRICTED_PICKLIST:Status: bad value for restricted picklist field: Cancelled:Status --","1pgVY000000062DYAQ","Cancelled"
"1pgVY000000062EYAQ","INVALID_OR_NULL_FOR_RESTRICTED_PICKLIST:Status: bad value for restricted picklist field: Cancelled:Status --","1pgVY000000062EYAQ","Cancelled"
"1pgVY000000062FYAQ","INVALID_OR_NULL_FOR_RESTRICTED_PICKLIST:Status: bad value for restricted picklist field: Cancelled:Status --","1pgVY000000062FYAQ","Cancelled"
"1pgVY000000062GYAQ","INVALID_OR_NULL_FOR_RESTRICTED_PICKLIST:Status: bad value for restricted picklist field: Cancelled:Status --","1pgVY000000062GYAQ","Cancelled"
"1pgVY000000062HYAQ","INVALID_OR_NULL_FOR_RESTRICTED_PICKLIST:Status: bad value for restricted picklist field: Cancelled:Status --","1pgVY000000062HYAQ","Cancelled"
"1pgVY000000063pYAA","INVALID_OR_NULL_FOR_RESTRICTED_PICKLIST:Status: bad value for restricted picklist field: Cancelled:Status --","1pgVY000000063pYAA","Cancelled"
"1pgVY000000063qYAA","INVALID_OR_NULL_FOR_RESTRICTED_PICKLIST:Status: bad value for restricted picklist field: Cancelled:Status --","1pgVY000000063qYAA","Cancelled"
"1pgVY000000063rYAA","INVALID_OR_NULL_FOR_RESTRICTED_PICKLIST:Status: bad value for restricted picklist field: Cancelled:Status --","1pgVY000000063rYAA","Cancelled"
"1pgVY000000063sYAA","INVALID_OR_NULL_FOR_RESTRICTED_PICKLIST:Status: bad value for restricted picklist field: Cancelled:Status --","1pgVY000000063sYAA","Cancelled"
"1pgVY000000063tYAA","INVALID_OR_NULL_FOR_RESTRICTED_PICKLIST:Status: bad value for restricted picklist field: Cancelled:Status --","1pgVY000000063tYAA","Cancelled"
"1pgVY000000063uYAA","INVALID_OR_NULL_FOR_RESTRICTED_PICKLIST:Status: bad value for restricted picklist field: Cancelled:Status --","1pgVY000000063uYAA","Cancelled"
"1pgVY000000063vYAA","INVALID_OR_NULL_FOR_RESTRICTED_PICKLIST:Status: bad value for restricted picklist field: Cancelled:Status --","1pgVY000000063vYAA","Cancelled"
"1pgVY000000063wYAA","INVALID_OR_NULL_FOR_RESTRICTED_PICKLIST:Status: bad value for restricted picklist field: Cancelled:Status --","1pgVY000000063wYAA","Cancelled"
"1pgVY000000065RYAQ","INVALID_OR_NULL_FOR_RESTRICTED_PICKLIST:Status: bad value for restricted picklist field: Cancelled:Status --","1pgVY000000065RYAQ","Cancelled"
"1pgVY000000065SYAQ","INVALID_OR_NULL_FOR_RESTRICTED_PICKLIST:Status: bad value for restricted picklist field: Cancelled:Status --","1pgVY000000065SYAQ","Cancelled"
"1pgVY000000065TYAQ","INVALID_OR_NULL_FOR_RESTRICTED_PICKLIST:Status: bad value for restricted picklist field: Cancelled:Status --","1pgVY000000065TYAQ","Cancelled"
"1pgVY0000000673YAA","INVALID_OR_NULL_FOR_RESTRICTED_PICKLIST:Status: bad value for restricted picklist field: Cancelled:Status --","1pgVY0000000673YAA","Cancelled"
"1pgVY0000000674YAA","INVALID_OR_NULL_FOR_RESTRICTED_PICKLIST:Status: bad value for restricted picklist field: Cancelled:Status --","1pgVY0000000674YAA","Cancelled"
"1pgVY0000000675YAA","INVALID_OR_NULL_FOR_RESTRICTED_PICKLIST:Status: bad value for restricted picklist field: Cancelled:Status --","1pgVY0000000675YAA","Cancelled"
"1pgVY0000000676YAA","INVALID_OR_NULL_FOR_RESTRICTED_PICKLIST:Status: bad value for restricted picklist field: Cancelled:Status --","1pgVY0000000676YAA","Cancelled"
"1pgVY0000000677YAA","INVALID_OR_NULL_FOR_RESTRICTED_PICKLIST:Status: bad value for restricted picklist field: Cancelled:Status --","1pgVY0000000677YAA","Cancelled"
"1pgVY0000000678YAA","INVALID_OR_NULL_FOR_RESTRICTED_PICKLIST:Status: bad value for restricted picklist field: Cancelled:Status --","1pgVY0000000678YAA","Cancelled"
"1pgVY0000000679YAA","INVALID_OR_NULL_FOR_RESTRICTED_PICKLIST:Status: bad value for restricted picklist field: Cancelled:Status --","1pgVY0000000679YAA","Cancelled"
"1pgVY000000067AYAQ","INVALID_OR_NULL_FOR_RESTRICTED_PICKLIST:Status: bad value for restricted picklist field: Cancelled:Status --","1pgVY000000067AYAQ","Cancelled"
"1pgVY000000068fYAA","INVALID_OR_NULL_FOR_RESTRICTED_PICKLIST:Status: bad value for restricted picklist field: Cancelled:Status --","1pgVY000000068fYAA","Cancelled"
"1pgVY000000068gYAA","INVALID_OR_NULL_FOR_RESTRICTED_PICKLIST:Status: bad value for restricted picklist field: Cancelled:Status --","1pgVY000000068gYAA","Cancelled"
"1pgVY000000068hYAA","INVALID_OR_NULL_FOR_RESTRICTED_PICKLIST:Status: bad value for restricted picklist field: Cancelled:Status --","1pgVY000000068hYAA","Cancelled"
"1pgVY000000068iYAA","INVALID_OR_NULL_FOR_RESTRICTED_PICKLIST:Status: bad value for restricted picklist field: Cancelled:Status --","1pgVY000000068iYAA","Cancelled"
"1pgVY000000068jYAA","INVALID_OR_NULL_FOR_RESTRICTED_PICKLIST:Status: bad value for restricted picklist field: Cancelled:Status --","1pgVY000000068jYAA","Cancelled"
"1pgVY000000068kYAA","INVALID_OR_NULL_FOR_RESTRICTED_PICKLIST:Status: bad value for restricted picklist field: Cancelled:Status --","1pgVY000000068kYAA","Cancelled"
"1pgVY000000068lYAA","INVALID_OR_NULL_FOR_RESTRICTED_PICKLIST:Status: bad value for restricted picklist field: Cancelled:Status --","1pgVY000000068lYAA","Cancelled"
"1pgVY000000068mYAA","INVALID_OR_NULL_FOR_RESTRICTED_PICKLIST:Status: bad value for restricted picklist field: Cancelled:Status --","1pgVY000000068mYAA","Cancelled"
"1pgVY000000068nYAA","INVALID_OR_NULL_FOR_RESTRICTED_PICKLIST:Status: bad value for restricted picklist field: Cancelled:Status --","1pgVY000000068nYAA","Cancelled"
"1pgVY00000006AHYAY","INVALID_OR_NULL_FOR_RESTRICTED_PICKLIST:Status: bad value for restricted picklist field: Cancelled:Status --","1pgVY00000006AHYAY","Cancelled"
"1pgVY00000006AIYAY","INVALID_OR_NULL_FOR_RESTRICTED_PICKLIST:Status: bad value for restricted picklist field: Cancelled:Status --","1pgVY00000006AIYAY","Cancelled"
"1pgVY00000006AJYAY","INVALID_OR_NULL_FOR_RESTRICTED_PICKLIST:Status: bad value for restricted picklist field: Cancelled:Status --","1pgVY00000006AJYAY","Cancelled"
"1pgVY00000006AKYAY","INVALID_OR_NULL_FOR_RESTRICTED_PICKLIST:Status: bad value for restricted picklist field: Cancelled:Status --","1pgVY00000006AKYAY","Cancelled"
"1pgVY00000006ALYAY","INVALID_OR_NULL_FOR_RESTRICTED_PICKLIST:Status: bad value for restricted picklist field: Cancelled:Status --","1pgVY00000006ALYAY","Cancelled"
"1pgVY00000006AMYAY","INVALID_OR_NULL_FOR_RESTRICTED_PICKLIST:Status: bad value for restricted picklist field: Cancelled:Status --","1pgVY00000006AMYAY","Cancelled"
"1pgVY00000006ANYAY","INVALID_OR_NULL_FOR_RESTRICTED_PICKLIST:Status: bad value for restricted picklist field: Cancelled:Status --","1pgVY00000006ANYAY","Cancelled"
"1pgVY00000006AOYAY","INVALID_OR_NULL_FOR_RESTRICTED_PICKLIST:Status: bad value for restricted picklist field: Cancelled:Status --","1pgVY00000006AOYAY","Cancelled"
"1pgVY00000006APYAY","INVALID_OR_NULL_FOR_RESTRICTED_PICKLIST:Status: bad value for restricted picklist field: Cancelled:Status --","1pgVY00000006APYAY","Cancelled"
"1pgVY00000006BtYAI","INVALID_OR_NULL_FOR_RESTRICTED_PICKLIST:Status: bad value for restricted picklist field: Cancelled:Status --","1pgVY00000006BtYAI","Cancelled"
"1pgVY00000006BuYAI","INVALID_OR_NULL_FOR_RESTRICTED_PICKLIST:Status: bad value for restricted picklist field: Cancelled:Status --","1pgVY00000006BuYAI","Cancelled"
"1pgVY00000006BvYAI","INVALID_OR_NULL_FOR_RESTRICTED_PICKLIST:Status: bad value for restricted picklist field: Cancelled:Status --","1pgVY00000006BvYAI","Cancelled"
"1pgVY00000006BwYAI","INVALID_OR_NULL_FOR_RESTRICTED_PICKLIST:Status: bad value for restricted picklist field: Cancelled:Status --","1pgVY00000006BwYAI","Cancelled"
"1pgVY00000006BxYAI","INVALID_OR_NULL_FOR_RESTRICTED_PICKLIST:Status: bad value for restricted picklist field: Cancelled:Status --","1pgVY00000006BxYAI","Cancelled"
"1pgVY00000006ByYAI","INVALID_OR_NULL_FOR_RESTRICTED_PICKLIST:Status: bad value for restricted picklist field: Cancelled:Status --","1pgVY00000006ByYAI","Cancelled"
"1pgVY00000006BzYAI","INVALID_OR_NULL_FOR_RESTRICTED_PICKLIST:Status: bad value for restricted picklist field: Cancelled:Status --","1pgVY00000006BzYAI","Cancelled"
"1pgVY00000006C0YAI","INVALID_OR_NULL_FOR_RESTRICTED_PICKLIST:Status: bad value for restricted picklist field: Cancelled:Status --","1pgVY00000006C0YAI","Cancelled"
"1pgVY00000006C1YAI","INVALID_OR_NULL_FOR_RESTRICTED_PICKLIST:Status: bad value for restricted picklist field: Cancelled:Status --","1pgVY00000006C1YAI","Cancelled"
"1pgVY00000006DVYAY","INVALID_OR_NULL_FOR_RESTRICTED_PICKLIST:Status: bad value for restricted picklist field: Cancelled:Status --","1pgVY00000006DVYAY","Cancelled"
"1pgVY00000006DWYAY","INVALID_OR_NULL_FOR_RESTRICTED_PICKLIST:Status: bad value for restricted picklist field: Cancelled:Status --","1pgVY00000006DWYAY","Cancelled"
"1pgVY00000006DXYAY","INVALID_OR_NULL_FOR_RESTRICTED_PICKLIST:Status: bad value for restricted picklist field: Cancelled:Status --","1pgVY00000006DXYAY","Cancelled"
"1pgVY00000006DYYAY","INVALID_OR_NULL_FOR_RESTRICTED_PICKLIST:Status: bad value for restricted picklist field: Cancelled:Status --","1pgVY00000006DYYAY","Cancelled"
"1pgVY00000006DZYAY","INVALID_OR_NULL_FOR_RESTRICTED_PICKLIST:Status: bad value for restricted picklist field: Cancelled:Status --","1pgVY00000006DZYAY","Cancelled"
"1pgVY00000006DaYAI","INVALID_OR_NULL_FOR_RESTRICTED_PICKLIST:Status: bad value for restricted picklist field: Cancelled:Status --","1pgVY00000006DaYAI","Cancelled"
"1pgVY00000006DbYAI","INVALID_OR_NULL_FOR_RESTRICTED_PICKLIST:Status: bad value for restricted picklist field: Cancelled:Status --","1pgVY00000006DbYAI","Cancelled"
"1pgVY00000006DcYAI","INVALID_OR_NULL_FOR_RESTRICTED_PICKLIST:Status: bad value for restricted picklist field: Cancelled:Status --","1pgVY00000006DcYAI","Cancelled"
"1pgVY00000006DdYAI","INVALID_OR_NULL_FOR_RESTRICTED_PICKLIST:Status: bad value for restricted picklist field: Cancelled:Status --","1pgVY00000006DdYAI","Cancelled"
"1pgVY00000006F7YAI","INVALID_OR_NULL_FOR_RESTRICTED_PICKLIST:Status: bad value for restricted picklist field: Cancelled:Status --","1pgVY00000006F7YAI","Cancelled"
"1pgVY00000006F8YAI","INVALID_OR_NULL_FOR_RESTRICTED_PICKLIST:Status: bad value for restricted picklist field: Cancelled:Status --","1pgVY00000006F8YAI","Cancelled"
"1pgVY00000006F9YAI","INVALID_OR_NULL_FOR_RESTRICTED_PICKLIST:Status: bad value for restricted picklist field: Cancelled:Status --","1pgVY00000006F9YAI","Cancelled"
"1pgVY00000006FAYAY","INVALID_OR_NULL_FOR_RESTRICTED_PICKLIST:Status: bad value for restricted picklist field: Cancelled:Status --","1pgVY00000006FAYAY","Cancelled"
"1pgVY00000006FBYAY","INVALID_OR_NULL_FOR_RESTRICTED_PICKLIST:Status: bad value for restricted picklist field: Cancelled:Status --","1pgVY00000006FBYAY","Cancelled"
"1pgVY00000006FCYAY","INVALID_OR_NULL_FOR_RESTRICTED_PICKLIST:Status: bad value for restricted picklist field: Cancelled:Status --","1pgVY00000006FCYAY","Cancelled"
"1pgVY00000006FDYAY","INVALID_OR_NULL_FOR_RESTRICTED_PICKLIST:Status: bad value for restricted picklist field: Cancelled:Status --","1pgVY00000006FDYAY","Cancelled"
"1pgVY00000006FEYAY","INVALID_OR_NULL_FOR_RESTRICTED_PICKLIST:Status: bad value for restricted picklist field: Cancelled:Status --","1pgVY00000006FEYAY","Cancelled"
"1pgVY00000006GjYAI","INVALID_OR_NULL_FOR_RESTRICTED_PICKLIST:Status: bad value for restricted picklist field: Cancelled:Status --","1pgVY00000006GjYAI","Cancelled"
"1pgVY00000006GkYAI","INVALID_OR_NULL_FOR_RESTRICTED_PICKLIST:Status: bad value for restricted picklist field: Cancelled:Status --","1pgVY00000006GkYAI","Cancelled"
"1pgVY00000006GlYAI","INVALID_OR_NULL_FOR_RESTRICTED_PICKLIST:Status: bad value for restricted picklist field: Cancelled:Status --","1pgVY00000006GlYAI","Cancelled"
"1pgVY00000006GmYAI","INVALID_OR_NULL_FOR_RESTRICTED_PICKLIST:Status: bad value for restricted picklist field: Cancelled:Status --","1pgVY00000006GmYAI","Cancelled"
"1pgVY00000006GnYAI","INVALID_OR_NULL_FOR_RESTRICTED_PICKLIST:Status: bad value for restricted picklist field: Cancelled:Status --","1pgVY00000006GnYAI","Cancelled"
"1pgVY00000006GoYAI","INVALID_OR_NULL_FOR_RESTRICTED_PICKLIST:Status: bad value for restricted picklist field: Cancelled:Status --","1pgVY00000006GoYAI","Cancelled"
"1pgVY00000006GpYAI","INVALID_OR_NULL_FOR_RESTRICTED_PICKLIST:Status: bad value for restricted picklist field: Cancelled:Status --","1pgVY00000006GpYAI","Cancelled"
"1pgVY00000006GqYAI","INVALID_OR_NULL_FOR_RESTRICTED_PICKLIST:Status: bad value for restricted picklist field: Cancelled:Status --","1pgVY00000006GqYAI","Cancelled"
"1pgVY00000006ILYAY","INVALID_OR_NULL_FOR_RESTRICTED_PICKLIST:Status: bad value for restricted picklist field: Cancelled:Status --","1pgVY00000006ILYAY","Cancelled"
"1pgVY00000006IMYAY","INVALID_OR_NULL_FOR_RESTRICTED_PICKLIST:Status: bad value for restricted picklist field: Cancelled:Status --","1pgVY00000006IMYAY","Cancelled"
"1pgVY00000006INYAY","INVALID_OR_NULL_FOR_RESTRICTED_PICKLIST:Status: bad value for restricted picklist field: Cancelled:Status --","1pgVY00000006INYAY","Cancelled"
"1pgVY00000006IOYAY","INVALID_OR_NULL_FOR_RESTRICTED_PICKLIST:Status: bad value for restricted picklist field: Cancelled:Status --","1pgVY00000006IOYAY","Cancelled"
"1pgVY00000006IPYAY","INVALID_OR_NULL_FOR_RESTRICTED_PICKLIST:Status: bad value for restricted picklist field: Cancelled:Status --","1pgVY00000006IPYAY","Cancelled"
"1pgVY00000006IQYAY","INVALID_OR_NULL_FOR_RESTRICTED_PICKLIST:Status: bad value for restricted picklist field: Cancelled:Status --","1pgVY00000006IQYAY","Cancelled"
"1pgVY00000006IRYAY","INVALID_OR_NULL_FOR_RESTRICTED_PICKLIST:Status: bad value for restricted picklist field: Cancelled:Status --","1pgVY00000006IRYAY","Cancelled"
"1pgVY00000006ISYAY","INVALID_OR_NULL_FOR_RESTRICTED_PICKLIST:Status: bad value for restricted picklist field: Cancelled:Status --","1pgVY00000006ISYAY","Cancelled"
"1pgVY00000006JxYAI","INVALID_OR_NULL_FOR_RESTRICTED_PICKLIST:Status: bad value for restricted picklist field: Cancelled:Status --","1pgVY00000006JxYAI","Cancelled"
"1pgVY00000006JyYAI","INVALID_OR_NULL_FOR_RESTRICTED_PICKLIST:Status: bad value for restricted picklist field: Cancelled:Status --","1pgVY00000006JyYAI","Cancelled"
"1pgVY00000006JzYAI","INVALID_OR_NULL_FOR_RESTRICTED_PICKLIST:Status: bad value for restricted picklist field: Cancelled:Status --","1pgVY00000006JzYAI","Cancelled"
"1pgVY00000006K0YAI","INVALID_OR_NULL_FOR_RESTRICTED_PICKLIST:Status: bad value for restricted picklist field: Cancelled:Status --","1pgVY00000006K0YAI","Cancelled"
"1pgVY00000006K1YAI","INVALID_OR_NULL_FOR_RESTRICTED_PICKLIST:Status: bad value for restricted picklist field: Cancelled:Status --","1pgVY00000006K1YAI","Cancelled"
"1pgVY00000006K2YAI","INVALID_OR_NULL_FOR_RESTRICTED_PICKLIST:Status: bad value for restricted picklist field: Cancelled:Status --","1pgVY00000006K2YAI","Cancelled"
"1pgVY00000006K3YAI","INVALID_OR_NULL_FOR_RESTRICTED_PICKLIST:Status: bad value for restricted picklist field: Cancelled:Status --","1pgVY00000006K3YAI","Cancelled"
"1pgVY00000006K4YAI","INVALID_OR_NULL_FOR_RESTRICTED_PICKLIST:Status: bad value for restricted picklist field: Cancelled:Status --","1pgVY00000006K4YAI","Cancelled"
"1pgVY00000006K5YAI","INVALID_OR_NULL_FOR_RESTRICTED_PICKLIST:Status: bad value for restricted picklist field: Cancelled:Status --","1pgVY00000006K5YAI","Cancelled"
"1pgVY00000006LZYAY","INVALID_OR_NULL_FOR_RESTRICTED_PICKLIST:Status: bad value for restricted picklist field: Cancelled:Status --","1pgVY00000006LZYAY","Cancelled"
"1pgVY00000006LaYAI","INVALID_OR_NULL_FOR_RESTRICTED_PICKLIST:Status: bad value for restricted picklist field: Cancelled:Status --","1pgVY00000006LaYAI","Cancelled"
"1pgVY00000006LbYAI","INVALID_OR_NULL_FOR_RESTRICTED_PICKLIST:Status: bad value for restricted picklist field: Cancelled:Status --","1pgVY00000006LbYAI","Cancelled"
"1pgVY00000006LcYAI","INVALID_OR_NULL_FOR_RESTRICTED_PICKLIST:Status: bad value for restricted picklist field: Cancelled:Status --","1pgVY00000006LcYAI","Cancelled"
"1pgVY00000006LdYAI","INVALID_OR_NULL_FOR_RESTRICTED_PICKLIST:Status: bad value for restricted picklist field: Cancelled:Status --","1pgVY00000006LdYAI","Cancelled"
"1pgVY00000006LeYAI","INVALID_OR_NULL_FOR_RESTRICTED_PICKLIST:Status: bad value for restricted picklist field: Cancelled:Status --","1pgVY00000006LeYAI","Cancelled"
"1pgVY00000006LfYAI","INVALID_OR_NULL_FOR_RESTRICTED_PICKLIST:Status: bad value for restricted picklist field: Cancelled:Status --","1pgVY00000006LfYAI","Cancelled"
"1pgVY00000006LgYAI","INVALID_OR_NULL_FOR_RESTRICTED_PICKLIST:Status: bad value for restricted picklist field: Cancelled:Status --","1pgVY00000006LgYAI","Cancelled"
"1pgVY00000006LhYAI","INVALID_OR_NULL_FOR_RESTRICTED_PICKLIST:Status: bad value for restricted picklist field: Cancelled:Status --","1pgVY00000006LhYAI","Cancelled"
"1pgVY00000006NBYAY","INVALID_OR_NULL_FOR_RESTRICTED_PICKLIST:Status: bad value for restricted picklist field: Cancelled:Status --","1pgVY00000006NBYAY","Cancelled"
"1pgVY00000006NCYAY","INVALID_OR_NULL_FOR_RESTRICTED_PICKLIST:Status: bad value for restricted picklist field: Cancelled:Status --","1pgVY00000006NCYAY","Cancelled"
"1pgVY00000006OnYAI","INVALID_OR_NULL_FOR_RESTRICTED_PICKLIST:Status: bad value for restricted picklist field: Cancelled:Status --","1pgVY00000006OnYAI","Cancelled"
"1pgVY00000006QPYAY","INVALID_OR_NULL_FOR_RESTRICTED_PICKLIST:Status: bad value for restricted picklist field: Cancelled:Status --","1pgVY00000006QPYAY","Cancelled"
"1pgVY00000006QQYAY","INVALID_OR_NULL_FOR_RESTRICTED_PICKLIST:Status: bad value for restricted picklist field: Cancelled:Status --","1pgVY00000006QQYAY","Cancelled"
"1pgVY00000006QRYAY","INVALID_OR_NULL_FOR_RESTRICTED_PICKLIST:Status: bad value for restricted picklist field: Cancelled:Status --","1pgVY00000006QRYAY","Cancelled"
"1pgVY00000006QSYAY","INVALID_OR_NULL_FOR_RESTRICTED_PICKLIST:Status: bad value for restricted picklist field: Cancelled:Status --","1pgVY00000006QSYAY","Cancelled"
"1pgVY00000006QTYAY","INVALID_OR_NULL_FOR_RESTRICTED_PICKLIST:Status: bad value for restricted picklist field: Cancelled:Status --","1pgVY00000006QTYAY","Cancelled"
"1pgVY00000006QUYAY","INVALID_OR_NULL_FOR_RESTRICTED_PICKLIST:Status: bad value for restricted picklist field: Cancelled:Status --","1pgVY00000006QUYAY","Cancelled"
"1pgVY00000006QVYAY","INVALID_OR_NULL_FOR_RESTRICTED_PICKLIST:Status: bad value for restricted picklist field: Cancelled:Status --","1pgVY00000006QVYAY","Cancelled"
"1pgVY00000006QWYAY","INVALID_OR_NULL_FOR_RESTRICTED_PICKLIST:Status: bad value for restricted picklist field: Cancelled:Status --","1pgVY00000006QWYAY","Cancelled"
"1pgVY00000006QXYAY","INVALID_OR_NULL_FOR_RESTRICTED_PICKLIST:Status: bad value for restricted picklist field: Cancelled:Status --","1pgVY00000006QXYAY","Cancelled"
"1pgVY00000006QYYAY","INVALID_OR_NULL_FOR_RESTRICTED_PICKLIST:Status: bad value for restricted picklist field: Cancelled:Status --","1pgVY00000006QYYAY","Cancelled"
"1pgVY00000006QZYAY","INVALID_OR_NULL_FOR_RESTRICTED_PICKLIST:Status: bad value for restricted picklist field: Cancelled:Status --","1pgVY00000006QZYAY","Cancelled"
"1pgVY00000006QaYAI","INVALID_OR_NULL_FOR_RESTRICTED_PICKLIST:Status: bad value for restricted picklist field: Cancelled:Status --","1pgVY00000006QaYAI","Cancelled"
"1pgVY00000006QbYAI","INVALID_OR_NULL_FOR_RESTRICTED_PICKLIST:Status: bad value for restricted picklist field: Cancelled:Status --","1pgVY00000006QbYAI","Cancelled"
"1pgVY00000006QcYAI","INVALID_OR_NULL_FOR_RESTRICTED_PICKLIST:Status: bad value for restricted picklist field: Cancelled:Status --","1pgVY00000006QcYAI","Cancelled"
"1pgVY00000006QdYAI","INVALID_OR_NULL_FOR_RESTRICTED_PICKLIST:Status: bad value for restricted picklist field: Cancelled:Status --","1pgVY00000006QdYAI","Cancelled"
"1pgVY00000006QeYAI","INVALID_OR_NULL_FOR_RESTRICTED_PICKLIST:Status: bad value for restricted picklist field: Cancelled:Status --","1pgVY00000006QeYAI","Cancelled"
"1pgVY00000006S1YAI","INVALID_OR_NULL_FOR_RESTRICTED_PICKLIST:Status: bad value for restricted picklist field: Cancelled:Status --","1pgVY00000006S1YAI","Cancelled"
"1pgVY00000006S2YAI","INVALID_OR_NULL_FOR_RESTRICTED_PICKLIST:Status: bad value for restricted picklist field: Cancelled:Status --","1pgVY00000006S2YAI","Cancelled"
"1pgVY00000006TdYAI","INVALID_OR_NULL_FOR_RESTRICTED_PICKLIST:Status: bad value for restricted picklist field: Cancelled:Status --","1pgVY00000006TdYAI","Cancelled"
"1pgVY00000006VFYAY","INVALID_OR_NULL_FOR_RESTRICTED_PICKLIST:Status: bad value for restricted picklist field: Cancelled:Status --","1pgVY00000006VFYAY","Cancelled"
"1pgVY00000006VGYAY","INVALID_OR_NULL_FOR_RESTRICTED_PICKLIST:Status: bad value for restricted picklist field: Cancelled:Status --","1pgVY00000006VGYAY","Cancelled"
"1pgVY00000006VHYAY","INVALID_OR_NULL_FOR_RESTRICTED_PICKLIST:Status: bad value for restricted picklist field: Cancelled:Status --","1pgVY00000006VHYAY","Cancelled"
"1pgVY00000006VIYAY","INVALID_OR_NULL_FOR_RESTRICTED_PICKLIST:Status: bad value for restricted picklist field: Cancelled:Status --","1pgVY00000006VIYAY","Cancelled"
"1pgVY00000006VJYAY","INVALID_OR_NULL_FOR_RESTRICTED_PICKLIST:Status: bad value for restricted picklist field: Cancelled:Status --","1pgVY00000006VJYAY","Cancelled"
"1pgVY00000006VKYAY","INVALID_OR_NULL_FOR_RESTRICTED_PICKLIST:Status: bad value for restricted picklist field: Cancelled:Status --","1pgVY00000006VKYAY","Cancelled"
"1pgVY00000006VLYAY","INVALID_OR_NULL_FOR_RESTRICTED_PICKLIST:Status: bad value for restricted picklist field: Cancelled:Status --","1pgVY00000006VLYAY","Cancelled"
"1pgVY00000006VMYAY","INVALID_OR_NULL_FOR_RESTRICTED_PICKLIST:Status: bad value for restricted picklist field: Cancelled:Status --","1pgVY00000006VMYAY","Cancelled"
"1pgVY00000006lNYAQ","INVALID_OR_NULL_FOR_RESTRICTED_PICKLIST:Status: bad value for restricted picklist field: Cancelled:Status --","1pgVY00000006lNYAQ","Cancelled"
"1pgVY00000006lOYAQ","INVALID_OR_NULL_FOR_RESTRICTED_PICKLIST:Status: bad value for restricted picklist field: Cancelled:Status --","1pgVY00000006lOYAQ","Cancelled"
"1pgVY00000006lPYAQ","INVALID_OR_NULL_FOR_RESTRICTED_PICKLIST:Status: bad value for restricted picklist field: Cancelled:Status --","1pgVY00000006lPYAQ","Cancelled"
"1pgVY00000006lQYAQ","INVALID_OR_NULL_FOR_RESTRICTED_PICKLIST:Status: bad value for restricted picklist field: Cancelled:Status --","1pgVY00000006lQYAQ","Cancelled"
"1pgVY00000006lRYAQ","INVALID_OR_NULL_FOR_RESTRICTED_PICKLIST:Status: bad value for restricted picklist field: Cancelled:Status --","1pgVY00000006lRYAQ","Cancelled"
"1pgVY00000006lSYAQ","INVALID_OR_NULL_FOR_RESTRICTED_PICKLIST:Status: bad value for restricted picklist field: Cancelled:Status --","1pgVY00000006lSYAQ","Cancelled"
"1pgVY00000006lTYAQ","INVALID_OR_NULL_FOR_RESTRICTED_PICKLIST:Status: bad value for restricted picklist field: Cancelled:Status --","1pgVY00000006lTYAQ","Cancelled"
"1pgVY00000006lUYAQ","INVALID_OR_NULL_FOR_RESTRICTED_PICKLIST:Status: bad value for restricted picklist field: Cancelled:Status --","1pgVY00000006lUYAQ","Cancelled"
"1pgVY00000006lVYAQ","INVALID_OR_NULL_FOR_RESTRICTED_PICKLIST:Status: bad value for restricted picklist field: Cancelled:Status --","1pgVY00000006lVYAQ","Cancelled"
"1pgVY00000006mzYAA","INVALID_OR_NULL_FOR_RESTRICTED_PICKLIST:Status: bad value for restricted picklist field: Cancelled:Status --","1pgVY00000006mzYAA","Cancelled"
"1pgVY00000006n0YAA","INVALID_OR_NULL_FOR_RESTRICTED_PICKLIST:Status: bad value for restricted picklist field: Cancelled:Status --","1pgVY00000006n0YAA","Cancelled"
"1pgVY00000006n1YAA","INVALID_OR_NULL_FOR_RESTRICTED_PICKLIST:Status: bad value for restricted picklist field: Cancelled:Status --","1pgVY00000006n1YAA","Cancelled"
"1pgVY00000006n2YAA","INVALID_OR_NULL_FOR_RESTRICTED_PICKLIST:Status: bad value for restricted picklist field: Cancelled:Status --","1pgVY00000006n2YAA","Cancelled"
"1pgVY00000006n3YAA","INVALID_OR_NULL_FOR_RESTRICTED_PICKLIST:Status: bad value for restricted picklist field: Cancelled:Status --","1pgVY00000006n3YAA","Cancelled"
"1pgVY00000006n4YAA","INVALID_OR_NULL_FOR_RESTRICTED_PICKLIST:Status: bad value for restricted picklist field: Cancelled:Status --","1pgVY00000006n4YAA","Cancelled"
"1pgVY00000006obYAA","INVALID_OR_NULL_FOR_RESTRICTED_PICKLIST:Status: bad value for restricted picklist field: Cancelled:Status --","1pgVY00000006obYAA","Cancelled"
"1pgVY00000006ocYAA","INVALID_OR_NULL_FOR_RESTRICTED_PICKLIST:Status: bad value for restricted picklist field: Cancelled:Status --","1pgVY00000006ocYAA","Cancelled"
"1pgVY00000006odYAA","INVALID_OR_NULL_FOR_RESTRICTED_PICKLIST:Status: bad value for restricted picklist field: Cancelled:Status --","1pgVY00000006odYAA","Cancelled"
"1pgVY00000006oeYAA","INVALID_OR_NULL_FOR_RESTRICTED_PICKLIST:Status: bad value for restricted picklist field: Cancelled:Status --","1pgVY00000006oeYAA","Cancelled"
"1pgVY00000006ofYAA","INVALID_OR_NULL_FOR_RESTRICTED_PICKLIST:Status: bad value for restricted picklist field: Cancelled:Status --","1pgVY00000006ofYAA","Cancelled"
"1pgVY00000006ogYAA","INVALID_OR_NULL_FOR_RESTRICTED_PICKLIST:Status: bad value for restricted picklist field: Cancelled:Status --","1pgVY00000006ogYAA","Cancelled"
"1pgVY00000006qDYAQ","INVALID_OR_NULL_FOR_RESTRICTED_PICKLIST:Status: bad value for restricted picklist field: Cancelled:Status --","1pgVY00000006qDYAQ","Cancelled"
"1pgVY00000006qEYAQ","INVALID_OR_NULL_FOR_RESTRICTED_PICKLIST:Status: bad value for restricted picklist field: Cancelled:Status --","1pgVY00000006qEYAQ","Cancelled"
"1pgVY00000006qFYAQ","INVALID_OR_NULL_FOR_RESTRICTED_PICKLIST:Status: bad value for restricted picklist field: Cancelled:Status --","1pgVY00000006qFYAQ","Cancelled"
"1pgVY00000006qGYAQ","INVALID_OR_NULL_FOR_RESTRICTED_PICKLIST:Status: bad value for restricted picklist field: Cancelled:Status --","1pgVY00000006qGYAQ","Cancelled"
"1pgVY00000006qHYAQ","INVALID_OR_NULL_FOR_RESTRICTED_PICKLIST:Status: bad value for restricted picklist field: Cancelled:Status --","1pgVY00000006qHYAQ","Cancelled"
"1pgVY00000006qIYAQ","INVALID_OR_NULL_FOR_RESTRICTED_PICKLIST:Status: bad value for restricted picklist field: Cancelled:Status --","1pgVY00000006qIYAQ","Cancelled"
"1pgVY00000006qJYAQ","INVALID_OR_NULL_FOR_RESTRICTED_PICKLIST:Status: bad value for restricted picklist field: Cancelled:Status --","1pgVY00000006qJYAQ","Cancelled"
"1pgVY00000006qKYAQ","INVALID_OR_NULL_FOR_RESTRICTED_PICKLIST:Status: bad value for restricted picklist field: Cancelled:Status --","1pgVY00000006qKYAQ","Cancelled"
"1pgVY00000006rpYAA","INVALID_OR_NULL_FOR_RESTRICTED_PICKLIST:Status: bad value for restricted picklist field: Cancelled:Status --","1pgVY00000006rpYAA","Cancelled"
"1pgVY00000006rqYAA","INVALID_OR_NULL_FOR_RESTRICTED_PICKLIST:Status: bad value for restricted picklist field: Cancelled:Status --","1pgVY00000006rqYAA","Cancelled"
"1pgVY00000006rrYAA","INVALID_OR_NULL_FOR_RESTRICTED_PICKLIST:Status: bad value for restricted picklist field: Cancelled:Status --","1pgVY00000006rrYAA","Cancelled"
"1pgVY00000006rsYAA","INVALID_OR_NULL_FOR_RESTRICTED_PICKLIST:Status: bad value for restricted picklist field: Cancelled:Status --","1pgVY00000006rsYAA","Cancelled"
"1pgVY00000006rtYAA","INVALID_OR_NULL_FOR_RESTRICTED_PICKLIST:Status: bad value for restricted picklist field: Cancelled:Status --","1pgVY00000006rtYAA","Cancelled"
"1pgVY00000006ruYAA","INVALID_OR_NULL_FOR_RESTRICTED_PICKLIST:Status: bad value for restricted picklist field: Cancelled:Status --","1pgVY00000006ruYAA","Cancelled"
"1pgVY00000006rvYAA","INVALID_OR_NULL_FOR_RESTRICTED_PICKLIST:Status: bad value for restricted picklist field: Cancelled:Status --","1pgVY00000006rvYAA","Cancelled"
"1pgVY00000006rwYAA","INVALID_OR_NULL_FOR_RESTRICTED_PICKLIST:Status: bad value for restricted picklist field: Cancelled:Status --","1pgVY00000006rwYAA","Cancelled"
"1pgVY00000006tRYAQ","INVALID_OR_NULL_FOR_RESTRICTED_PICKLIST:Status: bad value for restricted picklist field: Cancelled:Status --","1pgVY00000006tRYAQ","Cancelled"
"1pgVY00000006tSYAQ","INVALID_OR_NULL_FOR_RESTRICTED_PICKLIST:Status: bad value for restricted picklist field: Cancelled:Status --","1pgVY00000006tSYAQ","Cancelled"
"1pgVY00000006tTYAQ","INVALID_OR_NULL_FOR_RESTRICTED_PICKLIST:Status: bad value for restricted picklist field: Cancelled:Status --","1pgVY00000006tTYAQ","Cancelled"
"1pgVY00000006tUYAQ","INVALID_OR_NULL_FOR_RESTRICTED_PICKLIST:Status: bad value for restricted picklist field: Cancelled:Status --","1pgVY00000006tUYAQ","Cancelled"
"1pgVY00000006tVYAQ","INVALID_OR_NULL_FOR_RESTRICTED_PICKLIST:Status: bad value for restricted picklist field: Cancelled:Status --","1pgVY00000006tVYAQ","Cancelled"
"1pgVY00000006tWYAQ","INVALID_OR_NULL_FOR_RESTRICTED_PICKLIST:Status: bad value for restricted picklist field: Cancelled:Status --","1pgVY00000006tWYAQ","Cancelled"
"1pgVY00000006tXYAQ","INVALID_OR_NULL_FOR_RESTRICTED_PICKLIST:Status: bad value for restricted picklist field: Cancelled:Status --","1pgVY00000006tXYAQ","Cancelled"
"1pgVY00000006tYYAQ","INVALID_OR_NULL_FOR_RESTRICTED_PICKLIST:Status: bad value for restricted picklist field: Cancelled:Status --","1pgVY00000006tYYAQ","Cancelled"
"1pgVY00000006v3YAA","INVALID_OR_NULL_FOR_RESTRICTED_PICKLIST:Status: bad value for restricted picklist field: Cancelled:Status --","1pgVY00000006v3YAA","Cancelled"
"1pgVY00000006v4YAA","INVALID_OR_NULL_FOR_RESTRICTED_PICKLIST:Status: bad value for restricted picklist field: Cancelled:Status --","1pgVY00000006v4YAA","Cancelled"
"1pgVY00000006v5YAA","INVALID_OR_NULL_FOR_RESTRICTED_PICKLIST:Status: bad value for restricted picklist field: Cancelled:Status --","1pgVY00000006v5YAA","Cancelled"
"1pgVY00000006v6YAA","INVALID_OR_NULL_FOR_RESTRICTED_PICKLIST:Status: bad value for restricted picklist field: Cancelled:Status --","1pgVY00000006v6YAA","Cancelled"
"1pgVY00000006v7YAA","INVALID_OR_NULL_FOR_RESTRICTED_PICKLIST:Status: bad value for restricted picklist field: Cancelled:Status --","1pgVY00000006v7YAA","Cancelled"
"1pgVY00000006v8YAA","INVALID_OR_NULL_FOR_RESTRICTED_PICKLIST:Status: bad value for restricted picklist field: Cancelled:Status --","1pgVY00000006v8YAA","Cancelled"
"1pgVY00000006wfYAA","INVALID_OR_NULL_FOR_RESTRICTED_PICKLIST:Status: bad value for restricted picklist field: Cancelled:Status --","1pgVY00000006wfYAA","Cancelled"
"1pgVY00000006wgYAA","INVALID_OR_NULL_FOR_RESTRICTED_PICKLIST:Status: bad value for restricted picklist field: Cancelled:Status --","1pgVY00000006wgYAA","Cancelled"
"1pgVY00000006whYAA","INVALID_OR_NULL_FOR_RESTRICTED_PICKLIST:Status: bad value for restricted picklist field: Cancelled:Status --","1pgVY00000006whYAA","Cancelled"
"1pgVY00000006wiYAA","INVALID_OR_NULL_FOR_RESTRICTED_PICKLIST:Status: bad value for restricted picklist field: Cancelled:Status --","1pgVY00000006wiYAA","Cancelled"
"1pgVY00000006wjYAA","INVALID_OR_NULL_FOR_RESTRICTED_PICKLIST:Status: bad value for restricted picklist field: Cancelled:Status --","1pgVY00000006wjYAA","Cancelled"
"1pgVY00000006wkYAA","INVALID_OR_NULL_FOR_RESTRICTED_PICKLIST:Status: bad value for restricted picklist field: Cancelled:Status --","1pgVY00000006wkYAA","Cancelled"
"1pgVY00000006wlYAA","INVALID_OR_NULL_FOR_RESTRICTED_PICKLIST:Status: bad value for restricted picklist field: Cancelled:Status --","1pgVY00000006wlYAA","Cancelled"
"1pgVY00000006wmYAA","INVALID_OR_NULL_FOR_RESTRICTED_PICKLIST:Status: bad value for restricted picklist field: Cancelled:Status --","1pgVY00000006wmYAA","Cancelled"
"1pgVY00000006yHYAQ","INVALID_OR_NULL_FOR_RESTRICTED_PICKLIST:Status: bad value for restricted picklist field: Cancelled:Status --","1pgVY00000006yHYAQ","Cancelled"
"1pgVY00000006yIYAQ","INVALID_OR_NULL_FOR_RESTRICTED_PICKLIST:Status: bad value for restricted picklist field: Cancelled:Status --","1pgVY00000006yIYAQ","Cancelled"
"1pgVY00000006yJYAQ","INVALID_OR_NULL_FOR_RESTRICTED_PICKLIST:Status: bad value for restricted picklist field: Cancelled:Status --","1pgVY00000006yJYAQ","Cancelled"
"1pgVY00000006yKYAQ","INVALID_OR_NULL_FOR_RESTRICTED_PICKLIST:Status: bad value for restricted picklist field: Cancelled:Status --","1pgVY00000006yKYAQ","Cancelled"
"1pgVY00000006yLYAQ","INVALID_OR_NULL_FOR_RESTRICTED_PICKLIST:Status: bad value for restricted picklist field: Cancelled:Status --","1pgVY00000006yLYAQ","Cancelled"
"1pgVY00000006yMYAQ","INVALID_OR_NULL_FOR_RESTRICTED_PICKLIST:Status: bad value for restricted picklist field: Cancelled:Status --","1pgVY00000006yMYAQ","Cancelled"
"1pgVY00000006yNYAQ","INVALID_OR_NULL_FOR_RESTRICTED_PICKLIST:Status: bad value for restricted picklist field: Cancelled:Status --","1pgVY00000006yNYAQ","Cancelled"
"1pgVY00000006yOYAQ","INVALID_OR_NULL_FOR_RESTRICTED_PICKLIST:Status: bad value for restricted picklist field: Cancelled:Status --","1pgVY00000006yOYAQ","Cancelled"
"1pgVY00000006yPYAQ","INVALID_OR_NULL_FOR_RESTRICTED_PICKLIST:Status: bad value for restricted picklist field: Cancelled:Status --","1pgVY00000006yPYAQ","Cancelled"
"1pgVY00000006ztYAA","INVALID_OR_NULL_FOR_RESTRICTED_PICKLIST:Status: bad value for restricted picklist field: Cancelled:Status --","1pgVY00000006ztYAA","Cancelled"
"1pgVY00000006zuYAA","INVALID_OR_NULL_FOR_RESTRICTED_PICKLIST:Status: bad value for restricted picklist field: Cancelled:Status --","1pgVY00000006zuYAA","Cancelled"
"1pgVY00000006zvYAA","INVALID_OR_NULL_FOR_RESTRICTED_PICKLIST:Status: bad value for restricted picklist field: Cancelled:Status --","1pgVY00000006zvYAA","Cancelled"
"1pgVY00000006zwYAA","INVALID_OR_NULL_FOR_RESTRICTED_PICKLIST:Status: bad value for restricted picklist field: Cancelled:Status --","1pgVY00000006zwYAA","Cancelled"
"1pgVY00000006zxYAA","INVALID_OR_NULL_FOR_RESTRICTED_PICKLIST:Status: bad value for restricted picklist field: Cancelled:Status --","1pgVY00000006zxYAA","Cancelled"
"1pgVY00000006zyYAA","INVALID_OR_NULL_FOR_RESTRICTED_PICKLIST:Status: bad value for restricted picklist field: Cancelled:Status --","1pgVY00000006zyYAA","Cancelled"
"1pgVY000000071VYAQ","INVALID_OR_NULL_FOR_RESTRICTED_PICKLIST:Status: bad value for restricted picklist field: Cancelled:Status --","1pgVY000000071VYAQ","Cancelled"
"1pgVY000000071WYAQ","INVALID_OR_NULL_FOR_RESTRICTED_PICKLIST:Status: bad value for restricted picklist field: Cancelled:Status --","1pgVY000000071WYAQ","Cancelled"
"1pgVY000000071XYAQ","INVALID_OR_NULL_FOR_RESTRICTED_PICKLIST:Status: bad value for restricted picklist field: Cancelled:Status --","1pgVY000000071XYAQ","Cancelled"
"1pgVY000000071YYAQ","INVALID_OR_NULL_FOR_RESTRICTED_PICKLIST:Status: bad value for restricted picklist field: Cancelled:Status --","1pgVY000000071YYAQ","Cancelled"
"1pgVY000000071ZYAQ","INVALID_OR_NULL_FOR_RESTRICTED_PICKLIST:Status: bad value for restricted picklist field: Cancelled:Status --","1pgVY000000071ZYAQ","Cancelled"
"1pgVY000000071aYAA","INVALID_OR_NULL_FOR_RESTRICTED_PICKLIST:Status: bad value for restricted picklist field: Cancelled:Status --","1pgVY000000071aYAA","Cancelled"
"1pgVY000000071bYAA","INVALID_OR_NULL_FOR_RESTRICTED_PICKLIST:Status: bad value for restricted picklist field: Cancelled:Status --","1pgVY000000071bYAA","Cancelled"
"1pgVY000000071cYAA","INVALID_OR_NULL_FOR_RESTRICTED_PICKLIST:Status: bad value for restricted picklist field: Cancelled:Status --","1pgVY000000071cYAA","Cancelled"
"1pgVY0000000737YAA","INVALID_OR_NULL_FOR_RESTRICTED_PICKLIST:Status: bad value for restricted picklist field: Cancelled:Status --","1pgVY0000000737YAA","Cancelled"
"1pgVY0000000738YAA","INVALID_OR_NULL_FOR_RESTRICTED_PICKLIST:Status: bad value for restricted picklist field: Cancelled:Status --","1pgVY0000000738YAA","Cancelled"
"1pgVY0000000739YAA","INVALID_OR_NULL_FOR_RESTRICTED_PICKLIST:Status: bad value for restricted picklist field: Cancelled:Status --","1pgVY0000000739YAA","Cancelled"
"1pgVY000000073AYAQ","INVALID_OR_NULL_FOR_RESTRICTED_PICKLIST:Status: bad value for restricted picklist field: Cancelled:Status --","1pgVY000000073AYAQ","Cancelled"
"1pgVY000000073BYAQ","INVALID_OR_NULL_FOR_RESTRICTED_PICKLIST:Status: bad value for restricted picklist field: Cancelled:Status --","1pgVY000000073BYAQ","Cancelled"
"1pgVY000000073CYAQ","INVALID_OR_NULL_FOR_RESTRICTED_PICKLIST:Status: bad value for restricted picklist field: Cancelled:Status --","1pgVY000000073CYAQ","Cancelled"
"1pgVY000000074jYAA","INVALID_OR_NULL_FOR_RESTRICTED_PICKLIST:Status: bad value for restricted picklist field: Cancelled:Status --","1pgVY000000074jYAA","Cancelled"
"1pgVY000000074kYAA","INVALID_OR_NULL_FOR_RESTRICTED_PICKLIST:Status: bad value for restricted picklist field: Cancelled:Status --","1pgVY000000074kYAA","Cancelled"
"1pgVY000000074lYAA","INVALID_OR_NULL_FOR_RESTRICTED_PICKLIST:Status: bad value for restricted picklist field: Cancelled:Status --","1pgVY000000074lYAA","Cancelled"
"1pgVY000000074mYAA","INVALID_OR_NULL_FOR_RESTRICTED_PICKLIST:Status: bad value for restricted picklist field: Cancelled:Status --","1pgVY000000074mYAA","Cancelled"
"1pgVY000000074nYAA","INVALID_OR_NULL_FOR_RESTRICTED_PICKLIST:Status: bad value for restricted picklist field: Cancelled:Status --","1pgVY000000074nYAA","Cancelled"
"1pgVY000000074oYAA","INVALID_OR_NULL_FOR_RESTRICTED_PICKLIST:Status: bad value for restricted picklist field: Cancelled:Status --","1pgVY000000074oYAA","Cancelled"
"1pgVY000000074pYAA","INVALID_OR_NULL_FOR_RESTRICTED_PICKLIST:Status: bad value for restricted picklist field: Cancelled:Status --","1pgVY000000074pYAA","Cancelled"
"1pgVY000000074qYAA","INVALID_OR_NULL_FOR_RESTRICTED_PICKLIST:Status: bad value for restricted picklist field: Cancelled:Status --","1pgVY000000074qYAA","Cancelled"
"1pgVY000000074rYAA","INVALID_OR_NULL_FOR_RESTRICTED_PICKLIST:Status: bad value for restricted picklist field: Cancelled:Status --","1pgVY000000074rYAA","Cancelled"
"1pgVY000000076LYAQ","INVALID_OR_NULL_FOR_RESTRICTED_PICKLIST:Status: bad value for restricted picklist field: Cancelled:Status --","1pgVY000000076LYAQ","Cancelled"
"1pgVY000000076MYAQ","INVALID_OR_NULL_FOR_RESTRICTED_PICKLIST:Status: bad value for restricted picklist field: Cancelled:Status --","1pgVY000000076MYAQ","Cancelled"
"1pgVY000000076NYAQ","INVALID_OR_NULL_FOR_RESTRICTED_PICKLIST:Status: bad value for restricted picklist field: Cancelled:Status --","1pgVY000000076NYAQ","Cancelled"
"1pgVY000000076OYAQ","INVALID_OR_NULL_FOR_RESTRICTED_PICKLIST:Status: bad value for restricted picklist field: Cancelled:Status --","1pgVY000000076OYAQ","Cancelled"
"1pgVY000000076PYAQ","INVALID_OR_NULL_FOR_RESTRICTED_PICKLIST:Status: bad value for restricted picklist field: Cancelled:Status --","1pgVY000000076PYAQ","Cancelled"
"1pgVY000000076QYAQ","INVALID_OR_NULL_FOR_RESTRICTED_PICKLIST:Status: bad value for restricted picklist field: Cancelled:Status --","1pgVY000000076QYAQ","Cancelled"
"1pgVY000000076RYAQ","INVALID_OR_NULL_FOR_RESTRICTED_PICKLIST:Status: bad value for restricted picklist field: Cancelled:Status --","1pgVY000000076RYAQ","Cancelled"
"1pgVY000000076SYAQ","INVALID_OR_NULL_FOR_RESTRICTED_PICKLIST:Status: bad value for restricted picklist field: Cancelled:Status --","1pgVY000000076SYAQ","Cancelled"
"1pgVY000000077xYAA","INVALID_OR_NULL_FOR_RESTRICTED_PICKLIST:Status: bad value for restricted picklist field: Cancelled:Status --","1pgVY000000077xYAA","Cancelled"
"1pgVY000000077yYAA","INVALID_OR_NULL_FOR_RESTRICTED_PICKLIST:Status: bad value for restricted picklist field: Cancelled:Status --","1pgVY000000077yYAA","Cancelled"
"1pgVY000000077zYAA","INVALID_OR_NULL_FOR_RESTRICTED_PICKLIST:Status: bad value for restricted picklist field: Cancelled:Status --","1pgVY000000077zYAA","Cancelled"
"1pgVY0000000780YAA","INVALID_OR_NULL_FOR_RESTRICTED_PICKLIST:Status: bad value for restricted picklist field: Cancelled:Status --","1pgVY0000000780YAA","Cancelled"
"1pgVY0000000781YAA","INVALID_OR_NULL_FOR_RESTRICTED_PICKLIST:Status: bad value for restricted picklist field: Cancelled:Status --","1pgVY0000000781YAA","Cancelled"
"1pgVY0000000782YAA","INVALID_OR_NULL_FOR_RESTRICTED_PICKLIST:Status: bad value for restricted picklist field: Cancelled:Status --","1pgVY0000000782YAA","Cancelled"
"1pgVY0000000783YAA","INVALID_OR_NULL_FOR_RESTRICTED_PICKLIST:Status: bad value for restricted picklist field: Cancelled:Status --","1pgVY0000000783YAA","Cancelled"
"1pgVY0000000784YAA","INVALID_OR_NULL_FOR_RESTRICTED_PICKLIST:Status: bad value for restricted picklist field: Cancelled:Status --","1pgVY0000000784YAA","Cancelled"
"1pgVY000000079ZYAQ","INVALID_OR_NULL_FOR_RESTRICTED_PICKLIST:Status: bad value for restricted picklist field: Cancelled:Status --","1pgVY000000079ZYAQ","Cancelled"
"1pgVY000000079aYAA","INVALID_OR_NULL_FOR_RESTRICTED_PICKLIST:Status: bad value for restricted picklist field: Cancelled:Status --","1pgVY000000079aYAA","Cancelled"
"1pgVY000000079bYAA","INVALID_OR_NULL_FOR_RESTRICTED_PICKLIST:Status: bad value for restricted picklist field: Cancelled:Status --","1pgVY000000079bYAA","Cancelled"
"1pgVY000000079cYAA","INVALID_OR_NULL_FOR_RESTRICTED_PICKLIST:Status: bad value for restricted picklist field: Cancelled:Status --","1pgVY000000079cYAA","Cancelled"
"1pgVY000000079dYAA","INVALID_OR_NULL_FOR_RESTRICTED_PICKLIST:Status: bad value for restricted picklist field: Cancelled:Status --","1pgVY000000079dYAA","Cancelled"
"1pgVY000000079eYAA","INVALID_OR_NULL_FOR_RESTRICTED_PICKLIST:Status: bad value for restricted picklist field: Cancelled:Status --","1pgVY000000079eYAA","Cancelled"
"1pgVY000000079fYAA","INVALID_OR_NULL_FOR_RESTRICTED_PICKLIST:Status: bad value for restricted picklist field: Cancelled:Status --","1pgVY000000079fYAA","Cancelled"
"1pgVY000000079gYAA","INVALID_OR_NULL_FOR_RESTRICTED_PICKLIST:Status: bad value for restricted picklist field: Cancelled:Status --","1pgVY000000079gYAA","Cancelled"
"1pgVY00000007BBYAY","INVALID_OR_NULL_FOR_RESTRICTED_PICKLIST:Status: bad value for restricted picklist field: Cancelled:Status --","1pgVY00000007BBYAY","Cancelled"
"1pgVY00000007BCYAY","INVALID_OR_NULL_FOR_RESTRICTED_PICKLIST:Status: bad value for restricted picklist field: Cancelled:Status --","1pgVY00000007BCYAY","Cancelled"
"1pgVY00000007BDYAY","INVALID_OR_NULL_FOR_RESTRICTED_PICKLIST:Status: bad value for restricted picklist field: Cancelled:Status --","1pgVY00000007BDYAY","Cancelled"
"1pgVY00000007BEYAY","INVALID_OR_NULL_FOR_RESTRICTED_PICKLIST:Status: bad value for restricted picklist field: Cancelled:Status --","1pgVY00000007BEYAY","Cancelled"
"1pgVY00000007BFYAY","INVALID_OR_NULL_FOR_RESTRICTED_PICKLIST:Status: bad value for restricted picklist field: Cancelled:Status --","1pgVY00000007BFYAY","Cancelled"
"1pgVY00000007BGYAY","INVALID_OR_NULL_FOR_RESTRICTED_PICKLIST:Status: bad value for restricted picklist field: Cancelled:Status --","1pgVY00000007BGYAY","Cancelled"
"1pgVY00000007CnYAI","INVALID_OR_NULL_FOR_RESTRICTED_PICKLIST:Status: bad value for restricted picklist field: Cancelled:Status --","1pgVY00000007CnYAI","Cancelled"
"1pgVY00000007CoYAI","INVALID_OR_NULL_FOR_RESTRICTED_PICKLIST:Status: bad value for restricted picklist field: Cancelled:Status --","1pgVY00000007CoYAI","Cancelled"
"1pgVY00000007CpYAI","INVALID_OR_NULL_FOR_RESTRICTED_PICKLIST:Status: bad value for restricted picklist field: Cancelled:Status --","1pgVY00000007CpYAI","Cancelled"
"1pgVY00000007CqYAI","INVALID_OR_NULL_FOR_RESTRICTED_PICKLIST:Status: bad value for restricted picklist field: Cancelled:Status --","1pgVY00000007CqYAI","Cancelled"
"1pgVY00000007CrYAI","INVALID_OR_NULL_FOR_RESTRICTED_PICKLIST:Status: bad value for restricted picklist field: Cancelled:Status --","1pgVY00000007CrYAI","Cancelled"
"1pgVY00000007CsYAI","INVALID_OR_NULL_FOR_RESTRICTED_PICKLIST:Status: bad value for restricted picklist field: Cancelled:Status --","1pgVY00000007CsYAI","Cancelled"
"1pgVY00000007CtYAI","INVALID_OR_NULL_FOR_RESTRICTED_PICKLIST:Status: bad value for restricted picklist field: Cancelled:Status --","1pgVY00000007CtYAI","Cancelled"
"1pgVY00000007CuYAI","INVALID_OR_NULL_FOR_RESTRICTED_PICKLIST:Status: bad value for restricted picklist field: Cancelled:Status --","1pgVY00000007CuYAI","Cancelled"
"1pgVY00000007EPYAY","INVALID_OR_NULL_FOR_RESTRICTED_PICKLIST:Status: bad value for restricted picklist field: Cancelled:Status --","1pgVY00000007EPYAY","Cancelled"
"1pgVY00000007EQYAY","INVALID_OR_NULL_FOR_RESTRICTED_PICKLIST:Status: bad value for restricted picklist field: Cancelled:Status --","1pgVY00000007EQYAY","Cancelled"
"1pgVY00000007ERYAY","INVALID_OR_NULL_FOR_RESTRICTED_PICKLIST:Status: bad value for restricted picklist field: Cancelled:Status --","1pgVY00000007ERYAY","Cancelled"
"1pgVY00000007ESYAY","INVALID_OR_NULL_FOR_RESTRICTED_PICKLIST:Status: bad value for restricted picklist field: Cancelled:Status --","1pgVY00000007ESYAY","Cancelled"
"1pgVY00000007ETYAY","INVALID_OR_NULL_FOR_RESTRICTED_PICKLIST:Status: bad value for restricted picklist field: Cancelled:Status --","1pgVY00000007ETYAY","Cancelled"
"1pgVY00000007EUYAY","INVALID_OR_NULL_FOR_RESTRICTED_PICKLIST:Status: bad value for restricted picklist field: Cancelled:Status --","1pgVY00000007EUYAY","Cancelled"
"1pgVY00000007G1YAI","INVALID_OR_NULL_FOR_RESTRICTED_PICKLIST:Status: bad value for restricted picklist field: Cancelled:Status --","1pgVY00000007G1YAI","Cancelled"
"1pgVY00000007G2YAI","INVALID_OR_NULL_FOR_RESTRICTED_PICKLIST:Status: bad value for restricted picklist field: Cancelled:Status --","1pgVY00000007G2YAI","Cancelled"
"1pgVY00000007G3YAI","INVALID_OR_NULL_FOR_RESTRICTED_PICKLIST:Status: bad value for restricted picklist field: Cancelled:Status --","1pgVY00000007G3YAI","Cancelled"
"1pgVY00000007G4YAI","INVALID_OR_NULL_FOR_RESTRICTED_PICKLIST:Status: bad value for restricted picklist field: Cancelled:Status --","1pgVY00000007G4YAI","Cancelled"
"1pgVY00000007G5YAI","INVALID_OR_NULL_FOR_RESTRICTED_PICKLIST:Status: bad value for restricted picklist field: Cancelled:Status --","1pgVY00000007G5YAI","Cancelled"
"1pgVY00000007G6YAI","INVALID_OR_NULL_FOR_RESTRICTED_PICKLIST:Status: bad value for restricted picklist field: Cancelled:Status --","1pgVY00000007G6YAI","Cancelled"
"1pgVY00000007G7YAI","INVALID_OR_NULL_FOR_RESTRICTED_PICKLIST:Status: bad value for restricted picklist field: Cancelled:Status --","1pgVY00000007G7YAI","Cancelled"
"1pgVY00000007G8YAI","INVALID_OR_NULL_FOR_RESTRICTED_PICKLIST:Status: bad value for restricted picklist field: Cancelled:Status --","1pgVY00000007G8YAI","Cancelled"
"1pgVY00000007HdYAI","INVALID_OR_NULL_FOR_RESTRICTED_PICKLIST:Status: bad value for restricted picklist field: Cancelled:Status --","1pgVY00000007HdYAI","Cancelled"
"1pgVY00000007HeYAI","INVALID_OR_NULL_FOR_RESTRICTED_PICKLIST:Status: bad value for restricted picklist field: Cancelled:Status --","1pgVY00000007HeYAI","Cancelled"
"1pgVY00000007HfYAI","INVALID_OR_NULL_FOR_RESTRICTED_PICKLIST:Status: bad value for restricted picklist field: Cancelled:Status --","1pgVY00000007HfYAI","Cancelled"
"1pgVY00000007HgYAI","INVALID_OR_NULL_FOR_RESTRICTED_PICKLIST:Status: bad value for restricted picklist field: Cancelled:Status --","1pgVY00000007HgYAI","Cancelled"
"1pgVY00000007HhYAI","INVALID_OR_NULL_FOR_RESTRICTED_PICKLIST:Status: bad value for restricted picklist field: Cancelled:Status --","1pgVY00000007HhYAI","Cancelled"
"1pgVY00000007HiYAI","INVALID_OR_NULL_FOR_RESTRICTED_PICKLIST:Status: bad value for restricted picklist field: Cancelled:Status --","1pgVY00000007HiYAI","Cancelled"
"1pgVY00000007JFYAY","INVALID_OR_NULL_FOR_RESTRICTED_PICKLIST:Status: bad value for restricted picklist field: Cancelled:Status --","1pgVY00000007JFYAY","Cancelled"
"1pgVY00000007JGYAY","INVALID_OR_NULL_FOR_RESTRICTED_PICKLIST:Status: bad value for restricted picklist field: Cancelled:Status --","1pgVY00000007JGYAY","Cancelled"
"1pgVY00000007JHYAY","INVALID_OR_NULL_FOR_RESTRICTED_PICKLIST:Status: bad value for restricted picklist field: Cancelled:Status --","1pgVY00000007JHYAY","Cancelled"
"1pgVY00000007JIYAY","INVALID_OR_NULL_FOR_RESTRICTED_PICKLIST:Status: bad value for restricted picklist field: Cancelled:Status --","1pgVY00000007JIYAY","Cancelled"
"1pgVY00000007JJYAY","INVALID_OR_NULL_FOR_RESTRICTED_PICKLIST:Status: bad value for restricted picklist field: Cancelled:Status --","1pgVY00000007JJYAY","Cancelled"
"1pgVY00000007JKYAY","INVALID_OR_NULL_FOR_RESTRICTED_PICKLIST:Status: bad value for restricted picklist field: Cancelled:Status --","1pgVY00000007JKYAY","Cancelled"
"1pgVY00000007KrYAI","INVALID_OR_NULL_FOR_RESTRICTED_PICKLIST:Status: bad value for restricted picklist field: Cancelled:Status --","1pgVY00000007KrYAI","Cancelled"
"1pgVY00000007KsYAI","INVALID_OR_NULL_FOR_RESTRICTED_PICKLIST:Status: bad value for restricted picklist field: Cancelled:Status --","1pgVY00000007KsYAI","Cancelled"
"1pgVY00000007KtYAI","INVALID_OR_NULL_FOR_RESTRICTED_PICKLIST:Status: bad value for restricted picklist field: Cancelled:Status --","1pgVY00000007KtYAI","Cancelled"
"1pgVY00000007KuYAI","INVALID_OR_NULL_FOR_RESTRICTED_PICKLIST:Status: bad value for restricted picklist field: Cancelled:Status --","1pgVY00000007KuYAI","Cancelled"
"1pgVY00000007KvYAI","INVALID_OR_NULL_FOR_RESTRICTED_PICKLIST:Status: bad value for restricted picklist field: Cancelled:Status --","1pgVY00000007KvYAI","Cancelled"
"1pgVY00000007KwYAI","INVALID_OR_NULL_FOR_RESTRICTED_PICKLIST:Status: bad value for restricted picklist field: Cancelled:Status --","1pgVY00000007KwYAI","Cancelled"
"1pgVY00000007KxYAI","INVALID_OR_NULL_FOR_RESTRICTED_PICKLIST:Status: bad value for restricted picklist field: Cancelled:Status --","1pgVY00000007KxYAI","Cancelled"
"1pgVY00000007KyYAI","INVALID_OR_NULL_FOR_RESTRICTED_PICKLIST:Status: bad value for restricted picklist field: Cancelled:Status --","1pgVY00000007KyYAI","Cancelled"
"1pgVY00000007MTYAY","INVALID_OR_NULL_FOR_RESTRICTED_PICKLIST:Status: bad value for restricted picklist field: Cancelled:Status --","1pgVY00000007MTYAY","Cancelled"
"1pgVY00000007MUYAY","INVALID_OR_NULL_FOR_RESTRICTED_PICKLIST:Status: bad value for restricted picklist field: Cancelled:Status --","1pgVY00000007MUYAY","Cancelled"
"1pgVY00000007MVYAY","INVALID_OR_NULL_FOR_RESTRICTED_PICKLIST:Status: bad value for restricted picklist field: Cancelled:Status --","1pgVY00000007MVYAY","Cancelled"
"1pgVY00000007MWYAY","INVALID_OR_NULL_FOR_RESTRICTED_PICKLIST:Status: bad value for restricted picklist field: Cancelled:Status --","1pgVY00000007MWYAY","Cancelled"
"1pgVY00000007MXYAY","INVALID_OR_NULL_FOR_RESTRICTED_PICKLIST:Status: bad value for restricted picklist field: Cancelled:Status --","1pgVY00000007MXYAY","Cancelled"
"1pgVY00000007MYYAY","INVALID_OR_NULL_FOR_RESTRICTED_PICKLIST:Status: bad value for restricted picklist field: Cancelled:Status --","1pgVY00000007MYYAY","Cancelled"
"1pgVY00000007O5YAI","INVALID_OR_NULL_FOR_RESTRICTED_PICKLIST:Status: bad value for restricted picklist field: Cancelled:Status --","1pgVY00000007O5YAI","Cancelled"
"1pgVY00000007O6YAI","INVALID_OR_NULL_FOR_RESTRICTED_PICKLIST:Status: bad value for restricted picklist field: Cancelled:Status --","1pgVY00000007O6YAI","Cancelled"
"1pgVY00000007O7YAI","INVALID_OR_NULL_FOR_RESTRICTED_PICKLIST:Status: bad value for restricted picklist field: Cancelled:Status --","1pgVY00000007O7YAI","Cancelled"
"1pgVY00000007O8YAI","INVALID_OR_NULL_FOR_RESTRICTED_PICKLIST:Status: bad value for restricted picklist field: Cancelled:Status --","1pgVY00000007O8YAI","Cancelled"
"1pgVY00000007O9YAI","INVALID_OR_NULL_FOR_RESTRICTED_PICKLIST:Status: bad value for restricted picklist field: Cancelled:Status --","1pgVY00000007O9YAI","Cancelled"
"1pgVY00000007OAYAY","INVALID_OR_NULL_FOR_RESTRICTED_PICKLIST:Status: bad value for restricted picklist field: Cancelled:Status --","1pgVY00000007OAYAY","Cancelled"
"1pgVY00000007PhYAI","INVALID_OR_NULL_FOR_RESTRICTED_PICKLIST:Status: bad value for restricted picklist field: Cancelled:Status --","1pgVY00000007PhYAI","Cancelled"
"1pgVY00000007PiYAI","INVALID_OR_NULL_FOR_RESTRICTED_PICKLIST:Status: bad value for restricted picklist field: Cancelled:Status --","1pgVY00000007PiYAI","Cancelled"
"1pgVY00000007PjYAI","INVALID_OR_NULL_FOR_RESTRICTED_PICKLIST:Status: bad value for restricted picklist field: Cancelled:Status --","1pgVY00000007PjYAI","Cancelled"
"1pgVY00000007PkYAI","INVALID_OR_NULL_FOR_RESTRICTED_PICKLIST:Status: bad value for restricted picklist field: Cancelled:Status --","1pgVY00000007PkYAI","Cancelled"
"1pgVY00000007PlYAI","INVALID_OR_NULL_FOR_RESTRICTED_PICKLIST:Status: bad value for restricted picklist field: Cancelled:Status --","1pgVY00000007PlYAI","Cancelled"
"1pgVY00000007PmYAI","INVALID_OR_NULL_FOR_RESTRICTED_PICKLIST:Status: bad value for restricted picklist field: Cancelled:Status --","1pgVY00000007PmYAI","Cancelled"
"1pgVY00000007PnYAI","INVALID_OR_NULL_FOR_RESTRICTED_PICKLIST:Status: bad value for restricted picklist field: Cancelled:Status --","1pgVY00000007PnYAI","Cancelled"
"1pgVY00000007PoYAI","INVALID_OR_NULL_FOR_RESTRICTED_PICKLIST:Status: bad value for restricted picklist field: Cancelled:Status --","1pgVY00000007PoYAI","Cancelled"
"1pgVY00000007RJYAY","INVALID_OR_NULL_FOR_RESTRICTED_PICKLIST:Status: bad value for restricted picklist field: Cancelled:Status --","1pgVY00000007RJYAY","Cancelled"
"1pgVY00000007RKYAY","INVALID_OR_NULL_FOR_RESTRICTED_PICKLIST:Status: bad value for restricted picklist field: Cancelled:Status --","1pgVY00000007RKYAY","Cancelled"
"1pgVY00000007RLYAY","INVALID_OR_NULL_FOR_RESTRICTED_PICKLIST:Status: bad value for restricted picklist field: Cancelled:Status --","1pgVY00000007RLYAY","Cancelled"
"1pgVY00000007RMYAY","INVALID_OR_NULL_FOR_RESTRICTED_PICKLIST:Status: bad value for restricted picklist field: Cancelled:Status --","1pgVY00000007RMYAY","Cancelled"
"1pgVY00000007RNYAY","INVALID_OR_NULL_FOR_RESTRICTED_PICKLIST:Status: bad value for restricted picklist field: Cancelled:Status --","1pgVY00000007RNYAY","Cancelled"
"1pgVY00000007ROYAY","INVALID_OR_NULL_FOR_RESTRICTED_PICKLIST:Status: bad value for restricted picklist field: Cancelled:Status --","1pgVY00000007ROYAY","Cancelled"
"1pgVY00000007RPYAY","INVALID_OR_NULL_FOR_RESTRICTED_PICKLIST:Status: bad value for restricted picklist field: Cancelled:Status --","1pgVY00000007RPYAY","Cancelled"
"1pgVY00000007RQYAY","INVALID_OR_NULL_FOR_RESTRICTED_PICKLIST:Status: bad value for restricted picklist field: Cancelled:Status --","1pgVY00000007RQYAY","Cancelled"
"1pgVY00000007SvYAI","INVALID_OR_NULL_FOR_RESTRICTED_PICKLIST:Status: bad value for restricted picklist field: Cancelled:Status --","1pgVY00000007SvYAI","Cancelled"
"1pgVY00000007SwYAI","INVALID_OR_NULL_FOR_RESTRICTED_PICKLIST:Status: bad value for restricted picklist field: Cancelled:Status --","1pgVY00000007SwYAI","Cancelled"
"1pgVY00000007SxYAI","INVALID_OR_NULL_FOR_RESTRICTED_PICKLIST:Status: bad value for restricted picklist field: Cancelled:Status --","1pgVY00000007SxYAI","Cancelled"
"1pgVY00000007SyYAI","INVALID_OR_NULL_FOR_RESTRICTED_PICKLIST:Status: bad value for restricted picklist field: Cancelled:Status --","1pgVY00000007SyYAI","Cancelled"
"1pgVY00000007SzYAI","INVALID_OR_NULL_FOR_RESTRICTED_PICKLIST:Status: bad value for restricted picklist field: Cancelled:Status --","1pgVY00000007SzYAI","Cancelled"
"1pgVY00000007T0YAI","INVALID_OR_NULL_FOR_RESTRICTED_PICKLIST:Status: bad value for restricted picklist field: Cancelled:Status --","1pgVY00000007T0YAI","Cancelled"
"1pgVY00000007UXYAY","INVALID_OR_NULL_FOR_RESTRICTED_PICKLIST:Status: bad value for restricted picklist field: Cancelled:Status --","1pgVY00000007UXYAY","Cancelled"
"1pgVY00000007UYYAY","INVALID_OR_NULL_FOR_RESTRICTED_PICKLIST:Status: bad value for restricted picklist field: Cancelled:Status --","1pgVY00000007UYYAY","Cancelled"
"1pgVY00000007UZYAY","INVALID_OR_NULL_FOR_RESTRICTED_PICKLIST:Status: bad value for restricted picklist field: Cancelled:Status --","1pgVY00000007UZYAY","Cancelled"
"1pgVY00000007UaYAI","INVALID_OR_NULL_FOR_RESTRICTED_PICKLIST:Status: bad value for restricted picklist field: Cancelled:Status --","1pgVY00000007UaYAI","Cancelled"
"1pgVY00000007UbYAI","INVALID_OR_NULL_FOR_RESTRICTED_PICKLIST:Status: bad value for restricted picklist field: Cancelled:Status --","1pgVY00000007UbYAI","Cancelled"
"1pgVY00000007UcYAI","INVALID_OR_NULL_FOR_RESTRICTED_PICKLIST:Status: bad value for restricted picklist field: Cancelled:Status --","1pgVY00000007UcYAI","Cancelled"
"1pgVY00000007UdYAI","INVALID_OR_NULL_FOR_RESTRICTED_PICKLIST:Status: bad value for restricted picklist field: Cancelled:Status --","1pgVY00000007UdYAI","Cancelled"
"1pgVY00000007UeYAI","INVALID_OR_NULL_FOR_RESTRICTED_PICKLIST:Status: bad value for restricted picklist field: Cancelled:Status --","1pgVY00000007UeYAI","Cancelled"
"1pgVY00000007W9YAI","INVALID_OR_NULL_FOR_RESTRICTED_PICKLIST:Status: bad value for restricted picklist field: Cancelled:Status --","1pgVY00000007W9YAI","Cancelled"
"1pgVY00000007WAYAY","INVALID_OR_NULL_FOR_RESTRICTED_PICKLIST:Status: bad value for restricted picklist field: Cancelled:Status --","1pgVY00000007WAYAY","Cancelled"
"1pgVY00000007WBYAY","INVALID_OR_NULL_FOR_RESTRICTED_PICKLIST:Status: bad value for restricted picklist field: Cancelled:Status --","1pgVY00000007WBYAY","Cancelled"
"1pgVY00000007WCYAY","INVALID_OR_NULL_FOR_RESTRICTED_PICKLIST:Status: bad value for restricted picklist field: Cancelled:Status --","1pgVY00000007WCYAY","Cancelled"
"1pgVY00000007WDYAY","INVALID_OR_NULL_FOR_RESTRICTED_PICKLIST:Status: bad value for restricted picklist field: Cancelled:Status --","1pgVY00000007WDYAY","Cancelled"
"1pgVY00000007WEYAY","INVALID_OR_NULL_FOR_RESTRICTED_PICKLIST:Status: bad value for restricted picklist field: Cancelled:Status --","1pgVY00000007WEYAY","Cancelled"
"1pgVY00000007WFYAY","INVALID_OR_NULL_FOR_RESTRICTED_PICKLIST:Status: bad value for restricted picklist field: Cancelled:Status --","1pgVY00000007WFYAY","Cancelled"
"1pgVY00000007WGYAY","INVALID_OR_NULL_FOR_RESTRICTED_PICKLIST:Status: bad value for restricted picklist field: Cancelled:Status --","1pgVY00000007WGYAY","Cancelled"
"1pgVY00000007XlYAI","INVALID_OR_NULL_FOR_RESTRICTED_PICKLIST:Status: bad value for restricted picklist field: Cancelled:Status --","1pgVY00000007XlYAI","Cancelled"
"1pgVY00000007XmYAI","INVALID_OR_NULL_FOR_RESTRICTED_PICKLIST:Status: bad value for restricted picklist field: Cancelled:Status --","1pgVY00000007XmYAI","Cancelled"
"1pgVY00000007XnYAI","INVALID_OR_NULL_FOR_RESTRICTED_PICKLIST:Status: bad value for restricted picklist field: Cancelled:Status --","1pgVY00000007XnYAI","Cancelled"
"1pgVY00000007XoYAI","INVALID_OR_NULL_FOR_RESTRICTED_PICKLIST:Status: bad value for restricted picklist field: Cancelled:Status --","1pgVY00000007XoYAI","Cancelled"
"1pgVY00000007XpYAI","INVALID_OR_NULL_FOR_RESTRICTED_PICKLIST:Status: bad value for restricted picklist field: Cancelled:Status --","1pgVY00000007XpYAI","Cancelled"
"1pgVY00000007XqYAI","INVALID_OR_NULL_FOR_RESTRICTED_PICKLIST:Status: bad value for restricted picklist field: Cancelled:Status --","1pgVY00000007XqYAI","Cancelled"
"1pgVY00000007ZNYAY","INVALID_OR_NULL_FOR_RESTRICTED_PICKLIST:Status: bad value for restricted picklist field: Cancelled:Status --","1pgVY00000007ZNYAY","Cancelled"
"1pgVY00000007ZOYAY","INVALID_OR_NULL_FOR_RESTRICTED_PICKLIST:Status: bad value for restricted picklist field: Cancelled:Status --","1pgVY00000007ZOYAY","Cancelled"
"1pgVY00000007azYAA","INVALID_OR_NULL_FOR_RESTRICTED_PICKLIST:Status: bad value for restricted picklist field: Cancelled:Status --","1pgVY00000007azYAA","Cancelled"
"1pgVY00000007cbYAA","INVALID_OR_NULL_FOR_RESTRICTED_PICKLIST:Status: bad value for restricted picklist field: Cancelled:Status --","1pgVY00000007cbYAA","Cancelled"
"1pgVY00000007eDYAQ","INVALID_OR_NULL_FOR_RESTRICTED_PICKLIST:Status: bad value for restricted picklist field: Cancelled:Status --","1pgVY00000007eDYAQ","Cancelled"
"1pgVY00000007eEYAQ","INVALID_OR_NULL_FOR_RESTRICTED_PICKLIST:Status: bad value for restricted picklist field: Cancelled:Status --","1pgVY00000007eEYAQ","Cancelled"
"1pgVY00000007eFYAQ","INVALID_OR_NULL_FOR_RESTRICTED_PICKLIST:Status: bad value for restricted picklist field: Cancelled:Status --","1pgVY00000007eFYAQ","Cancelled"
"1pgVY00000007eGYAQ","INVALID_OR_NULL_FOR_RESTRICTED_PICKLIST:Status: bad value for restricted picklist field: Cancelled:Status --","1pgVY00000007eGYAQ","Cancelled"
"1pgVY00000007eHYAQ","INVALID_OR_NULL_FOR_RESTRICTED_PICKLIST:Status: bad value for restricted picklist field: Cancelled:Status --","1pgVY00000007eHYAQ","Cancelled"
"1pgVY00000007eIYAQ","INVALID_OR_NULL_FOR_RESTRICTED_PICKLIST:Status: bad value for restricted picklist field: Cancelled:Status --","1pgVY00000007eIYAQ","Cancelled"
"1pgVY00000007eJYAQ","INVALID_OR_NULL_FOR_RESTRICTED_PICKLIST:Status: bad value for restricted picklist field: Cancelled:Status --","1pgVY00000007eJYAQ","Cancelled"
"1pgVY00000007eKYAQ","INVALID_OR_NULL_FOR_RESTRICTED_PICKLIST:Status: bad value for restricted picklist field: Cancelled:Status --","1pgVY00000007eKYAQ","Cancelled"
"1pgVY00000007fpYAA","INVALID_OR_NULL_FOR_RESTRICTED_PICKLIST:Status: bad value for restricted picklist field: Cancelled:Status --","1pgVY00000007fpYAA","Cancelled"
"1pgVY00000007fqYAA","INVALID_OR_NULL_FOR_RESTRICTED_PICKLIST:Status: bad value for restricted picklist field: Cancelled:Status --","1pgVY00000007fqYAA","Cancelled"
"1pgVY00000007frYAA","INVALID_OR_NULL_FOR_RESTRICTED_PICKLIST:Status: bad value for restricted picklist field: Cancelled:Status --","1pgVY00000007frYAA","Cancelled"
"1pgVY00000007fsYAA","INVALID_OR_NULL_FOR_RESTRICTED_PICKLIST:Status: bad value for restricted picklist field: Cancelled:Status --","1pgVY00000007fsYAA","Cancelled"
"1pgVY00000007ftYAA","INVALID_OR_NULL_FOR_RESTRICTED_PICKLIST:Status: bad value for restricted picklist field: Cancelled:Status --","1pgVY00000007ftYAA","Cancelled"
"1pgVY00000007fuYAA","INVALID_OR_NULL_FOR_RESTRICTED_PICKLIST:Status: bad value for restricted picklist field: Cancelled:Status --","1pgVY00000007fuYAA","Cancelled"
"1pgVY00000007hRYAQ","INVALID_OR_NULL_FOR_RESTRICTED_PICKLIST:Status: bad value for restricted picklist field: Cancelled:Status --","1pgVY00000007hRYAQ","Cancelled"
"1pgVY00000007j3YAA","INVALID_OR_NULL_FOR_RESTRICTED_PICKLIST:Status: bad value for restricted picklist field: Cancelled:Status --","1pgVY00000007j3YAA","Cancelled"
"1pgVY00000007j4YAA","INVALID_OR_NULL_FOR_RESTRICTED_PICKLIST:Status: bad value for restricted picklist field: Cancelled:Status --","1pgVY00000007j4YAA","Cancelled"
"1pgVY00000007j5YAA","INVALID_OR_NULL_FOR_RESTRICTED_PICKLIST:Status: bad value for restricted picklist field: Cancelled:Status --","1pgVY00000007j5YAA","Cancelled"
"1pgVY00000007j6YAA","INVALID_OR_NULL_FOR_RESTRICTED_PICKLIST:Status: bad value for restricted picklist field: Cancelled:Status --","1pgVY00000007j6YAA","Cancelled"
"1pgVY00000007j7YAA","INVALID_OR_NULL_FOR_RESTRICTED_PICKLIST:Status: bad value for restricted picklist field: Cancelled:Status --","1pgVY00000007j7YAA","Cancelled"
"1pgVY00000007j8YAA","INVALID_OR_NULL_FOR_RESTRICTED_PICKLIST:Status: bad value for restricted picklist field: Cancelled:Status --","1pgVY00000007j8YAA","Cancelled"
"1pgVY00000007j9YAA","INVALID_OR_NULL_FOR_RESTRICTED_PICKLIST:Status: bad value for restricted picklist field: Cancelled:Status --","1pgVY00000007j9YAA","Cancelled"
"1pgVY00000007jAYAQ","INVALID_OR_NULL_FOR_RESTRICTED_PICKLIST:Status: bad value for restricted picklist field: Cancelled:Status --","1pgVY00000007jAYAQ","Cancelled"
"1pgVY00000007jBYAQ","INVALID_OR_NULL_FOR_RESTRICTED_PICKLIST:Status: bad value for restricted picklist field: Cancelled:Status --","1pgVY00000007jBYAQ","Cancelled"
"1pgVY00000007kfYAA","INVALID_OR_NULL_FOR_RESTRICTED_PICKLIST:Status: bad value for restricted picklist field: Cancelled:Status --","1pgVY00000007kfYAA","Cancelled"
"1pgVY00000007mHYAQ","INVALID_OR_NULL_FOR_RESTRICTED_PICKLIST:Status: bad value for restricted picklist field: Cancelled:Status --","1pgVY00000007mHYAQ","Cancelled"
"1pgVY00000007mIYAQ","INVALID_OR_NULL_FOR_RESTRICTED_PICKLIST:Status: bad value for restricted picklist field: Cancelled:Status --","1pgVY00000007mIYAQ","Cancelled"
"1pgVY00000007mJYAQ","INVALID_OR_NULL_FOR_RESTRICTED_PICKLIST:Status: bad value for restricted picklist field: Cancelled:Status --","1pgVY00000007mJYAQ","Cancelled"
"1pgVY00000007mKYAQ","INVALID_OR_NULL_FOR_RESTRICTED_PICKLIST:Status: bad value for restricted picklist field: Cancelled:Status --","1pgVY00000007mKYAQ","Cancelled"
"1pgVY00000007mLYAQ","INVALID_OR_NULL_FOR_RESTRICTED_PICKLIST:Status: bad value for restricted picklist field: Cancelled:Status --","1pgVY00000007mLYAQ","Cancelled"
"1pgVY00000007mMYAQ","INVALID_OR_NULL_FOR_RESTRICTED_PICKLIST:Status: bad value for restricted picklist field: Cancelled:Status --","1pgVY00000007mMYAQ","Cancelled"
"1pgVY00000007mNYAQ","INVALID_OR_NULL_FOR_RESTRICTED_PICKLIST:Status: bad value for restricted picklist field: Cancelled:Status --","1pgVY00000007mNYAQ","Cancelled"
"1pgVY00000007mOYAQ","INVALID_OR_NULL_FOR_RESTRICTED_PICKLIST:Status: bad value for restricted picklist field: Cancelled:Status --","1pgVY00000007mOYAQ","Cancelled"
"1pgVY00000007ntYAA","INVALID_OR_NULL_FOR_RESTRICTED_PICKLIST:Status: bad value for restricted picklist field: Cancelled:Status --","1pgVY00000007ntYAA","Cancelled"
"1pgVY00000007pVYAQ","INVALID_OR_NULL_FOR_RESTRICTED_PICKLIST:Status: bad value for restricted picklist field: Cancelled:Status --","1pgVY00000007pVYAQ","Cancelled"
"1pgVY00000007pWYAQ","INVALID_OR_NULL_FOR_RESTRICTED_PICKLIST:Status: bad value for restricted picklist field: Cancelled:Status --","1pgVY00000007pWYAQ","Cancelled"
"1pgVY00000007pXYAQ","INVALID_OR_NULL_FOR_RESTRICTED_PICKLIST:Status: bad value for restricted picklist field: Cancelled:Status --","1pgVY00000007pXYAQ","Cancelled"
"1pgVY00000007pYYAQ","INVALID_OR_NULL_FOR_RESTRICTED_PICKLIST:Status: bad value for restricted picklist field: Cancelled:Status --","1pgVY00000007pYYAQ","Cancelled"
"1pgVY00000007pZYAQ","INVALID_OR_NULL_FOR_RESTRICTED_PICKLIST:Status: bad value for restricted picklist field: Cancelled:Status --","1pgVY00000007pZYAQ","Cancelled"
"1pgVY00000007paYAA","INVALID_OR_NULL_FOR_RESTRICTED_PICKLIST:Status: bad value for restricted picklist field: Cancelled:Status --","1pgVY00000007paYAA","Cancelled"
"1pgVY00000007pbYAA","INVALID_OR_NULL_FOR_RESTRICTED_PICKLIST:Status: bad value for restricted picklist field: Cancelled:Status --","1pgVY00000007pbYAA","Cancelled"
"1pgVY00000007pcYAA","INVALID_OR_NULL_FOR_RESTRICTED_PICKLIST:Status: bad value for restricted picklist field: Cancelled:Status --","1pgVY00000007pcYAA","Cancelled"
"1pgVY00000007r7YAA","INVALID_OR_NULL_FOR_RESTRICTED_PICKLIST:Status: bad value for restricted picklist field: Cancelled:Status --","1pgVY00000007r7YAA","Cancelled"
"1pgVY00000007r8YAA","INVALID_OR_NULL_FOR_RESTRICTED_PICKLIST:Status: bad value for restricted picklist field: Cancelled:Status --","1pgVY00000007r8YAA","Cancelled"
"1pgVY00000007r9YAA","INVALID_OR_NULL_FOR_RESTRICTED_PICKLIST:Status: bad value for restricted picklist field: Cancelled:Status --","1pgVY00000007r9YAA","Cancelled"
"1pgVY00000007rAYAQ","INVALID_OR_NULL_FOR_RESTRICTED_PICKLIST:Status: bad value for restricted picklist field: Cancelled:Status --","1pgVY00000007rAYAQ","Cancelled"
"1pgVY00000007rBYAQ","INVALID_OR_NULL_FOR_RESTRICTED_PICKLIST:Status: bad value for restricted picklist field: Cancelled:Status --","1pgVY00000007rBYAQ","Cancelled"
"1pgVY00000007rCYAQ","INVALID_OR_NULL_FOR_RESTRICTED_PICKLIST:Status: bad value for restricted picklist field: Cancelled:Status --","1pgVY00000007rCYAQ","Cancelled"
"1pgVY00000007rDYAQ","INVALID_OR_NULL_FOR_RESTRICTED_PICKLIST:Status: bad value for restricted picklist field: Cancelled:Status --","1pgVY00000007rDYAQ","Cancelled"
"1pgVY00000007rEYAQ","INVALID_OR_NULL_FOR_RESTRICTED_PICKLIST:Status: bad value for restricted picklist field: Cancelled:Status --","1pgVY00000007rEYAQ","Cancelled"
"1pgVY00000007sjYAA","INVALID_OR_NULL_FOR_RESTRICTED_PICKLIST:Status: bad value for restricted picklist field: Cancelled:Status --","1pgVY00000007sjYAA","Cancelled"
"1pgVY00000007uLYAQ","INVALID_OR_NULL_FOR_RESTRICTED_PICKLIST:Status: bad value for restricted picklist field: Cancelled:Status --","1pgVY00000007uLYAQ","Cancelled"
"1pgVY00000007uMYAQ","INVALID_OR_NULL_FOR_RESTRICTED_PICKLIST:Status: bad value for restricted picklist field: Cancelled:Status --","1pgVY00000007uMYAQ","Cancelled"
"1pgVY00000007uNYAQ","INVALID_OR_NULL_FOR_RESTRICTED_PICKLIST:Status: bad value for restricted picklist field: Cancelled:Status --","1pgVY00000007uNYAQ","Cancelled"
"1pgVY00000007uOYAQ","INVALID_OR_NULL_FOR_RESTRICTED_PICKLIST:Status: bad value for restricted picklist field: Cancelled:Status --","1pgVY00000007uOYAQ","Cancelled"
"1pgVY00000007uPYAQ","INVALID_OR_NULL_FOR_RESTRICTED_PICKLIST:Status: bad value for restricted picklist field: Cancelled:Status --","1pgVY00000007uPYAQ","Cancelled"
"1pgVY00000007uQYAQ","INVALID_OR_NULL_FOR_RESTRICTED_PICKLIST:Status: bad value for restricted picklist field: Cancelled:Status --","1pgVY00000007uQYAQ","Cancelled"
"1pgVY00000007uRYAQ","INVALID_OR_NULL_FOR_RESTRICTED_PICKLIST:Status: bad value for restricted picklist field: Cancelled:Status --","1pgVY00000007uRYAQ","Cancelled"
"1pgVY00000007uSYAQ","INVALID_OR_NULL_FOR_RESTRICTED_PICKLIST:Status: bad value for restricted picklist field: Cancelled:Status --","1pgVY00000007uSYAQ","Cancelled"
"1pgVY00000007vxYAA","INVALID_OR_NULL_FOR_RESTRICTED_PICKLIST:Status: bad value for restricted picklist field: Cancelled:Status --","1pgVY00000007vxYAA","Cancelled"
"1pgVY00000007vyYAA","INVALID_OR_NULL_FOR_RESTRICTED_PICKLIST:Status: bad value for restricted picklist field: Cancelled:Status --","1pgVY00000007vyYAA","Cancelled"
"1pgVY00000007vzYAA","INVALID_OR_NULL_FOR_RESTRICTED_PICKLIST:Status: bad value for restricted picklist field: Cancelled:Status --","1pgVY00000007vzYAA","Cancelled"
"1pgVY00000007w0YAA","INVALID_OR_NULL_FOR_RESTRICTED_PICKLIST:Status: bad value for restricted picklist field: Cancelled:Status --","1pgVY00000007w0YAA","Cancelled"
"1pgVY00000007w1YAA","INVALID_OR_NULL_FOR_RESTRICTED_PICKLIST:Status: bad value for restricted picklist field: Cancelled:Status --","1pgVY00000007w1YAA","Cancelled"
"1pgVY00000007w2YAA","INVALID_OR_NULL_FOR_RESTRICTED_PICKLIST:Status: bad value for restricted picklist field: Cancelled:Status --","1pgVY00000007w2YAA","Cancelled"
"1pgVY00000007w3YAA","INVALID_OR_NULL_FOR_RESTRICTED_PICKLIST:Status: bad value for restricted picklist field: Cancelled:Status --","1pgVY00000007w3YAA","Cancelled"
"1pgVY00000007w4YAA","INVALID_OR_NULL_FOR_RESTRICTED_PICKLIST:Status: bad value for restricted picklist field: Cancelled:Status --","1pgVY00000007w4YAA","Cancelled"
"1pgVY000000082PYAQ","INVALID_OR_NULL_FOR_RESTRICTED_PICKLIST:Status: bad value for restricted picklist field: Cancelled:Status --","1pgVY000000082PYAQ","Cancelled"
"1pgVY000000082QYAQ","INVALID_OR_NULL_FOR_RESTRICTED_PICKLIST:Status: bad value for restricted picklist field: Cancelled:Status --","1pgVY000000082QYAQ","Cancelled"
"1pgVY0000000841YAA","INVALID_OR_NULL_FOR_RESTRICTED_PICKLIST:Status: bad value for restricted picklist field: Cancelled:Status --","1pgVY0000000841YAA","Cancelled"
"1pgVY00000008wrYAA","INVALID_OR_NULL_FOR_RESTRICTED_PICKLIST:Status: bad value for restricted picklist field: Cancelled:Status --","1pgVY00000008wrYAA","Cancelled"
"1pgVY00000008wsYAA","INVALID_OR_NULL_FOR_RESTRICTED_PICKLIST:Status: bad value for restricted picklist field: Cancelled:Status --","1pgVY00000008wsYAA","Cancelled"
